Uniprot,Protein,FASTA header,Gene,Amino acid,Site,SILAC2 - Vehicle,SILAC2 - PJ34,SILAC3 - Vehicle,SILAC3 - PJ34,SILAC4 - Vehicle,LFQ4 - Veh - unstim,LFQ4 - Veh - LPS,LFQ4 - PJ34 - unstim.,LFQ4 - PJ34 - LPS,LFQ5 - Veh - unstim,LFQ5 - Veh - LPS,LFQ5 - PJ35 - unstim.,LFQ5 - PJ35 - LPS
Q7Z7G0,TARSH,Target of Nesh-SH3,ABI3BP,S,110,,,,,,,,,Y,,,,
P49748,ACADV,"Very long-chain specific acyl-CoA dehydrogenase, mitochondrial",ACADVL,S,21,,,,,,Y,,,,,,,
Q4AC99,1A1L2,Probable inactive 1-aminocyclopropane-1-carboxylate synthase-like protein 2,ACCSL,S,2,,,,,,,,,,Y,,,
Q4AC99,1A1L2,Probable inactive 1-aminocyclopropane-1-carboxylate synthase-like protein 2,ACCSL,S,5,,,,,,,,,,Y,,,
Q4AC99,1A1L2,Probable inactive 1-aminocyclopropane-1-carboxylate synthase-like protein 2,ACCSL,T,7,,,,,,,,,,Y,,,
Q9UKU0,ACSL6,Long-chain-fatty-acid--CoA ligase 6,ACSL6,T,549,,,,,,Y,,,,,,,
P60709,ACTB,"Actin, cytoplasmic 1",ACTB,S,14,,,,,,,,,,,Y,,
Q08043,ACTN3,Alpha-actinin-3,ACTN3,T,244,,,,,,,,,Y,,,,
O43184,ADA12,Disintegrin and metalloproteinase domain-containing protein 12,ADAM12,T,740,,,,,,,Y,,,Y,Y,,Y
P55265,DSRAD,HUMAN Double-stranded RNA-specific adenosine deaminase,ADAR,T,191,,,,Y,,,,,,,,,
Q8WXG9,AGRV1,Adhesion G-protein coupled receptor V1,ADGRV1,S,530,,,,,,Y,,,,,,,
Q8WXG9,AGRV1,Adhesion G-protein coupled receptor V1,ADGRV1,S,531,,,,,,Y,,,,,,,
Q8WXG9,AGRV1,Adhesion G-protein coupled receptor V1,ADGRV1,S,540,,,,,,Y,,,,,,,
Q8WXG9,AGRV1,HUMAN Adhesion G-protein coupled receptor V1,ADGRV1,T,170,,,,Y,,,,,,,,,
Q9BSE5,SPEB,"Agmatinase, mitochondrial",AGMAT,S,7,,,,,,,,,Y,,,,
Q9UL18,AGO1,HUMAN Protein argonaute-1,AGO1,T,283,Y,,,,,,,,,,,,
Q9UL18,AGO1,HUMAN Protein argonaute-1,AGO1,Y,277,Y,,,,,,,,,,,,
Q5TGY3,AHDC1,AT-hook DNA-binding motif-containing protein 1,AHDC1,S,1403,,,,,,Y,,,,,,,
Q5TGY3,AHDC1,AT-hook DNA-binding motif-containing protein 1,AHDC1,T,1401,,,,,,Y,,,,,,,
Q5TGY3,AHDC1,AT-hook DNA-binding motif-containing protein 1,AHDC1,T,1405,,,,,,Y,,,,,,,
Q8TCU4,ALMS1,Alstrom syndrome protein 1,ALMS1,S,3547,,,,,,,,,,,,,Y
Q9UJX6,ANC2,Anaphase-promoting complex subunit 2,ANAPC2,S,697,,,,,,Y,Y,,,,,Y,
Q6UB99,ANR11,Ankyrin repeat domain-containing protein 11,ANKRD11,S,731,,,,,,Y,,,,,,,
Q9BYT9,ANO3,Anoctamin-3,ANO3,S,10,,,,,,,Y,,,,,,
P58335,ANTR2,Anthrax toxin receptor 2,ANTXR2,S,6,,,,,,,,,,Y,,,
O14727,APAF,Apoptotic protease-activating factor 1,APAF1,T,604,,,,,,,,,,,,Y,
Q9NZN5,ARHGC,HUMAN Rho guanine nucleotide exchange factor 12,ARHGEF12,S,599,,,,Y,,,,,,,,,
Q92974,ARHG2,Rho guanine nucleotide exchange factor 2,ARHGEF2,T,679,,,,,,,,,,,,,Y
Q8N8R7,AL14E,HUMAN ARL14 effector protein,ARL14EP,S,6,,,,Y,,,,,,,,,
Q96NS5,ASB16,Ankyrin repeat and SOCS box protein 16,ASB16,T,109,,,,,,,,Y,,,,,
Q96NS5,ASB16,Ankyrin repeat and SOCS box protein 16,ASB16,T,112,,,,,,,,Y,,,,,
O75129,ASTN2,Astrotactin-2,ASTN2,S,1179,,,,,,,,Y,,,,,
O75129,ASTN2,Astrotactin-2,ASTN2,T,1185,,,,,,,,Y,,,,,
Q9NVI7,ATD3A,ATPase family AAA domain-containing protein 3A,ATAD3A,T,546,,,,,,,,,Y,,,,
Q96QE3,ATAD5,HUMAN ATPase family AAA domain-containing protein 5,ATAD5,S,1625,,,,Y,,,,,,,,,
P17544,ATF7,Cyclic AMP-dependent transcription factor ATF-7,ATF7,T,156,,,,,,,,,,,Y,,
P17544,ATF7,Cyclic AMP-dependent transcription factor ATF-7,ATF7,T,158,,,,,,,,,,,Y,,
Q8WYN0,ATG4A,HUMAN Cysteine protease ATG4A,ATG4A,Y,111,,,Y,,,,,,,,,,
O60909,B4GT2,"HUMAN Beta-1,4-galactosyltransferase 2",B4GALT2,T,325,,,,Y,,,,,,,,,
O60909,B4GT2,"HUMAN Beta-1,4-galactosyltransferase 2",B4GALT2,T,330,,,,Y,,,,,,,,,
Q9P281,BAHC1,BAH and coiled-coil domain-containing protein 1,BAHCC1,T,1590,,,,,,,,Y,,,,,
Q9P281,BAHC1,BAH and coiled-coil domain-containing protein 1,BAHCC1,T,1601,,,,,,,,Y,,,,,
Q6ZT62,BGIN,Bargin,BARGIN,S,86,,,,,,,,,,,,Y,
Q6ZT62,BGIN,Bargin,BARGIN,T,87,,,,,,,,,,,,Y,
Q9UIG0,BAZ1B,Tyrosine-protein kinase BAZ1B,BAZ1B,S,417,,,,,,,,Y,,,,,
Q9UIG0,BAZ1B,Tyrosine-protein kinase BAZ1B,BAZ1B,S,421,,,,,,,,Y,,,,,
Q9UIG0,BAZ1B,Tyrosine-protein kinase BAZ1B,BAZ1B,S,423,,,,,,,,Y,,,,,
O15382,BCAT2,"Branched-chain-amino-acid aminotransferase, mitochondrial",BCAT2,S,138,,,,,,,,Y,,,,,
Q6ZU67,BEND4,BEN domain-containing protein 4,BEND4,S,13,,,,,,Y,,Y,,,,,
C9JSJ3,BHMG1,Basic helix-loop-helix and HMG box domain-containing protein 1,BHMG1,S,567,,,,,,,,,,,,,Y
C9JSJ3,BHMG1,Basic helix-loop-helix and HMG box domain-containing protein 1,BHMG1,T,568,,,,,,,,,,,,,Y
Q8N8U9,BMPER,HUMAN BMP-binding endothelial regulator protein,BMPER,T,78,,,Y,,,,,,,,,,
Q14692,BMS1,HUMAN Ribosome biogenesis protein BMS1 homolog,BMS1,S,396,,,Y,,,,,,,,,,
Q14692,BMS1,HUMAN Ribosome biogenesis protein BMS1 homolog,BMS1,S,398,,,Y,,,,,,,,,,
Q8NFC6,BD1L1,Biorientation of chromosomes in cell division protein 1-like 1,BOD1L1,S,635,,,,,,Y,Y,,,,,,
Q8NFC6,BD1L1,Biorientation of chromosomes in cell division protein 1-like 1,BOD1L1,S,637,,,,,,Y,Y,,,,,,
O14599,VCY2,HUMAN Testis-specific basic protein Y 2,BPY2,T,3,Y,,,,,,,,,,,,
Q58F21,BRDT,HUMAN Bromodomain testis-specific protein,BRDT,S,562,,Y,,,,,,,,,,,
Q9Y2F9,BTBD3,BTB/POZ domain-containing protein 3,BTBD3,T,21,,,,,,,,,,,,Y,
Q8IYJ2,CJ067,"Uncharacterized protein C10orf67, mitochondrial",C10orf67,S,237,,,,,,Y,,,,,,,
Q8IYJ2,CJ067,"Uncharacterized protein C10orf67, mitochondrial",C10orf67,S,247,,,,,,,,,,,Y,,
Q69YU5,CL073,Uncharacterized protein C12orf73,C12orf73,T,37,,,,,,,,Y,,,,,
Q8NAA6,CO053,Uncharacterized protein C15orf53,C15orf53,S,33,,,,,,,,,,Y,,,
Q8NAA6,CO053,Uncharacterized protein C15orf53,C15orf53,S,34,,,,,,,,,,Y,,,
Q5SVJ3,CA100,Uncharacterized protein C1orf100,C1orf100,S,118,,,,,,,,,,,,,Y
Q5SVJ3,CA100,Uncharacterized protein C1orf100,C1orf100,T,116,,,,,,,,,,,,,Y
P04003,C4BPA,HUMAN C4b-binding protein alpha chain,C4BPA,S,8,,,Y,,,,,,,,,,
Q96LT7,CI072,Guanine nucleotide exchange C9orf72,C9orf72,T,250,,,,,,,,,,,,Y,
P27708,PYR1,CAD protein,CAD,T,504,,,,,,,Y,,,,,,
P27708,PYR1,CAD protein,CAD,T,512,,,,,,,Y,,,,,,
Q8NFZ8,CADM4,Cell adhesion molecule 4,CADM4,T,357,,,,,,,,,,,Y,,
Q7Z624,CMKMT,Calmodulin-lysine N-methyltransferase,CAMKMT,T,177,,,,,,Y,,,,,,,
Q5EG05,CAR16,Caspase recruitment domain-containing protein 16,CARD16,T,49,,,,,,Y,,,,,,,
Q8N350,CBARP,HUMAN Voltage-dependent calcium channel beta subunit-associated regulatory protein,CBARP,S,378,,,,Y,,,,,,,,,
Q8TBZ0,CC110,HUMAN Coiled-coil domain-containing protein 110,CCDC110,S,817,Y,,,,,,,,,,,,
Q8N715,CC185,Coiled-coil domain-containing protein 185,CCDC185,T,240,,,,,,Y,,,,,,,
O15467,CCL16,HUMAN C-C motif chemokine 16,CCL16,S,102,,,,,Y,,,,,,,,
O15467,CCL16,HUMAN C-C motif chemokine 16,CCL16,T,103,,,,,Y,,,,,,,,
Q9NPC3,CIP1,HUMAN E3 ubiquitin-protein ligase CCNB1IP1,CCNB1IP1,S,145,,,Y,,,,,,,,,,
Q8WWL7,CCNB3,HUMAN G2/mitotic-specific cyclin-B3,CCNB3,S,10,,,,Y,,,,,,,,,
Q93033,IGSF2,Immunoglobulin superfamily member 2,CD101,S,799,,,,,,,,Y,,,,,
Q93033,IGSF2,Immunoglobulin superfamily member 2,CD101,T,802,,,,,,,,Y,,,,,
Q496F6,CLM2,HUMAN CMRF35-like molecule 2,CD300E,T,132,,,,Y,,,,,,,,,
Q496F6,CLM2,HUMAN CMRF35-like molecule 2,CD300E,T,133,,,,Y,,,,,,,,,
Q496F6,CLM2,HUMAN CMRF35-like molecule 2,CD300E,Y,126,,,,Y,,,,,,,,,
Q13042,CDC16,HUMAN Cell division cycle protein 16 homolog,CDC16,S,255,,,,Y,,,,,,,,,
Q13042,CDC16,HUMAN Cell division cycle protein 16 homolog,CDC16,T,254,,,,Y,,,,,,,,,
O60508,PRP17,HUMAN Pre-mRNA-processing factor 17,CDC40,Y,377,Y,,,,,,,,,,,,
Q9Y5S2,MRCKB,Serine/threonine-protein kinase MRCK beta,CDC42BPB,S,851,,,,,,,,,,Y,,,
Q9Y5S2,MRCKB,Serine/threonine-protein kinase MRCK beta,CDC42BPB,S,852,,,,,,,,,,Y,,,
Q9Y5S2,MRCKB,Serine/threonine-protein kinase MRCK beta,CDC42BPB,S,853,,,,,,,,,,Y,,,
P06493,CDK1,Cyclin-dependent kinase 1,CDK1,T,14,,,,,,,,Y,,,,,
Q15078,CD5R1,Cyclin-dependent kinase 5 activator 1,CDK5R1,S,147,,,,,,,,Y,,,,,
Q15078,CD5R1,Cyclin-dependent kinase 5 activator 1,CDK5R1,S,149,,,,,,,,Y,,,,,
Q15078,CD5R1,Cyclin-dependent kinase 5 activator 1,CDK5R1,T,148,,,,,,,,Y,,,,,
Q03188,CENPC,Centromere protein C,CENPC,S,126,,,,,,,,Y,,,,,
Q03188,CENPC,Centromere protein C,CENPC,T,123,,,,,,,,Y,,,,,
Q02224,CENPE,HUMAN Centromere-associated protein E,CENPE,S,2135,,,,Y,,,,,,,,,
Q02224,CENPE,Centromere-associated protein E,CENPE,T,1492,,,,,,,Y,,,,,,
P49454,CENPF,Centromere protein F,CENPF,S,600,,,,,,,,,,,,,Y
A8MT69,CENPX,Centromere protein X,CENPX,S,8,,,,,,,Y,,,,,,
O15078,CE290,HUMAN Centrosomal protein of 290 kDa,CEP290,T,2126,,,,Y,,,,,,,,,
Q9C0D2,CE295,Centrosomal protein of 295 kDa,CEP295,T,732,,,,,,Y,,,,,,,
Q5SZL2,CE85L,Centrosomal protein of 85 kDa-like,CEP85L,S,351,,,,,,,,,Y,,,,
Q5SZL2,CE85L,Centrosomal protein of 85 kDa-like,CEP85L,T,669,,,,,,,,,,Y,,Y,
Q96N23,CFA54,HUMAN Cilia- and flagella-associated protein 54,CFAP54,S,468,Y,,,,,,,,,,,,
Q96N23,CFA54,HUMAN Cilia- and flagella-associated protein 54,CFAP54,T,467,Y,,,,,,,,,,,,
P23528,COF1,Cofilin-1,CFL1,S,3,,,,,,,,,,Y,,,
P23528,COF1,Cofilin-1,CFL1,S,8,,,,,,,,,Y,,,,
Q9P2D1,CHD7,Chromodomain-helicase-DNA-binding protein 7,CHD7,S,2533,,,,,,,,Y,,,,,
Q9P2D1,CHD7,Chromodomain-helicase-DNA-binding protein 7,CHD7,T,2532,,,,,,,,Y,,,,,
Q9BWS9,CHID1,HUMAN Chitinase domain-containing protein 1,CHID1,S,107,,,Y,,,,,,,,,,
Q9BWS9,CHID1,HUMAN Chitinase domain-containing protein 1,CHID1,T,104,,,Y,,,,,,,,,,
Q86X52,CHSS1,Chondroitin sulfate synthase 1,CHSY1,T,248,,,,,,,Y,,,,,,
Q86X95,CIR1,Corepressor interacting with RBPJ 1,CIR1,S,33,,,,,,,,Y,,,,,
Q9NSE2,CISH,Cytokine-inducible SH2-containing protein,CISH,S,26,,,,,,,,,,,,Y,
Q07065,CKAP4,Cytoskeleton-associated protein 4,CKAP4,T,569,,,,,,,Y,,,,,,
P12532,KCRU,"Creatine kinase U-type, mitochondrial",CKMT1A,S,151,,,,,,,,Y,,,,,
P12532,KCRU,"Creatine kinase U-type, mitochondrial",CKMT1A,S,161,,,,,,,,Y,,,,,
P12532,KCRU,"Creatine kinase U-type, mitochondrial",CKMT1A,S,162,,,,,,,,Y,,,,,
Q7Z460,CLAP1,CLIP-associating protein 1,CLASP1,S,158,,,,,,,,,,Y,Y,Y,Y
Q7Z460,CLAP1,CLIP-associating protein 1,CLASP1,S,166,,,,,,,,,,,,,Y
Q7Z460,CLAP1,CLIP-associating protein 1,CLASP1,T,162,,,,,,,,,,,Y,,Y
Q7Z460,CLAP1,CLIP-associating protein 1,CLASP1,T,164,,,,,,,,,,Y,,Y,Y
Q8N3K9,CMYA5,Cardiomyopathy-associated protein 5,CMYA5,T,2446,,,,,,,,,,,Y,,
Q96KP4,CNDP2,HUMAN Cytosolic non-specific dipeptidase,CNDP2,S,299,,,,,Y,,,,,,,,
P09543,CN37,"2',3'-cyclic-nucleotide 3'-phosphodiesterase",CNP,S,22,,,,,,Y,Y,Y,,,,,
P09543,CN37,"2',3'-cyclic-nucleotide 3'-phosphodiesterase",CNP,S,23,,,,,,Y,Y,Y,,,,,
P09543,CN37,"2',3'-cyclic-nucleotide 3'-phosphodiesterase",CNP,S,24,,,,,,Y,Y,Y,,,,,
Q9NXG0,CNTLN,Centlein,CNTLN,S,703,,,,,,,,,,,Y,,
Q8N137,CNTRB,Centrobin,CNTROB,T,601,,,,,,,,Y,,,,,
P38432,COIL,HUMAN Coilin,COIL,S,43,,,,Y,,,,,,,,,
P38432,COIL,HUMAN Coilin,COIL,T,39,,,,Y,,,,,,,,,
Q6QEF8,CORO6,HUMAN Coronin-6,CORO6,T,350,,,Y,,,,,,,,,,
P00450,CERU,Ceruloplasmin,CP,T,551,,,,,,,,,,,Y,,
Q8IYJ1,CPNE9,Copine-9,CPNE9,S,7,,,,,,,,,,,Y,,
P31327,CPSM,"Carbamoyl-phosphate synthase [ammonia], mitochondrial",CPS1,S,1261,,,,,,,Y,,,,,,
Q9UKF6,CPSF3,Cleavage and polyadenylation specificity factor subunit 3,CPSF3,S,378,,,,,,,,,,,Y,,
Q9BSW2,EFC4B,EF-hand calcium-binding domain-containing protein 4B,CRACR2A,S,357,,,,,,,,,,,,Y,
Q9BSW2,EFC4B,EF-hand calcium-binding domain-containing protein 4B,CRACR2A,T,355,,,,,,,,,,,,,Y
O75462,CRLF1,Cytokine receptor-like factor 1,CRLF1,S,398,,,,,,Y,,,Y,,,,
O75462,CRLF1,Cytokine receptor-like factor 1,CRLF1,T,401,,,,,,Y,,,Y,,,,
Q6PD62,CTR9,RNA polymerase-associated protein CTR9 homolog,CTR9,S,794,,,,,,,,,,,,Y,
Q14999,CUL7,Cullin-7,CUL7,S,1614,,,,,,,,,,,,,Y
Q14999,CUL7,Cullin-7,CUL7,S,1617,,,,,,,,,,,,,Y
Q14999,CUL7,Cullin-7,CUL7,S,1618,,,,,,,,,,,,,Y
Q14999,CUL7,Cullin-7,CUL7,T,1619,,,,,,,,,,,,,Y
Q86X51,CX067,HUMAN Uncharacterized protein CXorf67,CXorf67,S,175,,,Y,,,,,,,,,,
P15538,C11B1,"HUMAN Cytochrome P450 11B1, mitochondrial",CYP11B1,T,248,,,,Y,,,,,,,,,
P05177,CP1A2,HUMAN Cytochrome P450 1A2,CYP1A2,T,498,,,,Y,,,,,,,,,
Q5VU92,DC121,HUMAN DDB1- and CUL4-associated factor 12-like protein 1,DCAF12L1,T,216,,,Y,,,,,,,,,,
Q9Y2R4,DDX52,Probable ATP-dependent RNA helicase DDX52,DDX52,S,421,,,,,,,,,,,Y,,
Q8IV53,DEN1C,HUMAN DENN domain-containing protein 1C,DENND1C,S,180,,,,Y,,,,,,,,,
Q5KSL6,DGKK,HUMAN Diacylglycerol kinase kappa,DGKK,S,200,,,Y,,,,,,,,,,
Q96LJ7,DHRS1,HUMAN Dehydrogenase/reductase SDR family member 1,DHRS1,Y,35,Y,,,,,,,,,,,,
Q6IAN0,DRS7B,Dehydrogenase/reductase SDR family member 7B,DHRS7B,T,6,,,,,,,,,,,,,Y
Q7Z478,DHX29,ATP-dependent RNA helicase DHX29,DHX29,S,634,,,,,,,,,,,,,Y
Q7Z478,DHX29,ATP-dependent RNA helicase DHX29,DHX29,S,637,,,,,,,,,,,,,Y
Q7L7V1,DHX32,Putative pre-mRNA-splicing factor ATP-dependent RNA helicase DHX32,DHX32,S,11,,,,,,Y,Y,,,,,,
Q7L7V1,DHX32,Putative pre-mRNA-splicing factor ATP-dependent RNA helicase DHX32,DHX32,S,12,,,,,,Y,Y,,,,,,
Q7L7V1,DHX32,Putative pre-mRNA-splicing factor ATP-dependent RNA helicase DHX32,DHX32,S,13,,,,,,Y,Y,,,,,,
Q9BTC0,DIDO1,Death-inducer obliterator 1,DIDO1,S,451,,,,,,,,Y,,,,,
P09622,DLDH,"Dihydrolipoyl dehydrogenase, mitochondrial",DLD,T,431,,,,,,,,,,Y,,,
P09622,DLDH,"Dihydrolipoyl dehydrogenase, mitochondrial",DLD,T,435,,,,,,,,,,Y,,,
Q15398,DLGP5,HUMAN Disks large-associated protein 5,DLGAP5,S,148,,,Y,,,,,,,,,,
Q15398,DLGP5,HUMAN Disks large-associated protein 5,DLGAP5,S,149,,,Y,,,,,,,,,,
P11532,DMD,Dystrophin,DMD,T,465,,,,,,,,Y,,,,,
Q9UI17,M2GD,"HUMAN Dimethylglycine dehydrogenase, mitochondrial",DMGDH,T,503,,,Y,Y,,,,,,,,,
Q96DT5,DYH11,"HUMAN Dynein heavy chain 11, axonemal",DNAH11,Y,2563,,,,Y,,,,,,,,,
P31689,DNJA1,DnaJ homolog subfamily A member 1,DNAJA1,S,335,,,,,,,,,Y,,,,
P25685,DNJB1,DnaJ homolog subfamily B member 1,DNAJB1,T,307,,,,,,,,,,,,,Y
Q6XZF7,DNMBP,Dynamin-binding protein,DNMBP,S,584,,,,,,,,,,,Y,,
Q14183,DOC2A,Double C2-like domain-containing protein alpha,DOC2A,S,226,,,,,,,,,,,,Y,
Q14183,DOC2A,Double C2-like domain-containing protein alpha,DOC2A,S,233,,,,,,,,,,,,Y,
Q8NF50,DOCK8,Dedicator of cytokinesis protein 8,DOCK8,S,1321,,,,,,,,,,,Y,,
Q8NF50,DOCK8,Dedicator of cytokinesis protein 8,DOCK8,T,1322,,,,,,,,,,,Y,,
Q9BZ29,DOCK9,Dedicator of cytokinesis protein 9,DOCK9,S,351,,,,,,,,,,Y,,,
Q9BZ29,DOCK9,Dedicator of cytokinesis protein 9,DOCK9,S,352,,,,,,,,,,Y,,,
Q8N608,DPP10,Inactive dipeptidyl peptidase 10,DPP10,S,131,,,,,,,Y,,,,,,
Q8N608,DPP10,Inactive dipeptidyl peptidase 10,DPP10,S,133,,,,,,,Y,,,,,,
Q6ZN68,D19P2,Putative C-mannosyltransferase DPY19L2P2,DPY19L2P2,T,247,,,,,,,,,,,Y,,
P15924,DESP,Desmoplakin,DSP,T,1557,,,,,,,,,,,,,Y
P15924,DESP,HUMAN Desmoplakin,DSP,T,564,,,,,Y,,,,,,,,
Q9UNI6,DUS12,HUMAN Dual specificity protein phosphatase 12,DUSP12,S,335,,,Y,,,,,,,,,,
Q14204,DYHC1,Cytoplasmic dynein 1 heavy chain 1,DYNC1H1,S,4603,,,,,,Y,Y,Y,,,,,Y
Q14204,DYHC1,Cytoplasmic dynein 1 heavy chain 1,DYNC1H1,T,4606,,,,,,Y,Y,,,,,,
Q14204,DYHC1,Cytoplasmic dynein 1 heavy chain 1,DYNC1H1,T,4614,,,,,,Y,Y,Y,,,,,Y
Q8NCM8,DYHC2,HUMAN Cytoplasmic dynein 2 heavy chain 1,DYNC2H1,S,3832,,,,Y,,,,,,,,,
Q15075,EEA1,Early endosome antigen 1,EEA1,S,98,,,,,,,,,,Y,,,
P68104,EF1A1,Elongation factor 1-alpha 1,EEF1A1,T,6,,,,,,,,Y,,,,,
O75071,EFC14,EF-hand calcium-binding domain-containing protein 14,EFCAB14,S,362,,,,,,,,,,,Y,,
O75071,EFC14,EF-hand calcium-binding domain-containing protein 14,EFCAB14,S,363,,,,,,,,,,,Y,,
Q06889,EGR3,Early growth response protein 3,EGR3,S,289,,,,,,Y,,,,,,,
Q06889,EGR3,Early growth response protein 3,EGR3,T,293,,,,,,Y,,,,,,,
Q2VIR3,IF2GL,Eukaryotic translation initiation factor 2 subunit 3B,EIF2S3B,S,252,,,,,,,,,Y,,,,
Q2VIR3,IF2GL,Eukaryotic translation initiation factor 2 subunit 3B,EIF2S3B,T,251,,,,,,,,,Y,,,,
O15372,EIF3H,Eukaryotic translation initiation factor 3 subunit H,EIF3H,S,161,,,,,,,Y,,,,,,
O15372,EIF3H,Eukaryotic translation initiation factor 3 subunit H,EIF3H,S,163,,,,,,,Y,,,,,,
O15372,EIF3H,Eukaryotic translation initiation factor 3 subunit H,EIF3H,T,170,,,,,,,Y,,,,,,
Q9NRA8,4ET,HUMAN Eukaryotic translation initiation factor 4E transporter,EIF4ENIF1,S,414,Y,,,,,,,,,,,,
Q9NRA8,4ET,HUMAN Eukaryotic translation initiation factor 4E transporter,EIF4ENIF1,S,415,Y,,,,,,,,,,,,
P78344,IF4G2,Eukaryotic translation initiation factor 4 gamma 2,EIF4G2,T,508,,,,,,,,,Y,,,,
Q15056,IF4H,Eukaryotic translation initiation factor 4H,EIF4H,S,150,,,,,,,,Y,,,,,
Q15056,IF4H,Eukaryotic translation initiation factor 4H,EIF4H,S,156,,,,,,,,Y,,,,,
Q9BXX0,EMIL2,EMILIN-2,EMILIN2,S,375,,,,,,,,,,Y,,,
Q9BXX0,EMIL2,EMILIN-2,EMILIN2,T,374,,,,,,,,,,Y,,,
Q9HC35,EMAL4,HUMAN Echinoderm microtubule-associated protein-like 4,EML4,S,196,,,,,Y,,,,,,,,
Q9HC35,EMAL4,HUMAN Echinoderm microtubule-associated protein-like 4,EML4,S,200,,,,,Y,,,,,,,,
Q9HC35,EMAL4,HUMAN Echinoderm microtubule-associated protein-like 4,EML4,T,201,,,,,Y,,,,,,,,
Q99814,EPAS1,Endothelial PAS domain-containing protein 1,EPAS1,S,11,,,,,,,Y,,,,,,
Q9UBC2,EP15R,HUMAN Epidermal growth factor receptor substrate 15-like 1,EPS15L1,T,776,,,,Y,,,,,,,,,
Q9NZ08,ERAP1,HUMAN Endoplasmic reticulum aminopeptidase 1,ERAP1,T,829,,,,Y,,,,,,,,,
Q9NZ08,ERAP1,HUMAN Endoplasmic reticulum aminopeptidase 1,ERAP1,T,837,,,,Y,,,,,,,,,
P28715,ERCC5,HUMAN DNA repair protein complementing XP-G cells,ERCC5,S,341,,,,Y,,,,,,,,,
Q5T890,ER6L2,DNA excision repair protein ERCC-6-like 2,ERCC6L2,S,1393,,,,,,,,Y,,,,,
Q5T890,ER6L2,DNA excision repair protein ERCC-6-like 2,ERCC6L2,T,1390,,,,,,,,Y,,,,,
Q5T890,ER6L2,DNA excision repair protein ERCC-6-like 2,ERCC6L2,T,1392,,,,,,,,Y,,,,,
Q96RQ1,ERGI2,Endoplasmic reticulum-Golgi intermediate compartment protein 2,ERGIC2,S,11,,,,,,,,,Y,,,,
Q96RQ1,ERGI2,Endoplasmic reticulum-Golgi intermediate compartment protein 2,ERGIC2,T,9,,,,,,,,,Y,,,,
Q96PL5,ERMAP,Erythroid membrane-associated protein,ERMAP,T,241,,,,,,,,,,Y,,,
Q96PL5,ERMAP,Erythroid membrane-associated protein,ERMAP,T,246,,,,,,,,,,Y,,,
Q9NX05,F120C,Constitutive coactivator of PPAR-gamma-like protein 2,FAM120C,T,206,,,,,,,,,,,,Y,
Q8IXR5,F178B,Protein FAM178B,FAM178B,S,73,,,,,,,,,,,,Y,Y
Q8NA70,FA47B,Protein FAM47B,FAM47B,S,563,,,,,,Y,,,Y,,,,
Q9NUQ9,FA49B,Protein FAM49B,FAM49B,T,315,,,,,,,,,,,Y,,
Q6L9T8,FA72D,HUMAN Protein FAM72D,FAM72D,S,117,,,,,Y,,,,,,,,
Q6L9T8,FA72D,HUMAN Protein FAM72D,FAM72D,T,118,,,,,Y,,,,,,,,
Q9Y2M0,FAN1,Fanconi-associated nuclease 1,FAN1,S,534,,,,,,,,,Y,,,,
Q9Y4F1,FARP1,"HUMAN FERM, ARHGEF and pleckstrin domain-containing protein 1",FARP1,T,9,,,,Y,,,,,,,,,
Q8NEE6,DRC6,HUMAN Dynein regulatory complex subunit 6,FBXL13,S,478,,,Y,,,,,,,,,,
A0AVI2,FR1L5,Fer-1-like protein 5,FER1L5,T,1647,,,,,,,,,,,,,Y
A0AVI2,FR1L5,Fer-1-like protein 5,FER1L5,T,1649,,,,,,,,,,,,,Y
Q6ZV73,FGD6,"HUMAN FYVE, RhoGEF and PH domain-containing protein 6",FGD6,S,62,,,Y,,,,,,,,,,
Q6ZV73,FGD6,"HUMAN FYVE, RhoGEF and PH domain-containing protein 6",FGD6,T,61,,,Y,,,,,,,,,,
Q96PY5,FMNL2,Formin-like protein 2,FMNL2,T,742,,,,,,,,,,,,Y,
Q8TF40,FNIP1,Folliculin-interacting protein 1,FNIP1,S,487,,,,,,,,,,Y,,,
Q8TF40,FNIP1,Folliculin-interacting protein 1,FNIP1,S,489,,,,,,,,,,Y,,,
Q86XX4,FRAS1,HUMAN Extracellular matrix protein FRAS1,FRAS1,T,3648,,,Y,,,,,,,,,,
Q14331,FRG1,Protein FRG1,FRG1,S,5,,,,,,,,,Y,,,,
Q16658,FSCN1,Fascin,FSCN1,S,350,,,,,,Y,,,,,,,
Q16658,FSCN1,Fascin,FSCN1,T,346,,,,,,Y,,,,,,,
Q5CZC0,FSIP2,Fibrous sheath-interacting protein 2,FSIP2,T,3423,,,,,,,,Y,,,,,
Q8IY81,SPB1,pre-rRNA processing protein FTSJ3,FTSJ3,S,26,,,,,,,,,,,,,Y
Q8IY81,SPB1,pre-rRNA processing protein FTSJ3,FTSJ3,S,28,,,,,,,,,,,,,Y
P35637,FUS,RNA-binding protein FUS,FUS,T,326,,,,,,,,,,,,,Y
Q7Z4T8,GLTL5,Inactive polypeptide N-acetylgalactosaminyltransferase-like protein 5,GALNTL5,T,263,,,,,,,Y,,,,,,
O43903,GAS2,HUMAN Growth arrest-specific protein 2,GAS2,Y,231,,,Y,,,,,,,,,,
Q86YP4,P66A,Transcriptional repressor p66-alpha,GATAD2A,T,564,,,,,,,,Y,,,,,
Q9BZD3,GCOM2,Putative GRINL1B complex locus protein 2,GCOM2,T,289,,,,,,,,Y,,,,,
Q8TEQ6,GEMI5,HUMAN Gem-associated protein 5,GEMIN5,T,838,,,Y,,,,,,,,,,
Q9GZZ7,GFRA4,GDNF family receptor alpha-4,GFRA4,S,44,,,,,,,,,,,,,Y
Q8NHV1,GIMA7,GTPase IMAP family member 7,GIMAP7,S,51,,,,,,,,,Y,,,,
Q4G1C9,GRPL2,GLIPR1-like protein 2,GLIPR1L2,S,15,,,,,,,,,,Y,,,
Q9NVN8,GNL3L,Guanine nucleotide-binding protein-like 3-like protein,GNL3L,S,279,,,,,,,,,,,Y,Y,
Q08378,GOGA3,Golgin subfamily A member 3,GOLGA3,S,983,,,,,,Y,Y,Y,Y,,,,
Q08378,GOGA3,Golgin subfamily A member 3,GOLGA3,T,986,,,,,,,,,,,Y,,
P28161,GSTM2,Glutathione S-transferase Mu 2,GSTM2,T,67,,,,,,,Y,,,,,,
Q86UP8,GTD2A,General transcription factor II-I repeat domain-containing protein 2A,GTF2IRD2,S,934,,,,,,,,,,,Y,,Y
Q02846,GUC2D,HUMAN Retinal guanylyl cyclase 1,GUCY2D,T,814,Y,,,,,,,,,,,,
Q9P035,HACD3,Very-long-chain (3R)-3-hydroxyacyl-CoA dehydratase 3,HACD3,S,114,,,,,,,,Y,,,,,
Q16836,HCDH,"Hydroxyacyl-coenzyme A dehydrogenase, mitochondrial",HADH,S,190,,,,,,Y,,,,,,,
Q68CP4,HGNAT,Heparan-alpha-glucosaminide N-acetyltransferase,HGSNAT,T,2,,,,,,,,,Y,,,,
Q96JB3,HIC2,HUMAN Hypermethylated in cancer 2 protein,HIC2,T,41,,,Y,,,,,,,,,,
Q9Y2N7,HIF3A,Hypoxia-inducible factor 3-alpha,HIF3A,S,25,,,,,,,,,,,Y,,
Q9Y2N7,HIF3A,Hypoxia-inducible factor 3-alpha,HIF3A,T,40,,,,,,,,,,,Y,,
P30460,1B08,"HLA class I histocompatibility antigen, B-8 alpha chain",HLA-B,S,37,,,,,,,,,Y,,,,
P82970,HMGN5,High mobility group nucleosome-binding domain-containing protein 5,HMGN5,T,31,,,,,,,,,,Y,,Y,Y
Q99729,ROAA,Heterogeneous nuclear ribonucleoprotein A/B,HNRNPAB,S,109,,,,,,,,,,,Y,,
Q00839,HNRPU,HUMAN Heterogeneous nuclear ribonucleoprotein U,HNRNPU,S,2,,,,Y,,,,,,,,,
P34932,HSP74,HUMAN Heat shock 70 kDa protein 4,HSPA4,S,780,,,Y,,,,,,,,,,
P34932,HSP74,HUMAN Heat shock 70 kDa protein 4,HSPA4,T,778,,,Y,,,,,,,,,,
P38646,GRP75,"HUMAN Stress-70 protein, mitochondrial",HSPA9,T,462,,,Y,,,,,,,,,,
P38646,GRP75,"HUMAN Stress-70 protein, mitochondrial",HSPA9,T,463,,,Y,,,,,,,,,,
P38646,GRP75,"HUMAN Stress-70 protein, mitochondrial",HSPA9,T,466,,,Y,,,,,,,,,,
P42858,HD,Huntingtin,HTT,T,1173,,,,,,,,,,Y,,,Y
P10997,IAPP,HUMAN Islet amyloid polypeptide,IAPP,S,27,,,,Y,,,,,,,,,
Q9P2D0,IBTK,Inhibitor of Bruton tyrosine kinase,IBTK,T,1165,,,,,,,Y,,,,,,
Q53G44,IF44L,HUMAN Interferon-induced protein 44-like,IFI44L,S,304,,Y,,,,,,,,,,,
Q53G44,IF44L,HUMAN Interferon-induced protein 44-like,IFI44L,T,305,,Y,,,,,,,,,,,
Q86WN2,IFNE,Interferon epsilon,IFNE,S,132,,,,,,,,,,,,,Y
Q86WN2,IFNE,Interferon epsilon,IFNE,T,134,,,,,,,,,,,,,Y
Q8IU54,IFNL1,Interferon lambda-1,IFNL1,S,49,,,,,,,,,Y,,,,
Q9UG01,IF172,Intraflagellar transport protein 172 homolog,IFT172,S,1545,,,,,,,,,,Y,Y,Y,Y
Q9UG01,IF172,Intraflagellar transport protein 172 homolog,IFT172,S,1549,,,,,,,,,,,,,Y
Q8WYA0,IFT81,Intraflagellar transport protein 81 homolog,IFT81,S,377,,,,,,,,Y,,,,,
Q8WYA0,IFT81,Intraflagellar transport protein 81 homolog,IFT81,T,383,,,,,,,,Y,,,,,
P01876,IGHA1,Immunoglobulin heavy constant alpha 1,IGHA1,S,156,,,,,,,Y,,,,,,
P01876,IGHA1,Immunoglobulin heavy constant alpha 1,IGHA1,T,161,,,,,,,Y,,,,,,
P01876,IGHA1,Immunoglobulin heavy constant alpha 1,IGHA1,T,163,,,,,,,Y,,,,,,
Q9UPP2,IQEC3,HUMAN IQ motif and SEC7 domain-containing protein 3,IQSEC3,T,321,,,Y,,,,,,,,,,
Q9Y4H2,IRS2,Insulin receptor substrate 2,IRS2,S,391,,,,,,,,Y,Y,,,,
Q8WWA0,ITLN1,Intelectin-1,ITLN1,S,36,,,,,,,,,,,,,Y
O75564,JERKY,Jerky protein homolog,JRK,S,414,,,,,,,Y,,,,,,
O43448,KCAB3,Voltage-gated potassium channel subunit beta-3,KCNAB3,T,8,,,,,,,,,,,Y,,
O95259,KCNH1,Potassium voltage-gated channel subfamily H member 1,KCNH1,S,343,,,,,,,,,Y,,,,
O95259,KCNH1,Potassium voltage-gated channel subfamily H member 1,KCNH1,S,347,,,,,,,,,Y,,,,
O95259,KCNH1,Potassium voltage-gated channel subfamily H member 1,KCNH1,S,348,,,,,,,,,Y,,,,
O95259,KCNH1,Potassium voltage-gated channel subfamily H member 1,KCNH1,S,858,,,,,,,,,,,,Y,
Q6UVM3,KCNT2,Potassium channel subfamily T member 2,KCNT2,T,793,,,,,,Y,,,,,,,
P29375,KDM5A,Lysine-specific demethylase 5A,KDM5A,T,255,,,,,,Y,,Y,,,,,
Q6ZU52,K0408,Uncharacterized protein KIAA0408,KIAA0408,S,516,,,,,,,,Y,Y,,,,
Q6ZU52,K0408,Uncharacterized protein KIAA0408,KIAA0408,S,529,,,,,,,,Y,Y,,,,
Q6ZU52,K0408,Uncharacterized protein KIAA0408,KIAA0408,T,517,,,,,,,,Y,Y,,,,
Q6ZU52,K0408,Uncharacterized protein KIAA0408,KIAA0408,T,518,,,,,,,,,Y,,,,
Q9UPP5,K1107,AP2-interacting clathrin-endocytosis protein,KIAA1107,T,123,,,,,,Y,,,,,,,
Q9UPP5,K1107,AP2-interacting clathrin-endocytosis protein,KIAA1107,T,125,,,,,,Y,,,,,,,
Q2LD37,K1109,Transmembrane protein KIAA1109,KIAA1109,S,4200,,,,,,,,,,,,,Y
Q2LD37,K1109,Transmembrane protein KIAA1109,KIAA1109,S,4202,,,,,,,,,,,,,Y
Q5JYT7,K1755,Uncharacterized protein KIAA1755,KIAA1755,T,468,,,,,,Y,,,,,,,
O43896,KIF1C,Kinesin-like protein KIF1C,KIF1C,S,295,,,,,,,,,,,,Y,
O43896,KIF1C,Kinesin-like protein KIF1C,KIF1C,T,306,,,,,,,,,,,,Y,
Q9H2R5,KLK15,Kallikrein-15,KLK15,S,13,,,,,,,,,,Y,Y,Y,
Q9H2R5,KLK15,Kallikrein-15,KLK15,T,14,,,,,,,,,,Y,Y,Y,
Q03164,KMT2A,Histone-lysine N-methyltransferase 2A,KMT2A,S,1228,,,,,,,,,,,Y,,
Q03164,KMT2A,Histone-lysine N-methyltransferase 2A,KMT2A,S,1231,,,,,,,,,,,Y,,
Q03164,KMT2A,Histone-lysine N-methyltransferase 2A,KMT2A,S,1240,,,,,,,,,,,Y,,
Q03164,KMT2A,Histone-lysine N-methyltransferase 2A,KMT2A,S,1241,,,,,,,,,,,Y,,
Q8NEZ4,KMT2C,Histone-lysine N-methyltransferase 2C,KMT2C,T,4480,,,,,,,Y,,,,,,
Q8IZD2,KMT2E,Inactive histone-lysine N-methyltransferase 2E,KMT2E,T,730,,,,,,Y,,,,,,,
Q86Y97,KMT5C,HUMAN Histone-lysine N-methyltransferase KMT5C,KMT5C,S,439,,,,Y,,,,,,,,,
P04259,K2C6B,"Keratin, type II cytoskeletal 6B",KRT6B,S,19,,,,,,,,,,,,Y,
Q8NBH2,KY,HUMAN Kyphoscoliosis peptidase,KY,S,332,,,Y,,,,,,,,,,
Q6YP21,KAT3,HUMAN Kynurenine--oxoglutarate transaminase 3,KYAT3,S,30,,,Y,,,,,,,,,,
Q6YP21,KAT3,HUMAN Kynurenine--oxoglutarate transaminase 3,KYAT3,S,36,,,Y,,,,,,,,,,
Q6YP21,KAT3,HUMAN Kynurenine--oxoglutarate transaminase 3,KYAT3,T,31,,,Y,,,,,,,,,,
O00515,LAD1,Ladinin-1,LAD1,S,369,,,,,,,,,,,,,Y
O00515,LAD1,Ladinin-1,LAD1,S,370,,,,,,,,,,,,,Y
P25391,LAMA1,Laminin subunit alpha-1,LAMA1,S,2410,,,,,,,,,,,,Y,
P25391,LAMA1,Laminin subunit alpha-1,LAMA1,T,2409,,,,,,,,,,,,Y,
Q92615,LAR4B,HUMAN La-related protein 4B,LARP4B,S,398,Y,,,,,,,,,,,,
Q92615,LAR4B,HUMAN La-related protein 4B,LARP4B,S,402,Y,,,,,,,,,,,,
O43679,LDB2,LIM domain-binding protein 2,LDB2,T,135,,,,,,,,,,,,,Y
O43766,LIAS,"HUMAN Lipoyl synthase, mitochondrial",LIAS,S,198,,,,,Y,,,,,,,,
O43766,LIAS,"HUMAN Lipoyl synthase, mitochondrial",LIAS,T,196,,,,,Y,,,,,,,,
O75019,LIRA1,HUMAN Leukocyte immunoglobulin-like receptor subfamily A member 1,LILRA1,T,2,,,,Y,,,,,,,,,
P36776,LONM,"HUMAN Lon protease homolog, mitochondrial",LONP1,T,299,,,,Y,,,,,,,,,
Q07954,LRP1,Prolow-density lipoprotein receptor-related protein 1,LRP1,S,378,,,,,,,,,,Y,,,
Q07954,LRP1,Prolow-density lipoprotein receptor-related protein 1,LRP1,T,373,,,,,,,,,,Y,,,
Q8N6Y2,LRC17,Leucine-rich repeat-containing protein 17,LRRC17,S,109,,,,,,,Y,,,,,,
Q9HBW1,LRRC4,Leucine-rich repeat-containing protein 4,LRRC4,S,365,,,,,,,Y,,,,,,
Q8TDW0,LRC8C,Volume-regulated anion channel subunit LRRC8C,LRRC8C,S,87,,,,,,,,Y,,,,,
Q8TDW0,LRC8C,Volume-regulated anion channel subunit LRRC8C,LRRC8C,T,93,,,,,,,,Y,,,,,
P33241,LSP1,Lymphocyte-specific protein 1,LSP1,S,252,,,,,,,,,,,Y,,
P33241,LSP1,HUMAN Lymphocyte-specific protein 1,LSP1,S,306,,,Y,,,,,,,,,,
P33241,LSP1,HUMAN Lymphocyte-specific protein 1,LSP1,S,307,,,Y,,,,,,,,,,
P33241,LSP1,HUMAN Lymphocyte-specific protein 1,LSP1,T,305,,,Y,,,,,,,,,,
P09960,LKHA4,Leukotriene A-4 hydrolase,LTA4H,T,7,,,,,,,,Y,,,,,
Q9NU23,LYRM2,LYR motif-containing protein 2,LYRM2,T,70,,,,,,,Y,,,,,,
Q9UPN3,MACF1,"Microtubule-actin cross-linking factor 1, isoforms 1/2/3/5",MACF1,S,7222,,,,,,,,Y,,,,,
Q9UPN3,MACF1,"Microtubule-actin cross-linking factor 1, isoforms 1/2/3/5",MACF1,S,7225,,,,,,,,Y,,,,,
Q9UPN3,MACF1,"Microtubule-actin cross-linking factor 1, isoforms 1/2/3/5",MACF1,S,7226,,,,,,,,Y,,,,,
Q9BQ69,MACD1,ADP-ribose glycohydrolase MACROD1,MACROD1,S,5,,,,,,,Y,,,,,,
Q5VYJ5,MALR1,MAM and LDL-receptor class A domain-containing protein 1,MALRD1,T,1809,,,,,,,Y,Y,,,,,
Q9Y6R4,M3K4,Mitogen-activated protein kinase kinase kinase 4,MAP3K4,S,321,,,,,,,,,,,Y,,
Q9Y6R4,M3K4,Mitogen-activated protein kinase kinase kinase 4,MAP3K4,T,320,,,,,,,,,,,Y,,
P27816,MAP4,Microtubule-associated protein 4,MAP4,S,1037,,,,,,,,Y,Y,,,,
P27816,MAP4,Microtubule-associated protein 4,MAP4,S,1041,,,,,,Y,Y,,,,,,
P29966,MARCS,Myristoylated alanine-rich C-kinase substrate,MARCKS,T,8,,,,,,,,,,,,,Y
O60307,MAST3,Microtubule-associated serine/threonine-protein kinase 3,MAST3,S,1080,,,,,,,,Y,,,,,
O60307,MAST3,Microtubule-associated serine/threonine-protein kinase 3,MAST3,S,1089,,,,,,,,Y,,,,,
O15021,MAST4,Microtubule-associated serine/threonine-protein kinase 4,MAST4,S,1384,,,,,,,,,Y,,,,
O15021,MAST4,Microtubule-associated serine/threonine-protein kinase 4,MAST4,S,1391,,,,,,,,,Y,,,,
O15021,MAST4,Microtubule-associated serine/threonine-protein kinase 4,MAST4,T,1382,,,,,,,,,Y,,,,
O15021,MAST4,Microtubule-associated serine/threonine-protein kinase 4,MAST4,T,1386,,,,,,,,,Y,,,,
P42679,MATK,Megakaryocyte-associated tyrosine-protein kinase,MATK,S,9,,,,,,,,,,,,Y,
Q96T53,MBOA4,HUMAN Ghrelin O-acyltransferase,MBOAT4,S,309,,,,,Y,,,,,,,,
Q96T53,MBOA4,HUMAN Ghrelin O-acyltransferase,MBOAT4,T,310,,,,,Y,,,,,,,,
P59942,MCCD1,HUMAN Mitochondrial coiled-coil domain protein 1,MCCD1,S,9,,Y,,,,,,,,,,,
Q86YR7,MF2L2,Probable guanine nucleotide exchange factor MCF2L2,MCF2L2,S,222,,,,,,,,,,,,,Y
Q86YR7,MF2L2,Probable guanine nucleotide exchange factor MCF2L2,MCF2L2,T,219,,,,,,,,,,,,,Y
Q15648,MED1,HUMAN Mediator of RNA polymerase II transcription subunit 1,MED1,S,1042,Y,,,,,,,,,,,,
Q9BUN1,MENT,Protein MENT,MENT,S,47,,,,,,,,,,,,,Y
Q9BUN1,MENT,Protein MENT,MENT,T,45,,,,,,,,,,,,,Y
O95140,MFN2,Mitofusin-2,MFN2,S,249,,,,,,,,,,,,Y,
O43451,MGA,"HUMAN Maltase-glucoamylase, intestinal",MGAM,S,1292,,,,Y,,,,,,,,,
Q3V5L5,MGT5B,"Alpha-1,6-mannosylglycoprotein 6-beta-N-acetylglucosaminyltransferase B",MGAT5B,S,238,,,,,,,,,,,,,Y
Q9H1L0,MI1HG,Uncharacterized protein MIR1-1HG,MIR1-1HG,S,42,,,,,,,,Y,,,,,
Q9H1L0,MI1HG,Uncharacterized protein MIR1-1HG,MIR1-1HG,S,46,,,,,,,,Y,,,,,
Q9H1L0,MI1HG,Uncharacterized protein MIR1-1HG,MIR1-1HG,T,48,,,,,,,,Y,,,,,
Q03111,ENL,Protein ENL,MLLT1,S,230,,,,,,Y,,,,,,,
Q03111,ENL,Protein ENL,MLLT1,T,229,,,,,,Y,,,,,,,
Q495T6,MMEL1,Membrane metallo-endopeptidase-like 1,MMEL1,S,466,,,,,,Y,,,,,,,
Q9H8L6,MMRN2,Multimerin-2,MMRN2,T,397,,,,,,,,,,,Y,Y,
Q9BYD3,RM04,"39S ribosomal protein L4, mitochondrial",MRPL4,T,179,,,,,,Y,,,,,,,
Q8WXI7,MUC16,Mucin-16,MUC16,S,13197,,,,,,,,Y,,,,,
Q8WXI7,MUC16,Mucin-16,MUC16,S,6336,,,,,,,,,,,,Y,
Q8WXI7,MUC16,Mucin-16,MUC16,S,6338,,,,,,,,,,,,Y,
Q8WXI7,MUC16,Mucin-16,MUC16,T,6335,,,,,,,,,,,,Y,
Q8WXI7,MUC16,Mucin-16,MUC16,T,6337,,,,,,,,,,,,Y,
Q3MIW9,MUCL3,Mucin-like protein 3,MUCL3,T,254,,,,,,,Y,,,,,,
Q3MIW9,MUCL3,Mucin-like protein 3,MUCL3,T,255,,,,,,,Y,,,,,,
O75592,MYCB2,HUMAN E3 ubiquitin-protein ligase MYCBP2,MYCBP2,T,2851,Y,,,,,,,,,,,,
Q8TBZ2,MYBPP,MYCBP-associated protein,MYCBPAP,S,320,,,,,,,Y,Y,,,,,
Q8TBZ2,MYBPP,MYCBP-associated protein,MYCBPAP,T,324,,,,,,,Y,,,,,,
P11055,MYH3,Myosin-3,MYH3,T,198,,,,,,Y,,,,,,,
P11055,MYH3,Myosin-3,MYH3,T,202,,,,,,Y,,,,,,,
P35579,MYH9,HUMAN Myosin-9,MYH9,T,1269,,,,,Y,,,,,,,,
Q9UBC5,MYO1A,Unconventional myosin-Ia,MYO1A,S,601,,,,,,,,Y,,,,,
Q9UBC5,MYO1A,Unconventional myosin-Ia,MYO1A,S,602,,,,,,,,Y,,,,,
Q9UBC5,MYO1A,Unconventional myosin-Ia,MYO1A,T,607,,,,,,,,Y,,,,,
O94832,MYO1D,Unconventional myosin-Id,MYO1D,S,104,,,,,,,,,,,,,Y
O94832,MYO1D,Unconventional myosin-Id,MYO1D,S,112,,,,,,,,,,,,,Y
B2RTY4,MYO9A,Unconventional myosin-IXa,MYO9A,T,2166,,,,,,,,Y,,,,,
A0A1B0GUC4,MYCOS,Myocilin opposite strand protein,MYOCOS,S,40,,,,,,,,,Y,,,,
A0A1B0GUC4,MYCOS,Myocilin opposite strand protein,MYOCOS,T,37,,,,,,,,,Y,,,,
P15173,MYOG,HUMAN Myogenin,MYOG,S,107,,,Y,,,,,,,,,,
P15173,MYOG,HUMAN Myogenin,MYOG,T,108,,,Y,,,,,,,,,,
Q8NFW9,MYRIP,Rab effector MyRIP,MYRIP,S,595,,,,,,,,Y,,,,,
Q5VVJ2,MYSM1,Histone H2A deubiquitinase MYSM1,MYSM1,S,99,,,,,,Y,,,,,,,
Q5VVJ2,MYSM1,Histone H2A deubiquitinase MYSM1,MYSM1,T,103,,,,,,Y,,,,,,,
Q9GZZ1,NAA50,N-alpha-acetyltransferase 50,NAA50,S,4,,,,,,Y,,,,,,,
Q9GZZ1,NAA50,N-alpha-acetyltransferase 50,NAA50,T,12,,,,,,Y,,,,,,,
Q58DX5,NADL2,HUMAN Inactive N-acetylated-alpha-linked acidic dipeptidase-like protein 2,NAALADL2,S,316,Y,,,,,,,,,,,,
Q96HR8,NAF1,HUMAN H/ACA ribonucleoprotein complex non-core subunit NAF1,NAF1,T,272,,,Y,,,,,,,,,,
Q13075,BIRC1,Baculoviral IAP repeat-containing protein 1,NAIP,S,489,,,,,,,,,,,Y,,
Q8IVL1,NAV2,Neuron navigator 2,NAV2,S,12,,,,,,Y,,,,,,,
Q8IVL1,NAV2,Neuron navigator 2,NAV2,S,8,,,,,,Y,,,,,,,
Q8NFP9,NBEA,Neurobeachin,NBEA,S,1714,,,,,,Y,,,,,,,
Q8NFP9,NBEA,Neurobeachin,NBEA,S,1717,,,,,,Y,,,,,,,
O76041,NEBL,Nebulette,NEBL,T,92,,,,,,,,,,,Y,,
Q8NHV4,NEDD1,HUMAN Protein NEDD1,NEDD1,S,315,,,,Y,,,,,,,,,
P12036,NFH,HUMAN Neurofilament heavy polypeptide,NEFH,S,948,,,Y,,,,,,,,,,
Q96JN8,NEUL4,Neuralized-like protein 4,NEURL4,T,1552,,,,,,,,,,,Y,Y,
Q6ZNB6,NFXL1,NF-X1-type zinc finger protein NFXL1,NFXL1,T,286,,,,,,,,Y,Y,,,,
Q6ZNB6,NFXL1,NF-X1-type zinc finger protein NFXL1,NFXL1,T,287,,,,,,,,,Y,,,,
Q9NQX5,NPDC1,HUMAN Neural proliferation differentiation and control protein 1,NPDC1,S,9,,Y,,,,,,,,,,,
Q15818,NPTX1,Neuronal pentraxin-1,NPTX1,T,64,,,,,,,,Y,,,,,
O96028,NSD2,Histone-lysine N-methyltransferase NSD2,NSD2,S,1238,,,,,,,,,,,,,Y
Q63ZY6,NSN5C,HUMAN Putative methyltransferase NSUN5C,NSUN5P2,T,258,Y,,,,,,,,,,,,
Q5VU65,P210L,HUMAN Nuclear pore membrane glycoprotein 210-like,NUP210L,S,186,,,,,Y,,,,,,,,
P52948,NUP98,Nuclear pore complex protein Nup98-Nup96,NUP98,T,822,,,,,,,,,Y,,,,
P52948,NUP98,Nuclear pore complex protein Nup98-Nup96,NUP98,T,829,,,,,,,,,Y,,,,
O60890,OPHN1,Oligophrenin-1,OPHN1,T,399,,,,,,,,,,,Y,,
Q96CV9,OPTN,HUMAN Optineurin,OPTN,S,427,,,,Y,,,,,,,,,
Q8NGP8,OR5M1,Olfactory receptor 5M1,OR5M1,S,133,,,,,,,,,,Y,,,
Q8NGG3,OR5T3,HUMAN Olfactory receptor 5T3,OR5T3,Y,29,,,,Y,,,,,,,,,
Q9H0X9,OSBL5,Oxysterol-binding protein-related protein 5,OSBPL5,T,90,,,,,,,Y,,,,,,
Q9H0X9,OSBL5,Oxysterol-binding protein-related protein 5,OSBPL5,T,94,,,,,,,Y,,,,,,
Q9BZF3,OSBL6,HUMAN Oxysterol-binding protein-related protein 6,OSBPL6,S,64,,,,Y,,,,,,,,,
O96013,PAK4,Serine/threonine-protein kinase PAK 4,PAK4,S,46,,,,,,,,,,Y,,,
O75781,PALM,Paralemmin-1,PALM,S,152,,,,,,,,,Y,,,,
O75781,PALM,Paralemmin-1,PALM,S,162,,,,,,,,,Y,,,,
O75781,PALM,Paralemmin-1,PALM,T,154,,,,,,,,,Y,,,,
O95453,PARN,Poly(A)-specific ribonuclease PARN,PARN,S,625,,,,,,,Y,,,,,,
P26367,PAX6,Paired box protein Pax-6,PAX6,S,35,,,,,,,,,,Y,,,
Q9Y5B6,PAXB1,PAX3- and PAX7-binding protein 1,PAXBP1,S,799,,,,,,,,,,,,Y,
Q9Y5B6,PAXB1,PAX3- and PAX7-binding protein 1,PAXBP1,T,794,,,,,,,,,,,,Y,
Q96KB5,TOPK,Lymphokine-activated killer T-cell-originated protein kinase,PBK,S,19,,,,,,,,,,,,,Y
Q96KB5,TOPK,Lymphokine-activated killer T-cell-originated protein kinase,PBK,S,23,,,,,,,,,,,,,Y
Q96KB5,TOPK,Lymphokine-activated killer T-cell-originated protein kinase,PBK,T,24,,,,,,,,,,,,,Y
Q9NRJ7,PCDBG,Protocadherin beta-16,PCDHB16,S,532,,,,,,,Y,,,,,,
Q9NRJ7,PCDBG,Protocadherin beta-16,PCDHB16,T,534,,,,,,,Y,,,,,,
Q9Y5E2,PCDB7,Protocadherin beta-7,PCDHB7,T,314,,,,,,Y,,,,,,,
Q9Y5G7,PCDG6,Protocadherin gamma-A6,PCDHGA6,S,149,,,,,,,,,Y,,,,
Q9Y5G7,PCDG6,Protocadherin gamma-A6,PCDHGA6,S,150,,,,,,,,,Y,,,,
Q9Y5G2,PCDGE,Protocadherin gamma-B2,PCDHGB2,S,5,,,,,,,Y,,,,,,
Q9Y6V0,PCLO,HUMAN Protein piccolo,PCLO,S,573,,,Y,,,,,,,,,,
O95613,PCNT,Pericentrin,PCNT,S,514,,,,,,,,,,,,,Y
Q53EL6,PDCD4,Programmed cell death protein 4,PDCD4,S,49,,,,,,,,,,,Y,,Y
Q5VU43,MYOME,Myomegalin,PDE4DIP,S,1283,,,,,,,,,,,Y,,
Q5VU43,MYOME,Myomegalin,PDE4DIP,T,1279,,,,,,,,,,,Y,,
P30101,PDIA3,HUMAN Protein disulfide-isomerase A3,PDIA3,S,478,,,,,Y,,,,,,,,
Q76G19,PDZD4,HUMAN PDZ domain-containing protein 4,PDZD4,S,563,Y,,,,,,,,,,,,
Q76G19,PDZD4,HUMAN PDZ domain-containing protein 4,PDZD4,S,564,Y,,,,,,,,,,,,
P16118,F261,"HUMAN 6-phosphofructo-2-kinase/fructose-2,6-bisphosphatase 1",PFKFB1,T,73,,,Y,,,,,,,,,,
P35232,PHB,HUMAN Prohibitin,PHB,S,101,,,Y,,,,,,,,,,
Q9P1Y6,PHRF1,PHD and RING finger domain-containing protein 1,PHRF1,S,1191,,,,,,,,,Y,,,,
Q9P1Y6,PHRF1,PHD and RING finger domain-containing protein 1,PHRF1,T,1187,,,,,,,,,Y,,,,
Q8TCI5,PIFO,Protein pitchfork,PIFO,T,72,,,,,,,,,,,Y,,
Q86WI1,PKHL1,Fibrocystin-L,PKHD1L1,S,2069,,,,,,,,,,,,,Y
Q86WI1,PKHL1,HUMAN Fibrocystin-L,PKHD1L1,S,258,,,,,Y,,,,,,,,
Q15147,PLCB4,"HUMAN 1-phosphatidylinositol 4,5-bisphosphate phosphodiesterase beta-4",PLCB4,S,288,,,Y,,,,,,,,,,
O75038,PLCH2,"1-phosphatidylinositol 4,5-bisphosphate phosphodiesterase eta-2",PLCH2,S,447,,,,,,,,,,,Y,,
O75038,PLCH2,"1-phosphatidylinositol 4,5-bisphosphate phosphodiesterase eta-2",PLCH2,S,449,,,,,,,,,,,Y,,
O75038,PLCH2,"1-phosphatidylinositol 4,5-bisphosphate phosphodiesterase eta-2",PLCH2,S,450,,,,,,,,,,,Y,,
O75038,PLCH2,"1-phosphatidylinositol 4,5-bisphosphate phosphodiesterase eta-2",PLCH2,S,458,,,,,,,,,,,Y,,
O75038,PLCH2,"1-phosphatidylinositol 4,5-bisphosphate phosphodiesterase eta-2",PLCH2,T,455,,,,,,,,,,,Y,,
Q9HB21,PKHA1,Pleckstrin homology domain-containing family A member 1,PLEKHA1,S,121,,,,,,,Y,,,,,,
Q9HB21,PKHA1,Pleckstrin homology domain-containing family A member 1,PLEKHA1,S,125,,,,,,,Y,,,,,,
Q9HB21,PKHA1,Pleckstrin homology domain-containing family A member 1,PLEKHA1,S,129,,,,,,,Y,,,,,,
Q9ULL1,PKHG1,Pleckstrin homology domain-containing family G member 1,PLEKHG1,S,308,,,,,,,,,,,Y,,
Q9UIW2,PLXA1,Plexin-A1,PLXNA1,T,957,,,,,,Y,,,,,,,
Q9UIW2,PLXA1,Plexin-A1,PLXNA1,T,960,,,,,,Y,,,,,,,
Q96PV4,PNMA5,Paraneoplastic antigen-like protein 5,PNMA5,S,104,,,,,,,,,,,Y,,
Q9H307,PININ,Pinin,PNN,T,7,,,,,,,Y,,,,,,
Q9UBT6,POLK,HUMAN DNA polymerase kappa,POLK,S,423,Y,,,,,,,,,,,,
Q06190,P2R3A,Serine/threonine-protein phosphatase 2A regulatory subunit B'' subunit alpha,PPP2R3A,S,558,,,,,,,Y,,Y,,,,
Q06190,P2R3A,Serine/threonine-protein phosphatase 2A regulatory subunit B'' subunit alpha,PPP2R3A,S,561,,,,,,,Y,,Y,,,,
Q06190,P2R3A,Serine/threonine-protein phosphatase 2A regulatory subunit B'' subunit alpha,PPP2R3A,S,562,,,,,,,Y,,Y,,,,
Q06190,P2R3A,Serine/threonine-protein phosphatase 2A regulatory subunit B'' subunit alpha,PPP2R3A,S,570,,,,,,,Y,,,,,,
Q06190,P2R3A,Serine/threonine-protein phosphatase 2A regulatory subunit B'' subunit alpha,PPP2R3A,T,573,,,,,,,,,Y,,,,
P14222,PERF,Perforin-1,PRF1,S,113,,,,,,,,,,Y,,,Y
P14222,PERF,Perforin-1,PRF1,T,114,,,,,,,,,,,,,Y
Q9BZL6,KPCD2,HUMAN Serine/threonine-protein kinase D2,PRKD2,S,259,,,Y,,,,,,,,,,
P78527,PRKDC,DNA-dependent protein kinase catalytic subunit,PRKDC,T,169,,,,,,,,Y,,,,,
Q6MZQ0,PRR5L,Proline-rich protein 5-like,PRR5L,S,33,,,,,,,,,,,Y,,
P56730,NETR,HUMAN Neurotrypsin,PRSS12,T,56,,,Y,,,,,,,,,,
E5RG02,PRS46,HUMAN Putative serine protease 46,PRSS46P,S,107,,,,,Y,,,,,,,,
P28065,PSB9,HUMAN Proteasome subunit beta type-9,PSMB9,T,8,,,,Y,,,,,,,,,
O15172,PSPHL,Putative phosphoserine phosphatase-like protein,PSPHP1,S,27,,,,,,Y,,,,,,,
P60484,PTEN,"HUMAN Phosphatidylinositol 3,4,5-trisphosphate 3-phosphatase and dual-specificity protein phosphatase PTEN",PTEN,S,10,,,Y,,,,,,,,,,
Q13882,PTK6,Protein-tyrosine kinase 6,PTK6,S,111,,,,,,,Y,,,,,,
Q13882,PTK6,Protein-tyrosine kinase 6,PTK6,S,117,,,,,,,Y,,,,,,
P18031,PTN1,Tyrosine-protein phosphatase non-receptor type 1,PTPN1,S,378,,,,,,,,,,,Y,,
P18031,PTN1,Tyrosine-protein phosphatase non-receptor type 1,PTPN1,S,386,,,,,,,,,,,Y,,
P23467,PTPRB,HUMAN Receptor-type tyrosine-protein phosphatase beta,PTPRB,S,1408,,,,Y,,,,,,,,,
Q8N2H3,PYRD2,Pyridine nucleotide-disulfide oxidoreductase domain-containing protein 2,PYROXD2,S,335,,,,,,,,,,Y,,,
Q8N2H3,PYRD2,Pyridine nucleotide-disulfide oxidoreductase domain-containing protein 2,PYROXD2,T,347,,,,,,,,,,Y,,,
Q3YEC7,RABL6,Rab-like protein 6,RABL6,S,535,,,,,,Y,,,,,,,
Q92878,RAD50,DNA repair protein RAD50,RAD50,S,447,,,,,,,Y,,,,,,
Q92878,RAD50,DNA repair protein RAD50,RAD50,S,451,,,,,,,Y,,,,,,
Q7Z5J4,RAI1,HUMAN Retinoic acid-induced protein 1,RAI1,Y,1468,,,Y,,,,,,,,,,
Q86X10,RLGPB,Ral GTPase-activating protein subunit beta,RALGAPB,S,800,,,,,,Y,,,,,,,
Q12967,GNDS,Ral guanine nucleotide dissociation stimulator,RALGDS,T,115,,,,,,,Y,,,Y,,Y,
O60518,RNBP6,HUMAN Ran-binding protein 6,RANBP6,T,449,,,Y,,,,,,,,,,
Q9Y3L5,RAP2C,Ras-related protein Rap-2c,RAP2C,T,25,,,,,,,,Y,Y,,,,
Q9Y3L5,RAP2C,Ras-related protein Rap-2c,RAP2C,T,27,,,,,,,,,Y,,,,
Q13905,RPGF1,Rap guanine nucleotide exchange factor 1,RAPGEF1,S,84,,,,,,,Y,,,,,,
P20936,RASA1,HUMAN Ras GTPase-activating protein 1,RASA1,T,869,,,,Y,,,,,,,,,
Q9UJF2,NGAP,Ras GTPase-activating protein nGAP,RASAL2,S,754,,,,,,,,Y,,,,,
Q9UJF2,NGAP,Ras GTPase-activating protein nGAP,RASAL2,S,758,,,,,,,,Y,,,,,
Q9UJF2,NGAP,Ras GTPase-activating protein nGAP,RASAL2,T,752,,,,,,,,Y,,,,,
Q8IY67,RAVR1,Ribonucleoprotein PTB-binding 1,RAVER1,T,8,,,,,,,,,Y,,,,
Q8IXT5,RB12B,RNA-binding protein 12B,RBM12B,S,176,,,,,,,,,,,,,Y
Q9HCM1,RESF1,Retroelement silencing factor 1,RESF1,S,1426,,,,,,,,Y,,,,,
Q9HCM1,RESF1,Retroelement silencing factor 1,RESF1,T,1428,,,,,,,,Y,,,,,
Q14699,RFTN1,HUMAN Raftlin,RFTN1,S,305,Y,,,,,,,,,,,,
O14924,RGS12,Regulator of G-protein signaling 12,RGS12,T,1053,,,,,,,,,,,,Y,
O14924,RGS12,Regulator of G-protein signaling 12,RGS12,T,1057,,,,,,,,,,,,Y,
Q9NX52,RHBL2,HUMAN Rhomboid-related protein 2,RHBDL2,S,50,,,Y,,,,,,,,,,
Q86UR5,RIMS1,Regulating synaptic membrane exocytosis protein 1,RIMS1,S,479,,,,,,,,Y,,,,,
Q86UR5,RIMS1,Regulating synaptic membrane exocytosis protein 1,RIMS1,S,480,,,,,,,,Y,,,,,
Q13129,RLF,HUMAN Zinc finger protein Rlf,RLF,Y,981,,,,,Y,,,,,,,,
Q9BXT8,RNF17,RING finger protein 17,RNF17,S,944,,,,,,Y,,,,,,,
Q6ZRF8,RN207,HUMAN RING finger protein 207,RNF207,S,457,Y,,,,,,,,,,,,
Q6ZRF8,RN207,HUMAN RING finger protein 207,RNF207,T,453,Y,,,,,,,,,,,,
O75116,ROCK2,Rho-associated protein kinase 2,ROCK2,T,819,,,,,,,,,,,,Y,Y
Q8IXW5,RPAP2,Putative RNA polymerase II subunit B1 CTD phosphatase RPAP2,RPAP2,S,330,,,,,,,,,,,Y,,
Q8IXW5,RPAP2,Putative RNA polymerase II subunit B1 CTD phosphatase RPAP2,RPAP2,T,325,,,,,,,,,,,Y,,
Q9H6T3,RPAP3,RNA polymerase II-associated protein 3,RPAP3,S,649,,,,,,Y,,,,,,,
Q9H6T3,RPAP3,RNA polymerase II-associated protein 3,RPAP3,S,654,,,,,,Y,,,,,,,
Q9H6T3,RPAP3,RNA polymerase II-associated protein 3,RPAP3,S,655,,,,,,Y,,,,,,,
P40429,RL13A,HUMAN 60S ribosomal protein L13a,RPL13A,T,193,,,Y,,,,,,,,,,
Q5VT52,RPRD2,Regulation of nuclear pre-mRNA domain-containing protein 2,RPRD2,S,396,,,,,,,,Y,,,,,
Q5VT52,RPRD2,Regulation of nuclear pre-mRNA domain-containing protein 2,RPRD2,S,399,,,,,,,,Y,,,,,
Q5VT52,RPRD2,Regulation of nuclear pre-mRNA domain-containing protein 2,RPRD2,S,401,,,,,,,,Y,,,,,
Q5VT52,RPRD2,Regulation of nuclear pre-mRNA domain-containing protein 2,RPRD2,T,400,,,,,,,,Y,,,,,
Q5JTH9,RRP12,RRP12-like protein,RRP12,S,26,,,,,,,,,,,,Y,
Q14684,RRP1B,Ribosomal RNA processing protein 1 homolog B,RRP1B,S,312,,,,,,Y,,,,,,,
Q14684,RRP1B,Ribosomal RNA processing protein 1 homolog B,RRP1B,T,311,,,,,,Y,,,,,,,
Q5VWQ0,RSBN1,Lysine-specific demethylase 9,RSBN1,S,4,,,,,,,,Y,,,,,
O75298,RTN2,Reticulon-2,RTN2,S,343,,,,,,,,,,,Y,Y,
Q8N488,RYBP,RING1 and YY1-binding protein,RYBP,S,8,,,,,,,,Y,Y,,,,
Q8N488,RYBP,RING1 and YY1-binding protein,RYBP,T,10,,,,,,,,Y,Y,,,,
Q8IVG5,SAM9L,Sterile alpha motif domain-containing protein 9-like,SAMD9L,S,2,,,,,,,,,Y,,,,
Q8IVG5,SAM9L,Sterile alpha motif domain-containing protein 9-like,SAMD9L,S,6,,,,,,,,,Y,,,,
O94885,SASH1,SAM and SH3 domain-containing protein 1,SASH1,S,442,,,,,,,,,,,Y,,
O94885,SASH1,SAM and SH3 domain-containing protein 1,SASH1,S,446,,,,,,,,,,,Y,,
O94885,SASH1,SAM and SH3 domain-containing protein 1,SASH1,T,444,,,,,,,,,,,Y,,
Q9UPN6,SCAF8,Protein SCAF8,SCAF8,T,27,,,,,,,,,Y,,,,
Q9UPN6,SCAF8,Protein SCAF8,SCAF8,T,30,,,,,,,,,Y,,,,
Q9NY46,SCN3A,Sodium channel protein type 3 subunit alpha,SCN3A,S,13,,,,,,,,,,,,Y,
Q01118,SCN7A,HUMAN Sodium channel protein type 7 subunit alpha,SCN7A,T,777,,,,Y,,,,,,,,,
P51172,SCNND,Amiloride-sensitive sodium channel subunit delta,SCNN1D,S,339,,,,,,,,,,Y,,,
Q96B97,SH3K1,SH3 domain-containing kinase-binding protein 1,SH3KBP1,S,621,,,,,,,Y,Y,Y,,,,
Q8TEC5,SH3R2,HUMAN E3 ubiquitin-protein ligase SH3RF2,SH3RF2,S,283,,,Y,,,,,,,,,,
Q8TEC5,SH3R2,HUMAN E3 ubiquitin-protein ligase SH3RF2,SH3RF2,T,282,,,Y,,,,,,,,,,
Q8TEC5,SH3R2,HUMAN E3 ubiquitin-protein ligase SH3RF2,SH3RF2,T,284,,,Y,,,,,,,,,,
P04278,SHBG,Sex hormone-binding globulin,SHBG,S,321,,,,,,,,Y,,,,,
Q9UQ13,SHOC2,Leucine-rich repeat protein SHOC-2,SHOC2,S,221,,,,,,,,,,,,,Y
O43166,SI1L1,Signal-induced proliferation-associated 1-like protein 1,SIPA1L1,S,321,,,,,,Y,,,,,,,
Q9NRC8,SIR7,HUMAN NAD-dependent protein deacetylase sirtuin-7,SIRT7,T,301,,,Y,,,,,,,,,,
Q96BD8,SKA1,HUMAN Spindle and kinetochore-associated protein 1,SKA1,T,23,,,Y,,,,,,,,,,
Q8NDX2,VGLU3,Vesicular glutamate transporter 3,SLC17A8,T,384,,,,,,Y,,,,Y,,Y,
Q8NDX2,VGLU3,Vesicular glutamate transporter 3,SLC17A8,T,385,,,,,,,,Y,,,,Y,
Q8NDX2,VGLU3,Vesicular glutamate transporter 3,SLC17A8,T,386,,,,,,Y,,Y,,Y,,Y,
Q9Y694,S22A7,Solute carrier family 22 member 7,SLC22A7,T,419,,,,,,,Y,Y,,,,,
Q6KCM7,SCMC2,Calcium-binding mitochondrial carrier protein SCaMC-2,SLC25A25,S,288,,,,,,,,Y,,,,,
Q6KCM7,SCMC2,Calcium-binding mitochondrial carrier protein SCaMC-2,SLC25A25,S,296,,,,,,,,Y,,,,,
Q6KCM7,SCMC2,Calcium-binding mitochondrial carrier protein SCaMC-2,SLC25A25,T,306,,,,,,,,Y,,,,,
Q8NCS7,CTL5,Choline transporter-like protein 5,SLC44A5,S,158,,,,,,,,,,,,Y,
Q8NCS7,CTL5,Choline transporter-like protein 5,SLC44A5,T,160,,,,,,,,,,,,Y,
Q9BWU0,NADAP,Kanadaptin,SLC4A1AP,S,285,,,,,,,,Y,,,,,
Q9BWU0,NADAP,Kanadaptin,SLC4A1AP,T,288,,,,,,,,Y,,,,,
Q9BWU0,NADAP,Kanadaptin,SLC4A1AP,T,290,,,,,,,,Y,,,,,
Q96Q91,B3A4,Anion exchange protein 4,SLC4A9,S,651,,,,,,,Y,,,,,,
Q96Q91,B3A4,Anion exchange protein 4,SLC4A9,T,650,,,,,,,Y,,,,,,
P48066,S6A11,Sodium- and chloride-dependent GABA transporter 3,SLC6A11,S,618,,,,,,,,,Y,,,,
P48066,S6A11,Sodium- and chloride-dependent GABA transporter 3,SLC6A11,T,621,,,,,,,,,Y,,,,
P57103,NAC3,Sodium/calcium exchanger 3,SLC8A3,T,687,,,,,,,,,,,,Y,
Q9NYB5,SO1C1,Solute carrier organic anion transporter family member 1C1,SLCO1C1,S,420,,,,,,,,,Y,,,,
P28370,SMCA1,Probable global transcription activator SNF2L1,SMARCA1,T,1018,,,,,,,,,Y,,,,
Q92922,SMRC1,SWI/SNF complex subunit SMARCC1,SMARCC1,T,375,,,,,,,,,,,Y,,
A6NHR9,SMHD1,HUMAN Structural maintenance of chromosomes flexible hinge domain-containing protein 1,SMCHD1,S,754,Y,,,,,,,,,,,,
A6NHR9,SMHD1,HUMAN Structural maintenance of chromosomes flexible hinge domain-containing protein 1,SMCHD1,S,755,Y,,,,,,,,,,,,
Q92484,ASM3A,HUMAN Acid sphingomyelinase-like phosphodiesterase 3a,SMPDL3A,S,308,,,Y,,,,,,,,,,
Q92484,ASM3A,HUMAN Acid sphingomyelinase-like phosphodiesterase 3a,SMPDL3A,T,320,,,Y,,,,,,,,,,
Q7KZF4,SND1,Staphylococcal nuclease domain-containing protein 1,SND1,S,884,,,,,,,,,,,Y,,
Q7KZF4,SND1,Staphylococcal nuclease domain-containing protein 1,SND1,S,887,,,,,,,,,,,Y,,
Q13425,SNTB2,Beta-2-syntrophin,SNTB2,S,129,,,,,,,,Y,,,,,
Q14515,SPRL1,SPARC-like protein 1,SPARCL1,T,628,,,,,,,,,,,,,Y
Q8NHS9,SPT22,Spermatogenesis-associated protein 22,SPATA22,S,227,,,,,,,,,Y,,,,
Q8NHS9,SPT22,Spermatogenesis-associated protein 22,SPATA22,T,226,,,,,,,,,Y,,,,
Q5M775,CYTSB,HUMAN Cytospin-B,SPECC1,S,869,,,Y,,,,,,,,,,
Q5M775,CYTSB,HUMAN Cytospin-B,SPECC1,S,872,,,Y,,,,,,,,,,
Q5M775,CYTSB,HUMAN Cytospin-B,SPECC1,T,870,,,Y,,,,,,,,,,
Q9C093,SPEF2,HUMAN Sperm flagellar protein 2,SPEF2,S,813,,Y,,,,,,,,,,,
Q9C093,SPEF2,HUMAN Sperm flagellar protein 2,SPEF2,T,807,,Y,,,,,,,,,,,
Q96T58,MINT,Msx2-interacting protein,SPEN,S,927,,,,,,,,Y,,,,,
Q96T58,MINT,Msx2-interacting protein,SPEN,S,930,,,,,,,,Y,,,,,
Q96T58,MINT,Msx2-interacting protein,SPEN,S,934,,,,,,,,Y,,,,,
Q96T58,MINT,HUMAN Msx2-interacting protein,SPEN,S,974,,,,Y,,,,,,,,,
P02549,SPTA1,"Spectrin alpha chain, erythrocytic 1",SPTA1,S,1296,,,,,,,,,,,,,Y
Q9C0H9,SRCN1,SRC kinase signaling inhibitor 1,SRCIN1,T,821,,,,,,,,,Y,,,,
Q8WYL5,SSH1,Protein phosphatase Slingshot homolog 1,SSH1,S,768,,,,,,,Y,,,,,,
Q8TE77,SSH3,Protein phosphatase Slingshot homolog 3,SSH3,S,286,,,,,,,,Y,Y,,,,
Q8TE77,SSH3,Protein phosphatase Slingshot homolog 3,SSH3,S,293,,,,,,,,Y,,,,,
Q8TE77,SSH3,Protein phosphatase Slingshot homolog 3,SSH3,T,292,,,,,,,,,Y,,,,
Q99909,SSX3,Protein SSX3,SSX3,S,148,,,,,,,,,Y,,,,
Q99909,SSX3,Protein SSX3,SSX3,T,100,,,,,,Y,Y,,Y,Y,Y,Y,Y
Q99909,SSX3,Protein SSX3,SSX3,T,146,,,,,,,,,Y,,,,
Q99909,SSX3,Protein SSX3,SSX3,T,147,,,,,,,,,Y,,,,
Q9BX26,SYCP2,HUMAN Synaptonemal complex protein 2,SYCP2,S,1254,Y,,,,,,,,,,,,
Q9BX26,SYCP2,Synaptonemal complex protein 2,SYCP2,S,518,,,,,,,,,,,,Y,
Q9BX26,SYCP2,Synaptonemal complex protein 2,SYCP2,S,519,,,,,,,,,,,,Y,
Q9BX26,SYCP2,Synaptonemal complex protein 2,SYCP2,T,517,,,,,,,,,,,,Y,
Q8NF91,SYNE1,Nesprin-1,SYNE1,S,1971,,,,,,,,,,,Y,Y,
Q9UMS6,SYNP2,Synaptopodin-2,SYNPO2,S,212,,,,,,Y,,,Y,Y,Y,Y,Y
Q5T011,SZT2,HUMAN KICSTOR complex protein SZT2,SZT2,S,657,,,Y,Y,,,,,,,,,
Q9UL54,TAOK2,HUMAN Serine/threonine-protein kinase TAO2,TAOK2,S,1201,,Y,,,,,,,,,,,
Q9UL54,TAOK2,HUMAN Serine/threonine-protein kinase TAO2,TAOK2,S,1210,,Y,,,,,,,,,,,
Q13148,TADBP,TAR DNA-binding protein 43,TARDBP,T,88,,,,,,,,,,,,,Y
Q86TI0,TBCD1,TBC1 domain family member 1,TBC1D1,S,503,,,,,,,,,Y,,,,
Q86TI0,TBCD1,TBC1 domain family member 1,TBC1D1,S,507,,,,,,,,,Y,,,,
Q86TI0,TBCD1,TBC1 domain family member 1,TBC1D1,T,505,,,,,,,,,Y,,,,
Q9Y242,TCF19,HUMAN Transcription factor 19,TCF19,S,167,Y,,,,,,,,,,,,
Q9Y242,TCF19,HUMAN Transcription factor 19,TCF19,T,263,Y,,,,,,,,,,,,
Q96GX1,TECT2,Tectonic-2,TCTN2,T,348,,,,,,,,,,,Y,,
Q9Y4R8,TELO2,HUMAN Telomere length regulation protein TEL2 homolog,TELO2,S,397,Y,,,,,,,,,,,,
Q9P273,TEN3,Teneurin-3,TENM3,T,2365,,,,,,,Y,,,,,,
Q9P273,TEN3,Teneurin-3,TENM3,T,2366,,,,,,,Y,,,,,,
Q6N021,TET2,Methylcytosine dioxygenase TET2,TET2,T,848,,,,,,,Y,,,,,,
Q6N021,TET2,Methylcytosine dioxygenase TET2,TET2,T,849,,,,,,,Y,,,,,,
Q96LM6,TEX37,HUMAN Testis-expressed sequence 37 protein,TEX37,Y,54,,,,Y,,,,,,,,,
Q8WY91,THAP4,THAP domain-containing protein 4,THAP4,T,174,,,,,,,,Y,,,,,
Q9Y2W1,TR150,Thyroid hormone receptor-associated protein 3,THRAP3,S,167,,,,,,Y,,,,,,,
Q9Y2W1,TR150,Thyroid hormone receptor-associated protein 3,THRAP3,S,171,,,,,,Y,,,,,,,
Q9Y490,TLN1,Talin-1,TLN1,S,1309,,,,,,,Y,Y,Y,,,,
Q9Y490,TLN1,Talin-1,TLN1,S,1311,,,,,,,Y,Y,Y,,,,
Q9Y490,TLN1,Talin-1,TLN1,S,1312,,,,,,,Y,Y,,,,,
O00206,TLR4,Toll-like receptor 4,TLR4,S,239,,,,,,,,,Y,,,,
Q6UXY8,TMC5,Transmembrane channel-like protein 5,TMC5,S,270,,,,,,,Y,,,,,,
Q96I45,TM141,Transmembrane protein 141,TMEM141,S,7,,,,,,,Y,,,,,,
Q8NBL3,T178A,Transmembrane protein 178A,TMEM178A,S,70,,,,,,,Y,,,,,,
P57088,TMM33,Transmembrane protein 33,TMEM33,S,240,,,,,,,,,,,,Y,
P57088,TMM33,Transmembrane protein 33,TMEM33,T,245,,,,,,,,,,,,Y,
O15393,TMPS2,HUMAN Transmembrane protease serine 2,TMPRSS2,Y,152,,,Y,,,,,,,,,,
O95985,TOP3B,HUMAN DNA topoisomerase 3-beta-1,TOP3B,S,27,,,,,Y,,,,,,,,
O95985,TOP3B,HUMAN DNA topoisomerase 3-beta-1,TOP3B,S,28,,,,,Y,,,,,,,,
P29144,TPP2,Tripeptidyl-peptidase 2,TPP2,S,911,,,,,,,,,,,,,Y
Q13595,TRA2A,Transformer-2 protein homolog alpha,TRA2A,S,38,,,,,,,,,Y,,,,
Q13595,TRA2A,Transformer-2 protein homolog alpha,TRA2A,S,40,,,,,,,,,Y,,,,
Q9UPV9,TRAK1,Trafficking kinesin-binding protein 1,TRAK1,S,817,,,,,,,,,,,,,Y
O15050,TRNK1,TPR and ankyrin repeat-containing protein 1,TRANK1,S,162,,,,,,,,,,,,,Y
Q8WVT3,TPC12,Trafficking protein particle complex subunit 12,TRAPPC12,S,708,,,,,,,,,,Y,,,
Q14142,TRI14,Tripartite motif-containing protein 14,TRIM14,S,256,,,,,,,,,,Y,,,
Q9C030,TRIM6,Tripartite motif-containing protein 6,TRIM6,S,334,,,,,,,,,Y,,,,
Q9H1D0,TRPV6,Transient receptor potential cation channel subfamily V member 6,TRPV6,S,358,,,,,,,,,,Y,,,
Q9H1D0,TRPV6,Transient receptor potential cation channel subfamily V member 6,TRPV6,T,351,,,,,,,,,,Y,,,
Q8WZ42,TITIN,Titin,TTN,T,26263,,,,,,,Y,Y,,,Y,,
Q8WZ42,TITIN,Titin,TTN,T,33169,,,,,,,,,,,,Y,
Q8WZ42,TITIN,Titin,TTN,T,33172,,,,,,,,,,,,Y,
Q8WZ42,TITIN,Titin,TTN,T,33484,,,,,,,,Y,,,,,
Q8WZ42,TITIN,Titin,TTN,T,33485,,,,,,,,Y,,,,,
Q8WZ42,TITIN,Titin,TTN,T,33492,,,,,,,,Y,,,,,
Q8WZ42,TITIN,HUMAN Titin,TTN,T,617,,,Y,,,,,,,,,,
Q9NV66,TYW1,S-adenosyl-L-methionine-dependent tRNA 4-demethylwyosine synthase,TYW1,S,374,,,,,,,,,,Y,,,
Q9NV66,TYW1,S-adenosyl-L-methionine-dependent tRNA 4-demethylwyosine synthase,TYW1,S,376,,,,,,,,,,Y,,,
Q9NV66,TYW1,S-adenosyl-L-methionine-dependent tRNA 4-demethylwyosine synthase,TYW1,T,365,,,,,,,,,,Y,,,
A0AVT1,UBA6,Ubiquitin-like modifier-activating enzyme 6,UBA6,S,534,,,,,,,Y,,,,,,
Q9H832,UBE2Z,Ubiquitin-conjugating enzyme E2 Z,UBE2Z,T,169,,,,,,,,,,Y,,,
Q9H832,UBE2Z,Ubiquitin-conjugating enzyme E2 Z,UBE2Z,T,170,,,,,,,,,,Y,,,
Q9NZI7,UBIP1,HUMAN Upstream-binding protein 1,UBP1,S,425,,,Y,,,,,,,,,,
Q9NZI7,UBIP1,HUMAN Upstream-binding protein 1,UBP1,T,431,,,Y,,,,,,,,,,
Q6ZT12,UBR3,E3 ubiquitin-protein ligase UBR3,UBR3,S,440,,,,,,Y,,,,,,,
Q6ZT12,UBR3,E3 ubiquitin-protein ligase UBR3,UBR3,T,438,,,,,,Y,,,,,,,
Q5T4S7,UBR4,E3 ubiquitin-protein ligase UBR4,UBR4,S,1927,,,,,,Y,,,,,,,
Q96RL1,UIMC1,BRCA1-A complex subunit RAP80,UIMC1,T,700,,,,,,,,,Y,,,,
Q96RL1,UIMC1,BRCA1-A complex subunit RAP80,UIMC1,T,709,,,,,,,,,Y,,,,
Q9UPW8,UN13A,HUMAN Protein unc-13 homolog A,UNC13A,T,1468,,Y,,,,,,,,,,,
Q6UXZ4,UNC5D,Netrin receptor UNC5D,UNC5D,S,473,,,,,,,,Y,,,,,
Q96BW1,UPP,Uracil phosphoribosyltransferase homolog,UPRT,S,183,,,,,,Y,,,,,,,
Q9NZ43,USE1,Vesicle transport protein USE1,USE1,S,15,,,,,,,,,,,Y,,
P51784,UBP11,HUMAN Ubiquitin carboxyl-terminal hydrolase 11,USP11,Y,593,,,,Y,,,,,,,,,
Q9UPU5,UBP24,Ubiquitin carboxyl-terminal hydrolase 24,USP24,S,2561,,,,,,,,,,,,,Y
Q8TEY7,UBP33,Ubiquitin carboxyl-terminal hydrolase 33,USP33,S,743,,,,,,,,,,Y,,,
Q70CQ2,UBP34,HUMAN Ubiquitin carboxyl-terminal hydrolase 34,USP34,T,2088,,,,Y,,,,,,,,,
P35125,UBP6,Ubiquitin carboxyl-terminal hydrolase 6,USP6,S,897,,,,,,Y,,,,,,,
P35125,UBP6,Ubiquitin carboxyl-terminal hydrolase 6,USP6,T,908,,,,,,Y,,,,,,,
P35125,UBP6,Ubiquitin carboxyl-terminal hydrolase 6,USP6,T,911,,,,,,Y,,,,,,,
Q9Y5J1,UTP18,HUMAN U3 small nucleolar RNA-associated protein 18 homolog,UTP18,S,522,,Y,,,,,,,,,,,
P46939,UTRO,Utrophin,UTRN,T,1494,,,,,,,,,,,Y,,
Q8N3P4,VPS8,Vacuolar protein sorting-associated protein 8 homolog,VPS8,S,1095,,,,,,,,Y,,,,,
Q9H8Y1,VRTN,Vertnin,VRTN,T,648,,,,,,,,,,,Y,,
O75083,WDR1,WD repeat-containing protein 1,WDR1,T,87,,,,,,,Y,,,,,,
Q8TAF3,WDR48,WD repeat-containing protein 48,WDR48,T,279,,,,,,,,,Y,,,,
Q6ZQQ6,WDR87,WD repeat-containing protein 87,WDR87,S,2,,,,,,,,,,,,,Y
Q6ZQQ6,WDR87,WD repeat-containing protein 87,WDR87,S,3,,,,,,,,,,,,,Y
Q96KV7,WDR90,WD repeat-containing protein 90,WDR90,S,171,,,,,,,,Y,,,,,
Q96KV7,WDR90,WD repeat-containing protein 90,WDR90,T,199,,,,,,,,,Y,,,,
Q9Y3S1,WNK2,HUMAN Serine/threonine-protein kinase WNK2,WNK2,S,1776,,,,Y,,,,,,,,,
Q9Y3S1,WNK2,HUMAN Serine/threonine-protein kinase WNK2,WNK2,S,1777,,,,Y,,,,,,,,,
P17861,XBP1,X-box-binding protein 1,XBP1,T,65,,,,,,,Y,,,,,,
A4UGR9,XIRP2,HUMAN Xin actin-binding repeat-containing protein 2,XIRP2,S,2996,Y,,,,,,,,,,,,
A4UGR9,XIRP2,HUMAN Xin actin-binding repeat-containing protein 2,XIRP2,S,2998,Y,,,,,,,,,,,,
A4UGR9,XIRP2,HUMAN Xin actin-binding repeat-containing protein 2,XIRP2,T,2995,Y,,,,,,,,,,,,
P12956,XRCC6,X-ray repair cross-complementing protein 6,XRCC6,T,572,,,,,,,Y,,,,,,
P12956,XRCC6,X-ray repair cross-complementing protein 6,XRCC6,T,577,,,,,,,Y,,,,,,
Q9Y493,ZAN,Zonadhesin,ZAN,T,620,,,,,,,,,Y,,,,
Q9Y493,ZAN,Zonadhesin,ZAN,T,627,,,,,,,,,Y,,,,
P10074,TZAP,Telomere zinc finger-associated protein,ZBTB48,T,581,,,,,,,,,,Y,Y,,
Q86WB0,NIPA,HUMAN Nuclear-interacting partner of ALK,ZC3HC1,S,321,,,Y,,,,,,,,,,
Q9H0M4,ZCPW1,HUMAN Zinc finger CW-type PWWP domain protein 1,ZCWPW1,S,519,,,Y,,,,,,,,,,
Q8WTX9,ZDHC1,Probable palmitoyltransferase ZDHHC1,ZDHHC1,T,14,,,,,,,,,,,Y,,
Q15911,ZFHX3,HUMAN Zinc finger homeobox protein 3,ZFHX3,S,2226,,,,Y,,,,,,,,,
Q86YA3,ZGRF1,Protein ZGRF1,ZGRF1,S,1218,,,,,,,Y,,,,,,
Q9UJ78,ZMYM5,Zinc finger MYM-type protein 5,ZMYM5,S,218,,,,,,,,,,,Y,,
P52743,ZN137,Putative zinc finger protein 137,ZNF137P,S,22,,,,,,,,,,,Y,,
P52743,ZN137,Putative zinc finger protein 137,ZNF137P,T,12,,,,,,,,,,,Y,,
P49910,ZN165,HUMAN Zinc finger protein 165,ZNF165,S,153,Y,,,,,,,,,,,,
Q9UL58,ZN215,Zinc finger protein 215,ZNF215,S,5,,,,,,,,,,,,Y,Y
O60281,ZN292,Zinc finger protein 292,ZNF292,S,2413,,,,,,,,,,,,,Y
O60281,ZN292,Zinc finger protein 292,ZNF292,S,2418,,,,,,,,,,,,,Y
O60281,ZN292,Zinc finger protein 292,ZNF292,T,2417,,,,,,,,,,,,,Y
Q9C0G0,ZN407,HUMAN Zinc finger protein 407,ZNF407,T,307,Y,,,,,,,,,,,,
Q86V71,ZN429,HUMAN Zinc finger protein 429,ZNF429,S,437,Y,,,,,,,,,,,,
Q86V71,ZN429,HUMAN Zinc finger protein 429,ZNF429,S,438,Y,,,,,,,,,,,,
Q86V71,ZN429,HUMAN Zinc finger protein 429,ZNF429,T,439,Y,,,,,,,,,,,,
Q86V71,ZN429,HUMAN Zinc finger protein 429,ZNF429,T,441,Y,,,,,,,,,,,,
Q96F45,ZN503,Zinc finger protein 503,ZNF503,S,6,,,,,,Y,,,,,,,
Q96F45,ZN503,Zinc finger protein 503,ZNF503,S,8,,,,,,Y,,,,,,,
Q96F45,ZN503,Zinc finger protein 503,ZNF503,T,3,,,,,,Y,,,,,,,
Q9C0D4,Z518B,HUMAN Zinc finger protein 518B,ZNF518B,T,356,,,,,Y,,,,,,,,
Q8IVC4,ZN584,Zinc finger protein 584,ZNF584,T,191,,,,,,,,,,Y,Y,Y,Y
Q86UQ0,ZN589,HUMAN Zinc finger protein 589,ZNF589,S,241,,,,,Y,,,,,,,,
Q86UQ0,ZN589,HUMAN Zinc finger protein 589,ZNF589,S,242,,,,,Y,,,,,,,,
Q8TD23,ZN675,Zinc finger protein 675,ZNF675,S,324,,,,,,,,Y,,,,,
Q8TD23,ZN675,Zinc finger protein 675,ZNF675,S,325,,,,,,,,Y,,,,,
Q8TD23,ZN675,Zinc finger protein 675,ZNF675,T,326,,,,,,,,Y,,,,,
Q8TD23,ZN675,Zinc finger protein 675,ZNF675,T,328,,,,,,,,Y,,,,,
Q8TD23,ZN675,Zinc finger protein 675,ZNF675,T,329,,,,,,,,Y,,,,,
Q96N20,ZN75A,Zinc finger protein 75A,ZNF75A,S,173,,,,,,,,,,,,,Y
Q96N20,ZN75A,Zinc finger protein 75A,ZNF75A,S,174,,,,,,,,,,,,,Y
Q86XN6,ZN761,Zinc finger protein 761,ZNF761,S,532,,,,,,,Y,,,,,,
P16415,ZN823,HUMAN Zinc finger protein 823,ZNF823,S,594,,,Y,,,,,,,,,,
P16415,ZN823,HUMAN Zinc finger protein 823,ZNF823,S,597,,,Y,,,,,,,,,,
Q17R98,ZN827,HUMAN Zinc finger protein 827,ZNF827,S,783,,Y,,,,,,,,,,,
Q9Y2P0,ZN835,HUMAN Zinc finger protein 835,ZNF835,S,499,,Y,,,,,,,,,,,
Q9Y2P0,ZN835,HUMAN Zinc finger protein 835,ZNF835,S,500,,Y,,,,,,,,,,,
Q9Y2P0,ZN835,HUMAN Zinc finger protein 835,ZNF835,T,495,,Y,,,,,,,,,,,
Q9BS86,ZPBP1,HUMAN Zona pellucida-binding protein 1,ZPBP,S,210,,,,Y,,,,,,,,,
P10073,ZSC22,HUMAN Zinc finger and SCAN domain-containing protein 22,ZSCAN22,S,226,,,,,Y,,,,,,,,
O15535,ZSC9,Zinc finger and SCAN domain-containing protein 9,ZSCAN9,S,185,,,,,,Y,,,,,,,
O15535,ZSC9,Zinc finger and SCAN domain-containing protein 9,ZSCAN9,T,193,,,,,,Y,,,,,,,
Q96MP5,ZSWM3,Zinc finger SWIM domain-containing protein 3,ZSWIM3,S,463,,,,,,,,,,,Y,,
A7E2V4,ZSWM8,HUMAN Zinc finger SWIM domain-containing protein 8,ZSWIM8,T,901,,,Y,,,,,,,,,,
