Uniprot,Protein,FASTA header,Gene,Amino acid,Site,SILAC2 - Vehicle,SILAC2 - PJ34,SILAC3 - Vehicle,SILAC3 - PJ34,SILAC4 - Vehicle,LFQ4 - Veh - unstim,LFQ4 - Veh - LPS,LFQ4 - PJ34 - unstim.,LFQ4 - PJ34 - LPS,LFQ5 - Veh - unstim,LFQ5 - Veh - LPS,LFQ5 - PJ35 - unstim.,LFQ5 - PJ35 - LPS
O43184,ADA12,Disintegrin and metalloproteinase domain-containing protein 12,ADAM12,R,736,,,,,,,Y,,,Y,Y,,Y
Q9UJX6,ANC2,Anaphase-promoting complex subunit 2,ANAPC2,R,694,,,,,,Y,Y,,,,,Y,
Q9UJX6,ANC2,Anaphase-promoting complex subunit 2,ANAPC2,R,695,,,,,,Y,Y,,,,,Y,
P11049,CD37,HUMAN Leukocyte antigen CD37,CD37,K,12,,,Y,Y,,,,,,Y,Y,,
Q00535,CDK5,Cyclin-dependent-like kinase 5,CDK5,D,126,,,,,,,Y,,Y,Y,Y,,
Q00535,CDK5,Cyclin-dependent-like kinase 5,CDK5,K,128,,,,,,,Y,,Y,Y,Y,,
Q8IY85,EFC13,EF-hand calcium-binding domain-containing protein 13,EFCAB13,K,411,,,,,,,,,Y,Y,,,Y
Q6PIW4,FIGL1,Fidgetin-like protein 1,FIGNL1,D,175,,,,,,,,,Y,Y,,,
Q6PIW4,FIGL1,Fidgetin-like protein 1,FIGNL1,E,178,,,,,,,,,Y,Y,,,
Q9Y5P6,GMPPB,Mannose-1-phosphate guanyltransferase beta,GMPPB,K,195,,,,,,,,,Y,Y,,,
Q9Y5P6,GMPPB,Mannose-1-phosphate guanyltransferase beta,GMPPB,K,203,,,,,,,,,Y,Y,,,
Q9Y4K0,LOXL2,Lysyl oxidase homolog 2,LOXL2,E,207,,,,,,,,Y,,Y,,Y,
Q9Y4K0,LOXL2,Lysyl oxidase homolog 2,LOXL2,E,210,,,,,,,,Y,,Y,,Y,
Q9Y4K0,LOXL2,Lysyl oxidase homolog 2,LOXL2,K,209,,,,,,,,Y,,Y,,Y,
Q9Y4K0,LOXL2,Lysyl oxidase homolog 2,LOXL2,R,198,,,,,,,,Y,,Y,,Y,Y
Q7RTR0,NLRP9,"NACHT, LRR and PYD domains-containing protein 9",NLRP9,K,82,,,,,,Y,,Y,Y,Y,Y,Y,Y
Q7RTR0,NLRP9,"NACHT, LRR and PYD domains-containing protein 9",NLRP9,R,81,,,,,,Y,,Y,Y,Y,Y,Y,Y
P39019,RS19,40S ribosomal protein S19,RPS19,E,108,,,,,,Y,Y,Y,Y,,Y,,
P39019,RS19,40S ribosomal protein S19,RPS19,K,111,,,,,,Y,Y,Y,Y,,Y,,
Q96R06,SPAG5,Sperm-associated antigen 5,SPAG5,K,41,,,,,,,,Y,,,Y,Y,
Q96R06,SPAG5,Sperm-associated antigen 5,SPAG5,R,42,,,,,,,,Y,,,Y,Y,
Q96R06,SPAG5,Sperm-associated antigen 5,SPAG5,R,576,,,,,,,Y,,Y,Y,Y,Y,
Q99909,SSX3,Protein SSX3,SSX3,K,110,,,,,,Y,Y,,Y,Y,,Y,Y
O75478,TAD2A,Transcriptional adapter 2-alpha,TADA2A,D,227,,,,,,,,,Y,,,Y,
O75478,TAD2A,Transcriptional adapter 2-alpha,TADA2A,R,226,,,,,,,,,Y,,,Y,
P57088,TMM33,HUMAN Transmembrane protein 33,TMEM33,R,241,,,,Y,,,,,,,,Y,
Q8WZ42,TITIN,Titin,TTN,E,26260,,,,,,,Y,Y,,,Y,,
Q8WZ42,TITIN,Titin,TTN,K,26264,,,,,,,Y,Y,,,Y,,
Q8WU67,ABHD3,Phospholipase ABHD3,ABHD3,K,297,,,,,,,,,Y,,,,
Q9NPJ3,ACO13,HUMAN Acyl-coenzyme A thioesterase 13,ACOT13,E,10,,,,Y,,,,,,,,,
P33121,ACSL1,HUMAN Long-chain-fatty-acid--CoA ligase 1,ACSL1,D,629,,,Y,,,,,,,,,,
Q9UKU0,ACSL6,Long-chain-fatty-acid--CoA ligase 6,ACSL6,D,554,,,,,,Y,,,,,,,
Q9UKU0,ACSL6,Long-chain-fatty-acid--CoA ligase 6,ACSL6,R,555,,,,,,Y,,,,,,,
Q08043,ACTN3,Alpha-actinin-3,ACTN3,D,237,,,,,,,,,Y,,,,
Q13705,AVR2B,HUMAN Activin receptor type-2B,ACVR2B,E,194,,,Y,,,,,,,,,,
O43184,ADA12,HUMAN Disintegrin and metalloproteinase domain-containing protein 12,ADAM12,D,249,,,,Y,,,,,,,,,
O43184,ADA12,HUMAN Disintegrin and metalloproteinase domain-containing protein 12,ADAM12,K,250,,,,Y,,,,,,,,,
Q8N7X0,ADGB,Androglobin,ADGB,D,1380,,,,,,Y,,,,,,,
Q8N7X0,ADGB,Androglobin,ADGB,D,1385,,,,,,Y,,,,,,,
Q9BSE5,SPEB,"Agmatinase, mitochondrial",AGMAT,C,9,,,,,,,,,Y,,,,
Q9UKV8,AGO2,HUMAN Protein argonaute-2,AGO2,R,110,,,,Y,,,,,,,,,
Q96BT7,ALKB8,Alkylated DNA repair protein alkB homolog 8,ALKBH8,E,488,,,,,,Y,,,,,,,
Q15389,ANGP1,HUMAN Angiopoietin-1,ANGPT1,E,207,,,Y,,,,,,,,,,
Q9P2S6,ANKY1,Ankyrin repeat and MYND domain-containing protein 1,ANKMY1,R,826,,,,,,,,,Y,,,,
Q6UB99,ANR11,Ankyrin repeat domain-containing protein 11,ANKRD11,D,727,,,,,,Y,,,,,,,
Q6UB99,ANR11,Ankyrin repeat domain-containing protein 11,ANKRD11,R,733,,,,,,Y,,,,,,,
Q8N2N9,AN36B,Ankyrin repeat domain-containing protein 36B,ANKRD36B,D,1136,,,,,,,,Y,,,,,
Q8N2N9,AN36B,Ankyrin repeat domain-containing protein 36B,ANKRD36B,K,1135,,,,,,,,Y,,,,,
Q8N2N9,AN36B,Ankyrin repeat domain-containing protein 36B,ANKRD36B,K,1139,,,,,,,,Y,,,,,
Q5XXA6,ANO1,Anoctamin-1,ANO1,E,874,,,,,,,Y,Y,,,,,
A6NF34,ANTRL,HUMAN Anthrax toxin receptor-like,ANTXRL,C,551,,,,Y,,,,,,,,,
P06727,APOA4,HUMAN Apolipoprotein A-IV,APOA4,D,94,Y,,,,,,,,,,,,
P06727,APOA4,HUMAN Apolipoprotein A-IV,APOA4,R,221,,,,Y,,,,,,,,,
Q9NP61,ARFG3,ADP-ribosylation factor GTPase-activating protein 3,ARFGAP3,E,382,,,,,,,,,Y,,,,
P78540,ARGI2,"Arginase-2, mitochondrial",ARG2,K,56,,,,,,Y,,,,,,,
P78540,ARGI2,"Arginase-2, mitochondrial",ARG2,R,50,,,,,,Y,,,,,,,
Q8N264,RHG24,Rho GTPase-activating protein 24,ARHGAP24,E,698,,,,,,Y,,,,,,,
Q8N264,RHG24,Rho GTPase-activating protein 24,ARHGAP24,K,700,,,,,,Y,,,,,,,
Q9NZN5,ARHGC,HUMAN Rho guanine nucleotide exchange factor 12,ARHGEF12,R,605,,,,Y,,,,,,,,,
Q9UH62,ARMX3,Armadillo repeat-containing X-linked protein 3,ARMCX3,D,176,,,,,,Y,Y,Y,Y,,,,
Q9UH62,ARMX3,Armadillo repeat-containing X-linked protein 3,ARMCX3,K,180,,,,,,,,,Y,,,,
Q9UH62,ARMX3,Armadillo repeat-containing X-linked protein 3,ARMCX3,R,175,,,,,,Y,Y,Y,,,,,
Q9HBK9,AS3MT,Arsenite methyltransferase,AS3MT,K,11,,,,,,,Y,,,,,,
Q9NVI7,ATD3A,ATPase family AAA domain-containing protein 3A,ATAD3A,E,547,,,,,,,,,Y,,,,
Q9NVI7,ATD3A,ATPase family AAA domain-containing protein 3A,ATAD3A,K,549,,,,,,,,,Y,,,,
Q9NVI7,ATD3A,ATPase family AAA domain-containing protein 3A,ATAD3A,R,551,,,,,,,,,Y,,,,
P98198,AT8B2,HUMAN Phospholipid-transporting ATPase ID,ATP8B2,C,52,,,,Y,,,,,,,,,
Q9P281,BAHC1,BAH and coiled-coil domain-containing protein 1,BAHCC1,R,1605,,,,,,,,Y,,,,,
Q9UIG0,BAZ1B,Tyrosine-protein kinase BAZ1B,BAZ1B,K,425,,,,,,,,Y,,,,,
Q9UIG0,BAZ1B,Tyrosine-protein kinase BAZ1B,BAZ1B,K,426,,,,,,,,Y,,,,,
Q8NFJ9,BBS1,Bardet-Biedl syndrome 1 protein,BBS1,K,207,,,,,,,,Y,,,,,
Q8NFJ9,BBS1,Bardet-Biedl syndrome 1 protein,BBS1,K,208,,,,,,,,Y,,,,,
O15382,BCAT2,"Branched-chain-amino-acid aminotransferase, mitochondrial",BCAT2,C,135,,,,,,,,Y,,,,,
P11274,BCR,Breakpoint cluster region protein,BCR,E,141,,,,,,,,Y,,,,,
P11274,BCR,Breakpoint cluster region protein,BCR,R,142,,,,,,,,Y,,,,,
Q8NFC6,BD1L1,Biorientation of chromosomes in cell division protein 1-like 1,BOD1L1,E,647,,,,,,Y,Y,,,,,,
Q8NFC6,BD1L1,HUMAN Biorientation of chromosomes in cell division protein 1-like 1,BOD1L1,E,906,,,Y,Y,,,,,,,,,
Q8NFC6,BD1L1,Biorientation of chromosomes in cell division protein 1-like 1,BOD1L1,K,649,,,,,,,Y,,,,,,
Q8NFC6,BD1L1,Biorientation of chromosomes in cell division protein 1-like 1,BOD1L1,K,798,,,,,,Y,,,,,,,
Q8NFC6,BD1L1,Biorientation of chromosomes in cell division protein 1-like 1,BOD1L1,K,804,,,,,,Y,,,,,,,
Q8NFC6,BD1L1,Biorientation of chromosomes in cell division protein 1-like 1,BOD1L1,R,797,,,,,,Y,,,,,,,
P25440,BRD2,Bromodomain-containing protein 2,BRD2,K,118,,,,,,,Y,,Y,,,,
Q58F21,BRDT,HUMAN Bromodomain testis-specific protein,BRDT,E,568,,Y,,,,,,,,,,,
Q58F21,BRDT,HUMAN Bromodomain testis-specific protein,BRDT,R,565,,Y,,,,,,,,,,,
Q92994,TF3B,Transcription factor IIIB 90 kDa subunit,BRF1,E,523,,,,,,,Y,,,,,,
Q9BX63,FANCJ,Fanconi anemia group J protein,BRIP1,K,345,,,,,,,Y,,,,,,
Q9BX63,FANCJ,Fanconi anemia group J protein,BRIP1,K,346,,,,,,,Y,,,,,,
Q9BRD0,BUD13,HUMAN BUD13 homolog,BUD13,D,137,,,Y,,,,,,,,,,
Q8IYJ2,CJ067,"Uncharacterized protein C10orf67, mitochondrial",C10orf67,E,241,,,,,,Y,,,,,,,
Q86WS4,CL040,HUMAN Uncharacterized protein C12orf40,C12orf40,E,225,,,,,Y,,,,,,,,
Q86WS4,CL040,HUMAN Uncharacterized protein C12orf40,C12orf40,R,226,,,,,Y,,,,,,,,
Q69YU5,CL073,Uncharacterized protein C12orf73,C12orf73,E,40,,,,,,,,Y,,,,,
Q69YU5,CL073,Uncharacterized protein C12orf73,C12orf73,R,45,,,,,,,,Y,,,,,
Q5TEA3,CT194,Uncharacterized protein C20orf194,C20orf194,E,1104,,,,,,Y,,,,,,,
Q5JTZ5,CI152,HUMAN Uncharacterized protein C9orf152,C9orf152,K,64,,,Y,,,,,,,,,,
Q5JTZ5,CI152,HUMAN Uncharacterized protein C9orf152,C9orf152,R,54,,,Y,,,,,,,,,,
Q8WTZ4,CA5BL,HUMAN Putative inactive carbonic anhydrase 5B-like protein,CA5BP1,K,111,Y,,,,,,,,,,,,
P27708,PYR1,CAD protein,CAD,E,507,,,,,,,Y,,,,,,
Q5EG05,CAR16,Caspase recruitment domain-containing protein 16,CARD16,E,46,,,,,,Y,,,,,,,
Q5EG05,CAR16,Caspase recruitment domain-containing protein 16,CARD16,R,45,,,,,,Y,,,,,,,
A5YM72,CRNS1,HUMAN Carnosine synthase 1,CARNS1,R,729,,,,Y,,,,,,,,,
Q8N715,CC185,Coiled-coil domain-containing protein 185,CCDC185,R,236,,,,,,Y,,,,,,,
Q16204,CCDC6,HUMAN Coiled-coil domain-containing protein 6,CCDC6,D,333,,,,,Y,,,,,,,,
Q16204,CCDC6,HUMAN Coiled-coil domain-containing protein 6,CCDC6,E,330,,,,,Y,,,,,,,,
Q16204,CCDC6,HUMAN Coiled-coil domain-containing protein 6,CCDC6,E,334,,,,,Y,,,,,,,,
Q16204,CCDC6,HUMAN Coiled-coil domain-containing protein 6,CCDC6,R,335,,,,,Y,,,,,,,,
P51677,CCR3,HUMAN C-C chemokine receptor type 3,CCR3,E,334,,,,Y,,,,,,,,,
P51677,CCR3,HUMAN C-C chemokine receptor type 3,CCR3,K,335,,,,Y,,,,,,,,,
O60508,PRP17,HUMAN Pre-mRNA-processing factor 17,CDC40,K,374,Y,,,,,,,,,,,,
O60508,PRP17,HUMAN Pre-mRNA-processing factor 17,CDC40,R,373,Y,,,,,,,,,,,,
Q5VT25,MRCKA,HUMAN Serine/threonine-protein kinase MRCK alpha,CDC42BPA,D,133,,,Y,,,,,,,,,,
Q9Y6N8,CAD10,Cadherin-10,CDH10,D,706,,,,,,,,,Y,,,,
Q9Y6N8,CAD10,Cadherin-10,CDH10,R,711,,,,,,,,,Y,,,,
Q15078,CD5R1,Cyclin-dependent kinase 5 activator 1,CDK5R1,E,150,,,,,,,,Y,,,,,
Q15078,CD5R1,Cyclin-dependent kinase 5 activator 1,CDK5R1,R,153,,,,,,,,Y,,,,,
Q03188,CENPC,Centromere protein C,CENPC,D,124,,,,,,,,Y,,,,,
A8MT69,CENPX,Centromere protein X,CENPX,R,17,,,,,,,Y,,,,,,
Q5SW79,CE170,Centrosomal protein of 170 kDa,CEP170,E,813,,,,,,,Y,,,,,,
Q5SW79,CE170,Centrosomal protein of 170 kDa,CEP170,K,817,,,,,,,Y,,,,,,
A0A1B0GU71,C97D2,Uncharacterized protein CFAP97D2,CFAP97D2,E,75,,,,,,,,,Y,,,,
A0A1B0GU71,C97D2,Uncharacterized protein CFAP97D2,CFAP97D2,K,76,,,,,,,,,Y,,,,
Q9P2D1,CHD7,Chromodomain-helicase-DNA-binding protein 7,CHD7,E,2537,,,,,,,,Y,,,,,
Q9P2D1,CHD7,Chromodomain-helicase-DNA-binding protein 7,CHD7,K,2543,,,,,,,,Y,,,,,
O43633,CHM2A,Charged multivesicular body protein 2a,CHMP2A,D,57,,,,,,,,Y,,,,,
O43633,CHM2A,Charged multivesicular body protein 2a,CHMP2A,K,52,,,,,,,,Y,,,,,
P52757,CHIO,Beta-chimaerin,CHN2,C,45,,,,,,,Y,,,,,,
P52757,CHIO,Beta-chimaerin,CHN2,R,47,,,,,,,Y,,,,,,
Q07065,CKAP4,Cytoskeleton-associated protein 4,CKAP4,E,575,,,,,,,Y,,,,,,
P12532,KCRU,"Creatine kinase U-type, mitochondrial",CKMT1A,R,150,,,,,,,,Y,,,,,
P12532,KCRU,"Creatine kinase U-type, mitochondrial",CKMT1A,R,163,,,,,,,,Y,,,,,
O75122,CLAP2,CLIP-associating protein 2,CLASP2,K,1268,,,,,,,Y,,Y,,,,
O75122,CLAP2,CLIP-associating protein 2,CLASP2,K,1275,,,,,,,Y,,Y,,,,
Q7Z7A1,CNTRL,HUMAN Centriolin,CNTRL,R,1766,,,,,Y,,,,,,,,
P38432,COIL,HUMAN Coilin,COIL,D,40,,,,Y,,,,,,,,,
Q6QEF8,CORO6,HUMAN Coronin-6,CORO6,K,354,,,Y,,,,,,,,,,
P31327,CPSM,"HUMAN Carbamoyl-phosphate synthase [ammonia], mitochondrial",CPS1,R,12,,,Y,,,,,,,,,,
P31327,CPSM,"Carbamoyl-phosphate synthase [ammonia], mitochondrial",CPS1,R,1262,,,,,,,Y,,,,,,
O75462,CRLF1,Cytokine receptor-like factor 1,CRLF1,R,402,,,,,,Y,,,Y,,,,
Q7Z408,CSMD2,CUB and sushi domain-containing protein 2,CSMD2,C,2800,,,,,,Y,Y,,,,,,
Q7Z408,CSMD2,CUB and sushi domain-containing protein 2,CSMD2,K,2803,,,,,,Y,Y,,,,,,
Q93034,CUL5,HUMAN Cullin-5,CUL5,D,362,,,,Y,,,,,,,,,
Q93034,CUL5,HUMAN Cullin-5,CUL5,R,364,,,,Y,,,,,,,,,
Q93034,CUL5,HUMAN Cullin-5,CUL5,R,369,,,,Y,,,,,,,,,
P05181,CP2E1,HUMAN Cytochrome P450 2E1,CYP2E1,C,488,,,Y,,,,,,,,,,
O60759,CYTIP,HUMAN Cytohesin-interacting protein,CYTIP,K,343,,,Y,,,,,,,,,,
O60759,CYTIP,HUMAN Cytohesin-interacting protein,CYTIP,R,350,,,Y,,,,,,,,,,
O94760,DDAH1,"N(G),N(G)-dimethylarginine dimethylaminohydrolase 1",DDAH1,D,206,,,,,,,Y,,,,,,
Q68D51,DEN2C,DENN domain-containing protein 2C,DENND2C,E,531,,,,,,,,,Y,,,,
Q68D51,DEN2C,DENN domain-containing protein 2C,DENND2C,E,532,,,,,,,,,Y,,,,
Q68D51,DEN2C,DENN domain-containing protein 2C,DENND2C,K,535,,,,,,,,,Y,,,,
P11532,DMD,Dystrophin,DMD,D,462,,,,,,,,Y,,,,,
P11532,DMD,Dystrophin,DMD,E,459,,,,,,,,Y,,,,,
P11532,DMD,Dystrophin,DMD,R,470,,,,,,,,Y,,,,,
P11532,DMD,Dystrophin,DMD,R,472,,,,,,,,Y,,,,,
Q86Y56,DAAF5,"Dynein assembly factor 5, axonemal",DNAAF5,D,737,,,,,,Y,,,,,,,
Q86Y56,DAAF5,"Dynein assembly factor 5, axonemal",DNAAF5,E,739,,,,,,Y,,,,,,,
Q86Y56,DAAF5,"Dynein assembly factor 5, axonemal",DNAAF5,K,740,,,,,,Y,,,,,,,
Q96DT5,DYH11,"HUMAN Dynein heavy chain 11, axonemal",DNAH11,D,469,,,,,Y,,,,,,,,
Q96DT5,DYH11,"HUMAN Dynein heavy chain 11, axonemal",DNAH11,R,470,,,,,Y,,,,,,,,
Q8WXX0,DYH7,"HUMAN Dynein heavy chain 7, axonemal",DNAH7,C,568,,,,,Y,,,,,,,,
P31689,DNJA1,DnaJ homolog subfamily A member 1,DNAJA1,D,337,,,,,,,,,Y,,,,
Q9UDY4,DNJB4,HUMAN DnaJ homolog subfamily B member 4,DNAJB4,D,157,,,Y,,,,,,,,,,
Q9UDY4,DNJB4,HUMAN DnaJ homolog subfamily B member 4,DNAJB4,E,163,,,,Y,,,,,,,,,
Q4LDG9,DNAL1,"HUMAN Dynein light chain 1, axonemal",DNAL1,E,9,,,,Y,,,,,,,,,
O60496,DOK2,Docking protein 2,DOK2,E,45,,,,,,,,,Y,,,,
O60496,DOK2,Docking protein 2,DOK2,E,48,,,,,,,,,Y,,,,
O60496,DOK2,Docking protein 2,DOK2,K,49,,,,,,,,,Y,,,,
Q8NCM8,DYHC2,Cytoplasmic dynein 2 heavy chain 1,DYNC2H1,C,2351,,,,,,,Y,,,,,,
Q8NCM8,DYHC2,Cytoplasmic dynein 2 heavy chain 1,DYNC2H1,D,2350,,,,,,,Y,,,,,,
Q8NCM8,DYHC2,Cytoplasmic dynein 2 heavy chain 1,DYNC2H1,E,2352,,,,,,,Y,,,,,,
Q8NCM8,DYHC2,Cytoplasmic dynein 2 heavy chain 1,DYNC2H1,R,2353,,,,,,,Y,,,,,,
Q15075,EEA1,Early endosome antigen 1,EEA1,E,920,,,,,,,,Y,,,,,
Q15075,EEA1,Early endosome antigen 1,EEA1,K,921,,,,,,,,Y,,,,,
Q15075,EEA1,Early endosome antigen 1,EEA1,K,923,,,,,,,,Y,,,,,
P68104,EF1A1,Elongation factor 1-alpha 1,EEF1A1,K,3,,,,,,,,Y,,,,,
Q06889,EGR3,Early growth response protein 3,EGR3,E,291,,,,,,Y,,,,,,,
Q2VIR3,IF2GL,Eukaryotic translation initiation factor 2 subunit 3B,EIF2S3B,R,255,,,,,,,,,Y,,,,
Q15056,IF4H,Eukaryotic translation initiation factor 4H,EIF4H,D,149,,,,,,,,Y,,,,,
Q15056,IF4H,Eukaryotic translation initiation factor 4H,EIF4H,D,152,,,,,,,,Y,,,,,
Q15056,IF4H,Eukaryotic translation initiation factor 4H,EIF4H,R,159,,,,,,,,Y,,,,,
P17813,EGLN,HUMAN Endoglin,ENG,R,288,Y,,,,,,,,,,,,
Q99814,EPAS1,Endothelial PAS domain-containing protein 1,EPAS1,E,13,,,,,,,Y,,,,,,
Q99814,EPAS1,Endothelial PAS domain-containing protein 1,EPAS1,K,8,,,,,,,Y,,,,,,
Q99814,EPAS1,Endothelial PAS domain-containing protein 1,EPAS1,R,14,,,,,,,Y,,,,,,
Q99814,EPAS1,Endothelial PAS domain-containing protein 1,EPAS1,R,9,,,,,,,Y,,,,,,
P07814,SYEP,Bifunctional glutamate/proline--tRNA ligase,EPRS,E,934,,,,,,Y,,,,,,,
Q5T890,ER6L2,DNA excision repair protein ERCC-6-like 2,ERCC6L2,D,1389,,,,,,,,Y,,,,,
Q96RQ1,ERGI2,Endoplasmic reticulum-Golgi intermediate compartment protein 2,ERGIC2,E,15,,,,,,,,,Y,,,,
Q8TBG4,AT2L1,HUMAN Ethanolamine-phosphate phospho-lyase,ETNPPL,D,370,,,,,Y,,,,,,,,
Q1W6H9,F110C,HUMAN Protein FAM110C,FAM110C,R,104,,,,Y,,,,,,,,,
A6NHR8,FA47D,HUMAN Putative protein FAM47D,FAM47DP,K,193,,,Y,,,,,,,,,,
Q9Y2M0,FAN1,Fanconi-associated nuclease 1,FAN1,K,528,,,,,,,,,Y,,,,
Q9Y2M0,FAN1,Fanconi-associated nuclease 1,FAN1,R,536,,,,,,,,,Y,,,,
O94952,FBX21,F-box only protein 21,FBXO21,C,66,,,,,,,,,Y,,,,
O94952,FBX21,F-box only protein 21,FBXO21,E,64,,,,,,,,,Y,,,,
O94952,FBX21,F-box only protein 21,FBXO21,K,74,,,,,,,,,Y,,,,
O94952,FBX21,F-box only protein 21,FBXO21,R,63,,,,,,,,,Y,,,,
P16591,FER,HUMAN Tyrosine-protein kinase Fer,FER,K,591,,,,Y,,,,,,,,,
Q68DA7,FMN1,Formin-1,FMN1,K,193,,,,,,Y,,,,,,,
Q4ZHG4,FNDC1,HUMAN Fibronectin type III domain-containing protein 1,FNDC1,R,1042,,,Y,,,,,,,,,,
Q86XX4,FRAS1,HUMAN Extracellular matrix protein FRAS1,FRAS1,R,3650,,,Y,,,,,,,,,,
Q14331,FRG1,Protein FRG1,FRG1,K,11,,,,,,,,,Y,,,,
Q14331,FRG1,Protein FRG1,FRG1,K,8,,,,,,,,,Y,,,,
Q5CZC0,FSIP2,Fibrous sheath-interacting protein 2,FSIP2,E,3417,,,,,,,,Y,,,,,
Q5CZC0,FSIP2,Fibrous sheath-interacting protein 2,FSIP2,E,3422,,,,,,,,Y,,,,,
Q5CZC0,FSIP2,Fibrous sheath-interacting protein 2,FSIP2,K,3416,,,,,,,,Y,,,,,
Q5CZC0,FSIP2,Fibrous sheath-interacting protein 2,FSIP2,K,3420,,,,,,,,Y,,,,,
O14976,GAK,HUMAN Cyclin-G-associated kinase,GAK,E,215,,Y,,,,,,,,,,,
Q86YP4,P66A,Transcriptional repressor p66-alpha,GATAD2A,E,569,,,,,,,,Y,,,,,
Q86YP4,P66A,Transcriptional repressor p66-alpha,GATAD2A,R,570,,,,,,,,Y,,,,,
Q9BZD3,GCOM2,Putative GRINL1B complex locus protein 2,GCOM2,D,286,,,,,,,,Y,,,,,
Q9BZD3,GCOM2,Putative GRINL1B complex locus protein 2,GCOM2,R,292,,,,,,,,Y,,,,,
Q8NHV1,GIMA7,GTPase IMAP family member 7,GIMAP7,C,47,,,,,,,,,Y,,,,
Q8NHV1,GIMA7,GTPase IMAP family member 7,GIMAP7,K,49,,,,,,,,,Y,,,,
Q8NHV1,GIMA7,GTPase IMAP family member 7,GIMAP7,R,52,,,,,,,,,Y,,,,
Q13439,GOGA4,HUMAN Golgin subfamily A member 4,GOLGA4,E,1546,,,Y,,,,,,,,,,
Q13439,GOGA4,HUMAN Golgin subfamily A member 4,GOLGA4,K,1549,,,Y,Y,,,,,,,,,
Q8TAX9,GSDMB,HUMAN Gasdermin-B,GSDMB,K,281,,,,Y,,,,,,,,,
P28161,GSTM2,Glutathione S-transferase Mu 2,GSTM2,K,52,,,,,,,Y,,,,,,
Q9UHL9,GT2D1,General transcription factor II-I repeat domain-containing protein 1,GTF2IRD1,E,142,,,,,,,Y,,,,,,
Q9UHL9,GT2D1,General transcription factor II-I repeat domain-containing protein 1,GTF2IRD1,R,156,,,,,,,Y,,,,,,
A4D1E9,GTPBA,GTP-binding protein 10,GTPBP10,E,266,,,,,,,,,Y,,,,
A4D1E9,GTPBA,GTP-binding protein 10,GTPBP10,E,267,,,,,,,,,Y,,,,
Q9BZE4,NOG1,HUMAN Nucleolar GTP-binding protein 1,GTPBP4,K,127,,,,Y,,,,,,,,,
Q9BZE4,NOG1,HUMAN Nucleolar GTP-binding protein 1,GTPBP4,K,130,,,,Y,,,,,,,,,
P56524,HDAC4,HUMAN Histone deacetylase 4,HDAC4,R,516,Y,,,,,,,,,,,,
Q00341,VIGLN,HUMAN Vigilin,HDLBP,K,294,,,,,Y,,,,,,,,
Q5GLZ8,HERC4,HUMAN Probable E3 ubiquitin-protein ligase HERC4,HERC4,E,582,,,Y,,,,,,,,,,
Q5GLZ8,HERC4,HUMAN Probable E3 ubiquitin-protein ligase HERC4,HERC4,R,583,,,Y,,,,,,,,,,
Q5GLZ8,HERC4,HUMAN Probable E3 ubiquitin-protein ligase HERC4,HERC4,R,584,,,Y,,,,,,,,,,
Q9XRX5,HHLA3,HUMAN HERV-H LTR-associating protein 3,HHLA3,C,88,,,Y,,,,,,,,,,
Q9XRX5,HHLA3,HUMAN HERV-H LTR-associating protein 3,HHLA3,R,90,,,Y,,,,,,,,,,
O75146,HIP1R,Huntingtin-interacting protein 1-related protein,HIP1R,E,989,,,,,,,,Y,,,,,
P30460,1B08,"HLA class I histocompatibility antigen, B-8 alpha chain",HLA-B,R,38,,,,,,,,,Y,,,,
Q86VS8,HOOK3,Protein Hook homolog 3,HOOK3,E,650,,,,,,,Y,,,,,,
Q86VS8,HOOK3,Protein Hook homolog 3,HOOK3,E,652,,,,,,Y,Y,Y,,,,,
Q86VS8,HOOK3,Protein Hook homolog 3,HOOK3,K,649,,,,,,,Y,,,,,,
Q86VS8,HOOK3,Protein Hook homolog 3,HOOK3,K,653,,,,,,Y,Y,Y,,,,,
P31274,HXC9,Homeobox protein Hox-C9,HOXC9,D,176,,,,,,Y,,Y,,,,,
Q9BUP3,HTAI2,Oxidoreductase HTATIP2,HTATIP2,D,13,,,,,,Y,,Y,,,,,
Q9BUP3,HTAI2,Oxidoreductase HTATIP2,HTATIP2,R,15,,,,,,Y,,Y,,,,,
Q9NSE4,SYIM,"Isoleucine--tRNA ligase, mitochondrial",IARS2,E,456,,,,,,,,,Y,,,,
Q9NSE4,SYIM,"Isoleucine--tRNA ligase, mitochondrial",IARS2,K,451,,,,,,,,,Y,,,,
Q9NSE4,SYIM,"Isoleucine--tRNA ligase, mitochondrial",IARS2,K,455,,,,,,,,,Y,,,,
Q9P2D0,IBTK,Inhibitor of Bruton tyrosine kinase,IBTK,R,1158,,,,,,,Y,,,,,,
Q8IU54,IFNL1,Interferon lambda-1,IFNL1,K,51,,,,,,,,,Y,,,,
Q8IU54,IFNL1,Interferon lambda-1,IFNL1,K,52,,,,,,,,,Y,,,,
Q8WYA0,IFT81,Intraflagellar transport protein 81 homolog,IFT81,K,379,,,,,,,,Y,,,,,
Q8WYA0,IFT81,Intraflagellar transport protein 81 homolog,IFT81,R,384,,,,,,,,Y,,,,,
Q9NZN1,IRPL1,HUMAN Interleukin-1 receptor accessory protein-like 1,IL1RAPL1,E,432,,,Y,Y,,,,,,,,,
Q92985,IRF7,Interferon regulatory factor 7,IRF7,R,7,,,,,,Y,,,Y,,,,
O75564,JERKY,Jerky protein homolog,JRK,E,420,,,,,,,Y,,,,,,
O75564,JERKY,Jerky protein homolog,JRK,K,413,,,,,,,Y,,,,,,
O95259,KCNH1,Potassium voltage-gated channel subfamily H member 1,KCNH1,E,342,,,,,,,,,Y,,,,
Q6UVM3,KCNT2,Potassium channel subfamily T member 2,KCNT2,C,790,,,,,,Y,,,,,,,
Q6UW63,PLGT2,HUMAN Protein O-glucosyltransferase 2,KDELC1,E,113,,,Y,,,,,,,,,,
Q6UW63,PLGT2,HUMAN Protein O-glucosyltransferase 2,KDELC1,K,111,,,Y,,,,,,,,,,
O75164,KDM4A,HUMAN Lysine-specific demethylase 4A,KDM4A,K,162,Y,,,,,,,,,,,,
B2RXH2,KDM4E,HUMAN Lysine-specific demethylase 4E,KDM4E,K,242,,,Y,,,,,,,,,,
P29375,KDM5A,Lysine-specific demethylase 5A,KDM5A,K,256,,,,,,Y,,Y,,,,,
Q07666,KHDR1,"HUMAN KH domain-containing, RNA-binding, signal transduction-associated protein 1",KHDRBS1,K,165,,,Y,,,,,,,,,,
Q07666,KHDR1,"HUMAN KH domain-containing, RNA-binding, signal transduction-associated protein 1",KHDRBS1,K,169,,,Y,,,,,,,,,,
Q9UPP5,K1107,AP2-interacting clathrin-endocytosis protein,KIAA1107,K,128,,,,,,Y,,,,,,,
Q5JYT7,K1755,Uncharacterized protein KIAA1755,KIAA1755,E,465,,,,,,Y,,,,,,,
Q8NEZ4,KMT2C,Histone-lysine N-methyltransferase 2C,KMT2C,C,4487,,,,,,,Y,,,,,,
Q8IZD2,KMT2E,Inactive histone-lysine N-methyltransferase 2E,KMT2E,E,741,,,,,,Y,,,,,,,
Q8IZD2,KMT2E,Inactive histone-lysine N-methyltransferase 2E,KMT2E,K,731,,,,,,Y,,,,,,,
Q8IZD2,KMT2E,Inactive histone-lysine N-methyltransferase 2E,KMT2E,K,732,,,,,,Y,,,,,,,
Q86Y97,KMT5C,HUMAN Histone-lysine N-methyltransferase KMT5C,KMT5C,K,442,,,,Y,,,,,,,,,
Q8N9T8,KRI1,HUMAN Protein KRI1 homolog,KRI1,D,77,,,Y,,,,,,,,,,
P62502,LCN6,Epididymal-specific lipocalin-6,LCN6,D,52,,,,,,,,,Y,,,,
P62502,LCN6,Epididymal-specific lipocalin-6,LCN6,E,44,,,,,,,,,Y,,,,
P62502,LCN6,Epididymal-specific lipocalin-6,LCN6,K,45,,,,,,,,,Y,,,,
P62502,LCN6,Epididymal-specific lipocalin-6,LCN6,K,54,,,,,,,,,Y,,,,
O43766,LIAS,"HUMAN Lipoyl synthase, mitochondrial",LIAS,E,202,,,,,Y,,,,,,,,
O43766,LIAS,"HUMAN Lipoyl synthase, mitochondrial",LIAS,R,203,,,,,Y,,,,,,,,
P36776,LONM,"HUMAN Lon protease homolog, mitochondrial",LONP1,D,302,,,,Y,,,,,,,,,
P36776,LONM,"HUMAN Lon protease homolog, mitochondrial",LONP1,R,301,,,,Y,,,,,,,,,
Q8N6Y2,LRC17,Leucine-rich repeat-containing protein 17,LRRC17,D,111,,,,,,,Y,,,,,,
Q8N6Y2,LRC17,Leucine-rich repeat-containing protein 17,LRRC17,K,106,,,,,,,Y,,,,,,
Q8N6Y2,LRC17,Leucine-rich repeat-containing protein 17,LRRC17,K,108,,,,,,,Y,,,,,,
Q9HBW1,LRRC4,Leucine-rich repeat-containing protein 4,LRRC4,R,375,,,,,,,Y,,,,,,
Q8IYG6,LRC56,HUMAN Leucine-rich repeat-containing protein 56,LRRC56,K,258,,,,Y,,,,,,,,,
Q8TDW0,LRC8C,Volume-regulated anion channel subunit LRRC8C,LRRC8C,E,95,,,,,,,,Y,,,,,
Q9NU23,LYRM2,LYR motif-containing protein 2,LYRM2,E,80,,,,,,,Y,,,,,,
Q9UPN3,MACF1,"Microtubule-actin cross-linking factor 1, isoforms 1/2/3/5",MACF1,K,7223,,,,,,,,Y,,,,,
Q9UPN3,MACF1,"Microtubule-actin cross-linking factor 1, isoforms 1/2/3/5",MACF1,R,7221,,,,,,,,Y,,,,,
Q8N5G2,MACOI,Macoilin,MACO1,K,446,,,,,,,Y,,,,,,
Q8N5G2,MACOI,Macoilin,MACO1,K,450,,,,,,,Y,,,,,,
Q9BQ69,MACD1,ADP-ribose glycohydrolase MACROD1,MACROD1,R,10,,,,,,,Y,,,,,,
Q9BQ69,MACD1,ADP-ribose glycohydrolase MACROD1,MACROD1,R,6,,,,,,,Y,,,,,,
Q5VYJ5,MALR1,MAM and LDL-receptor class A domain-containing protein 1,MALRD1,C,1808,,,,,,,Y,Y,,,,,
Q5VYJ5,MALR1,MAM and LDL-receptor class A domain-containing protein 1,MALRD1,R,1811,,,,,,,Y,,,,,,
Q13233,M3K1,Mitogen-activated protein kinase kinase kinase 1,MAP3K1,D,1084,,,,,,,Y,,,,,,
Q86YR7,MF2L2,Probable guanine nucleotide exchange factor MCF2L2,MCF2L2,E,607,,,,,,,,,Y,,,,
Q86YR7,MF2L2,Probable guanine nucleotide exchange factor MCF2L2,MCF2L2,R,613,,,,,,,,,Y,,,,
Q15648,MED1,Mediator of RNA polymerase II transcription subunit 1,MED1,E,35,,,,,,,,Y,,,,,
Q15648,MED1,HUMAN Mediator of RNA polymerase II transcription subunit 1,MED1,R,1048,Y,,,,,,,,,,,,
Q9Y2X0,MED16,Mediator of RNA polymerase II transcription subunit 16,MED16,E,657,,,,,,Y,,Y,,,,,
Q9Y2X0,MED16,Mediator of RNA polymerase II transcription subunit 16,MED16,R,663,,,,,,Y,,Y,,,,,
Q09327,MGAT3,"HUMAN Beta-1,4-mannosyl-glycoprotein 4-beta-N-acetylglucosaminyltransferase",MGAT3,R,132,,,,Y,,,,,,,,,
Q6P0N0,M18BP,Mis18-binding protein 1,MIS18BP1,K,7,,,,,,,Y,,,,,,
Q6P0N0,M18BP,HUMAN Mis18-binding protein 1,MIS18BP1,R,10,Y,,,,,,,,,,,,
Q8NB16,MLKL,Mixed lineage kinase domain-like protein,MLKL,K,234,,,,,,,,Y,,,,,
Q03111,ENL,Protein ENL,MLLT1,D,228,,,,,,Y,,,,,,,
Q03111,ENL,Protein ENL,MLLT1,R,231,,,,,,Y,,,,,,,
Q6ZRQ5,MMS22,HUMAN Protein MMS22-like,MMS22L,E,985,,,,Y,,,,,,,,,
Q9BYD3,RM04,"39S ribosomal protein L4, mitochondrial",MRPL4,K,181,,,,,,Y,,,,,,,
Q9BYD3,RM04,"39S ribosomal protein L4, mitochondrial",MRPL4,R,170,,,,,,Y,,,,,,,
Q13421,MSLN,HUMAN Mesothelin,MSLN,K,92,,,Y,,,,,,,,,,
Q8WXI7,MUC16,Mucin-16,MUC16,K,13204,,,,,,,,Y,,,,,
Q3MIW9,MUCL3,Mucin-like protein 3,MUCL3,R,253,,,,,,,Y,,,,,,
Q8TBZ2,MYBPP,MYCBP-associated protein,MYCBPAP,D,318,,,,,,,Y,Y,,,,,
Q8TBZ2,MYBPP,MYCBP-associated protein,MYCBPAP,R,322,,,,,,,Y,,,,,,
Q9Y2K3,MYH15,Myosin-15,MYH15,D,1284,,,,,,Y,,,,,,,
Q9Y2K3,MYH15,Myosin-15,MYH15,K,1291,,,,,,Y,,,,,,,
P11055,MYH3,Myosin-3,MYH3,K,209,,,,,,Y,,,,,,,
Q9Y6X6,MYO16,HUMAN Unconventional myosin-XVI,MYO16,C,1154,Y,,,,,,,,,,,,
Q9Y6X6,MYO16,Unconventional myosin-XVI,MYO16,D,1026,,,,,,Y,,,,,,,
Q9UM54,MYO6,Unconventional myosin-VI,MYO6,K,637,,,,,,,,Y,,,,,
Q9UM54,MYO6,Unconventional myosin-VI,MYO6,K,646,,,,,,,,Y,,,,,
Q9UM54,MYO6,Unconventional myosin-VI,MYO6,K,648,,,,,,,,Y,,,,,
B2RTY4,MYO9A,Unconventional myosin-IXa,MYO9A,E,2165,,,,,,,,Y,,,,,
B2RTY4,MYO9A,Unconventional myosin-IXa,MYO9A,K,2164,,,,,,,,Y,,,,,
B2RTY4,MYO9A,Unconventional myosin-IXa,MYO9A,R,2163,,,,,,,,Y,,,,,
A0A1B0GUC4,MYCOS,Myocilin opposite strand protein,MYOCOS,E,42,,,,,,,,,Y,,,,
Q8NFW9,MYRIP,Rab effector MyRIP,MYRIP,E,589,,,,,,,,Y,,,,,
Q5VVJ2,MYSM1,Histone H2A deubiquitinase MYSM1,MYSM1,K,102,,,,,,Y,,,,,,,
Q9GZZ1,NAA50,N-alpha-acetyltransferase 50,NAA50,E,7,,,,,,Y,,,,,,,
Q9GZZ1,NAA50,N-alpha-acetyltransferase 50,NAA50,R,5,,,,,,Y,,,,,,,
Q58DX5,NADL2,HUMAN Inactive N-acetylated-alpha-linked acidic dipeptidase-like protein 2,NAALADL2,E,318,Y,,,,,,,,,,,,
Q58DX5,NADL2,HUMAN Inactive N-acetylated-alpha-linked acidic dipeptidase-like protein 2,NAALADL2,K,319,Y,,,,,,,,,,,,
Q8IVL1,NAV2,Neuron navigator 2,NAV2,K,11,,,,,,Y,,,,,,,
Q8IVL1,NAV2,Neuron navigator 2,NAV2,K,9,,,,,,Y,,,,,,,
Q8NFP9,NBEA,Neurobeachin,NBEA,E,1720,,,,,,Y,,,,,,,
Q8NFP9,NBEA,Neurobeachin,NBEA,E,1724,,,,,,Y,,,,,,,
Q8NFP9,NBEA,Neurobeachin,NBEA,K,1727,,,,,,Y,,,,,,,
Q6P3W6,NBPFA,HUMAN Neuroblastoma breakpoint family member 10,NBPF10,E,30,,,Y,,,,,,,,,,
Q6P3W6,NBPFA,HUMAN Neuroblastoma breakpoint family member 10,NBPF10,R,25,,,Y,,,,,,,,,,
P55160,NCKPL,Nck-associated protein 1-like,NCKAP1L,C,284,,,,,,,,,Y,,,,
P55160,NCKPL,Nck-associated protein 1-like,NCKAP1L,K,282,,,,,,,,,Y,,,,
O14513,NCKP5,Nck-associated protein 5,NCKAP5,D,1094,,,,,,,,Y,,,,,
O14513,NCKP5,Nck-associated protein 5,NCKAP5,K,1089,,,,,,,,Y,,,,,
Q96PY6,NEK1,HUMAN Serine/threonine-protein kinase Nek1,NEK1,E,361,Y,,,,,,,,,,,,
Q96JN8,NEUL4,Neuralized-like protein 4,NEURL4,C,1555,,,,,,,Y,,,,,,
Q6ZNB6,NFXL1,NF-X1-type zinc finger protein NFXL1,NFXL1,K,295,,,,,,,,Y,Y,,,,
Q15818,NPTX1,Neuronal pentraxin-1,NPTX1,E,63,,,,,,,,Y,,,,,
Q15818,NPTX1,Neuronal pentraxin-1,NPTX1,K,76,,,,,,,,Y,,,,,
Q9H0G5,NSRP1,Nuclear speckle splicing regulatory protein 1,NSRP1,E,157,,,,,,,,,Y,,,,
Q9H0G5,NSRP1,Nuclear speckle splicing regulatory protein 1,NSRP1,E,158,,,,,,,,,Y,,,,
Q9H0G5,NSRP1,Nuclear speckle splicing regulatory protein 1,NSRP1,E,162,,,,,,,,,Y,,,,
Q9H0G5,NSRP1,Nuclear speckle splicing regulatory protein 1,NSRP1,K,163,,,,,,,,,Y,,,,
Q9H0G5,NSRP1,Nuclear speckle splicing regulatory protein 1,NSRP1,R,164,,,,,,,,,Y,,,,
Q63ZY6,NSN5C,HUMAN Putative methyltransferase NSUN5C,NSUN5P2,K,264,Y,,,,,,,,,,,,
Q63ZY6,NSN5C,HUMAN Putative methyltransferase NSUN5C,NSUN5P2,K,266,Y,,,,,,,,,,,,
Q63ZY6,NSN5C,HUMAN Putative methyltransferase NSUN5C,NSUN5P2,R,265,Y,,,,,,,,,,,,
P52948,NUP98,Nuclear pore complex protein Nup98-Nup96,NUP98,R,834,,,,,,,,,Y,,,,
Q9P242,NYAP2,Neuronal tyrosine-phosphorylated phosphoinositide-3-kinase adapter 2,NYAP2,D,184,,,,,,,,,Y,,,,
Q9P242,NYAP2,Neuronal tyrosine-phosphorylated phosphoinositide-3-kinase adapter 2,NYAP2,R,180,,,,,,,,,Y,,,,
Q96CV9,OPTN,HUMAN Optineurin,OPTN,E,428,,,,Y,,,,,,,,,
Q96CV9,OPTN,HUMAN Optineurin,OPTN,K,429,,,,Y,,,,,,,,,
Q9H0X9,OSBL5,Oxysterol-binding protein-related protein 5,OSBPL5,R,92,,,,,,,Y,,,,,,
Q3ZCN5,OTOGL,HUMAN Otogelin-like protein,OTOGL,C,377,,Y,,,,,,,,,,,
Q3ZCN5,OTOGL,HUMAN Otogelin-like protein,OTOGL,K,380,,Y,,,,,,,,,,,
P55809,SCOT1,"Succinyl-CoA:3-ketoacid coenzyme A transferase 1, mitochondrial",OXCT1,E,454,,,,,,Y,,,,,,,
Q460N5,PAR14,Protein mono-ADP-ribosyltransferase PARP14,PARP14,D,746,,,,,,,Y,,,,,,
Q460N5,PAR14,Protein mono-ADP-ribosyltransferase PARP14,PARP14,K,741,,,,,,,Y,,,,,,
Q460N5,PAR14,Protein mono-ADP-ribosyltransferase PARP14,PARP14,K,747,,,,,,,Y,,,,,,
Q8IXQ6,PARP9,HUMAN Protein mono-ADP-ribosyltransferase PARP9,PARP9,R,117,,,Y,,,,,,,,,,
A6NGG8,PCARE,HUMAN Photoreceptor cilium actin regulator,PCARE,D,520,,,,Y,,,,,,,,,
Q9Y5E8,PCDBF,Protocadherin beta-15,PCDHB15,D,778,,,,,,Y,,,,,,,
Q9NRJ7,PCDBG,Protocadherin beta-16,PCDHB16,E,528,,,,,,,Y,,,,,,
Q9Y5E7,PCDB2,Protocadherin beta-2,PCDHB2,E,90,,,,,,,,Y,,,,,
Q9Y5E7,PCDB2,Protocadherin beta-2,PCDHB2,K,91,,,,,,,,Y,,,,,
Q9Y5E2,PCDB7,Protocadherin beta-7,PCDHB7,D,308,,,,,,Y,,,,,,,
Q9Y5E2,PCDB7,Protocadherin beta-7,PCDHB7,E,310,,,,,,Y,,,,,,,
Q9Y5G7,PCDG6,Protocadherin gamma-A6,PCDHGA6,E,136,,,,,,,,,Y,,,,
Q9Y5G7,PCDG6,Protocadherin gamma-A6,PCDHGA6,E,137,,,,,,,,,Y,,,,
Q9Y5G7,PCDG6,Protocadherin gamma-A6,PCDHGA6,R,151,,,,,,,,,Y,,,,
Q9Y5G2,PCDGE,Protocadherin gamma-B2,PCDHGB2,R,7,,,,,,,Y,,,,,,
Q76G19,PDZD4,PDZ domain-containing protein 4,PDZD4,E,398,,,,,,,,Y,,,,,
Q5VY43,PEAR1,HUMAN Platelet endothelial aggregation receptor 1,PEAR1,R,881,Y,,,,,,,,,,,,
P16118,F261,"HUMAN 6-phosphofructo-2-kinase/fructose-2,6-bisphosphatase 1",PFKFB1,K,74,,,Y,,,,,,,,,,
Q9P1Y6,PHRF1,PHD and RING finger domain-containing protein 1,PHRF1,E,1182,,,,,,,,,Y,,,,
Q9P1Y6,PHRF1,PHD and RING finger domain-containing protein 1,PHRF1,K,1183,,,,,,,,,Y,,,,
Q9HB21,PKHA1,Pleckstrin homology domain-containing family A member 1,PLEKHA1,D,126,,,,,,,Y,,,,,,
O43660,PLRG1,Pleiotropic regulator 1,PLRG1,K,181,,,,,,,,Y,,,,,
P55058,PLTP,Phospholipid transfer protein,PLTP,C,335,,,,,,Y,,,,,,,
P55058,PLTP,Phospholipid transfer protein,PLTP,R,334,,,,,,Y,,,,,,,
Q9UIW2,PLXA1,Plexin-A1,PLXNA1,R,970,,,,,,Y,,,,,,,
O15031,PLXB2,Plexin-B2,PLXNB2,C,112,,,,,,,,,Y,,,,
O15031,PLXB2,Plexin-B2,PLXNB2,R,108,,,,,,,,,Y,,,,
Q9H307,PININ,Pinin,PNN,E,13,,,,,,,Y,,,,,,
Q9H307,PININ,Pinin,PNN,K,14,,,,,,,Y,,,,,,
Q9HCU8,DPOD4,HUMAN DNA polymerase delta subunit 4,POLD4,D,9,,,,Y,,,,,,,,,
Q9UBT6,POLK,HUMAN DNA polymerase kappa,POLK,E,424,Y,,,,,,,,,,,,
Q9UBT6,POLK,HUMAN DNA polymerase kappa,POLK,K,427,Y,,,,,,,,,,,,
O75417,DPOLQ,DNA polymerase theta,POLQ,C,1856,,,,,,,,Y,,,,,
O75417,DPOLQ,DNA polymerase theta,POLQ,E,1857,,,,,,,,Y,,,,,
O75417,DPOLQ,DNA polymerase theta,POLQ,K,1858,,,,,,,,Y,,,,,
O14802,RPC1,HUMAN DNA-directed RNA polymerase III subunit RPC1,POLR3A,E,1143,,,,Y,,,,,,,,,
O14802,RPC1,HUMAN DNA-directed RNA polymerase III subunit RPC1,POLR3A,E,1147,,,,Y,,,,,,,,,
O14802,RPC1,HUMAN DNA-directed RNA polymerase III subunit RPC1,POLR3A,R,1141,,,,Y,,,,,,,,,
O14802,RPC1,HUMAN DNA-directed RNA polymerase III subunit RPC1,POLR3A,R,1150,,,,Y,,,,,,,,,
Q86W92,LIPB1,HUMAN Liprin-beta-1,PPFIBP1,E,327,,,Y,,,,,,,,,,
P16298,PP2BB,Serine/threonine-protein phosphatase 2B catalytic subunit beta isoform,PPP3CB,R,82,,,,,,Y,,,,,,,
P16298,PP2BB,Serine/threonine-protein phosphatase 2B catalytic subunit beta isoform,PPP3CB,R,83,,,,,,Y,,,,,,,
P49643,PRI2,HUMAN DNA primase large subunit,PRIM2,D,190,,Y,,,,,,,,,,,
P78527,PRKDC,DNA-dependent protein kinase catalytic subunit,PRKDC,D,168,,,,,,,,Y,,,,,
P78527,PRKDC,HUMAN DNA-dependent protein kinase catalytic subunit,PRKDC,K,3884,,,,,Y,,,,,,,,
Q13523,PRP4B,Serine/threonine-protein kinase PRP4 homolog,PRPF4B,D,978,,,,,,Y,,,,,,,
P23942,PRPH2,Peripherin-2,PRPH2,K,5,,,,,,,,Y,,,,,
P56730,NETR,HUMAN Neurotrypsin,PRSS12,R,57,,,Y,,,,,,,,,,
P35030,TRY3,Trypsin-3,PRSS3,D,162,,,,,,Y,,,,,,,
P35030,TRY3,Trypsin-3,PRSS3,K,169,,,,,,Y,,,,,,,
O15172,PSPHL,Putative phosphoserine phosphatase-like protein,PSPHP1,R,24,,,,,,Y,,,,,,,
P60484,PTEN,"HUMAN Phosphatidylinositol 3,4,5-trisphosphate 3-phosphatase and dual-specificity protein phosphatase PTEN",PTEN,E,7,,,Y,,,,,,,,,,
Q13882,PTK6,Protein-tyrosine kinase 6,PTK6,D,113,,,,,,,Y,,,,,,
P59190,RAB15,Ras-related protein Rab-15,RAB15,E,167,,,,,,,,Y,,,,,
P59190,RAB15,Ras-related protein Rab-15,RAB15,K,175,,,,,,,,Y,,,,,
P59190,RAB15,Ras-related protein Rab-15,RAB15,R,174,,,,,,,,Y,,,,,
Q86X10,RLGPB,Ral GTPase-activating protein subunit beta,RALGAPB,D,802,,,,,,Y,,,,,,,
Q86X10,RLGPB,Ral GTPase-activating protein subunit beta,RALGAPB,K,795,,,,,,Y,,,,,,,
Q86X10,RLGPB,Ral GTPase-activating protein subunit beta,RALGAPB,K,804,,,,,,Y,,,,,,,
Q86X10,RLGPB,Ral GTPase-activating protein subunit beta,RALGAPB,R,803,,,,,,Y,,,,,,,
Q12967,GNDS,Ral guanine nucleotide dissociation stimulator,RALGDS,R,114,,,,,,,Y,,,,,,
Q9Y3L5,RAP2C,Ras-related protein Rap-2c,RAP2C,E,30,,,,,,,,Y,Y,,,,
Q9Y3L5,RAP2C,Ras-related protein Rap-2c,RAP2C,K,31,,,,,,,,Y,Y,,,,
Q13905,RPGF1,Rap guanine nucleotide exchange factor 1,RAPGEF1,E,94,,,,,,,Y,,,,,,
Q13905,RPGF1,Rap guanine nucleotide exchange factor 1,RAPGEF1,E,95,,,,,,,Y,,,,,,
Q13905,RPGF1,Rap guanine nucleotide exchange factor 1,RAPGEF1,K,88,,,,,,,Y,,,,,,
Q13905,RPGF1,Rap guanine nucleotide exchange factor 1,RAPGEF1,K,96,,,,,,,Y,,,,,,
Q13905,RPGF1,Rap guanine nucleotide exchange factor 1,RAPGEF1,R,86,,,,,,,Y,,,,,,
Q8NHQ8,RASF8,Ras association domain-containing protein 8,RASSF8,E,2,,,,,,,Y,,Y,,,,
Q86U06,RBM23,Probable RNA-binding protein 23,RBM23,D,290,,,,,,,Y,,,,,,
Q86U06,RBM23,Probable RNA-binding protein 23,RBM23,D,297,,,,,,,Y,,,,,,
Q86U06,RBM23,Probable RNA-binding protein 23,RBM23,D,299,,,,,,,Y,,,,,,
Q86U06,RBM23,Probable RNA-binding protein 23,RBM23,K,296,,,,,,,Y,,,,,,
Q6BDI9,REP15,Rab15 effector protein,REP15,D,181,,,,,,,,,Y,,,,
Q6BDI9,REP15,Rab15 effector protein,REP15,K,184,,,,,,,,,Y,,,,
Q9HCM1,RESF1,Retroelement silencing factor 1,RESF1,E,1422,,,,,,,,Y,,,,,
Q9HCM1,RESF1,Retroelement silencing factor 1,RESF1,K,1423,,,,,,,,Y,,,,,
Q8NHV9,RHXF1,HUMAN Rhox homeobox family member 1,RHOXF1,E,170,,,,Y,,,,,,,,,
Q86UR5,RIMS1,Regulating synaptic membrane exocytosis protein 1,RIMS1,K,472,,,,,,,,Y,,,,,
Q86UR5,RIMS1,Regulating synaptic membrane exocytosis protein 1,RIMS1,R,475,,,,,,,,Y,,,,,
Q86UR5,RIMS1,Regulating synaptic membrane exocytosis protein 1,RIMS1,R,485,,,,,,,,Y,,,,,
Q8TB24,RIN3,HUMAN Ras and Rab interactor 3,RIN3,K,454,,,,Y,,,,,,,,,
Q9BXT8,RNF17,RING finger protein 17,RNF17,E,946,,,,,,Y,,,,,,,
O75150,BRE1B,E3 ubiquitin-protein ligase BRE1B,RNF40,D,994,,,,,,,,Y,,,,,
A6NIZ1,RP1BL,HUMAN Ras-related protein Rap-1b-like protein,RP1BL,K,5,,,,,Y,,,,,,,,
Q9H6T3,RPAP3,RNA polymerase II-associated protein 3,RPAP3,E,657,,,,,,Y,,,,,,,
Q9UNX3,RL26L,60S ribosomal protein L26-like 1,RPL26L1,K,134,,,,,,,,,Y,,,,
P42766,RL35,60S ribosomal protein L35,RPL35,K,3,,,,,,,,Y,,,,,
Q5VT52,RPRD2,Regulation of nuclear pre-mRNA domain-containing protein 2,RPRD2,K,405,,,,,,,,Y,,,,,
P62701,RS4X,"40S ribosomal protein S4, X isoform",RPS4X,C,65,,,,,,,,Y,Y,,,,
P62701,RS4X,"40S ribosomal protein S4, X isoform",RPS4X,R,68,,,,,,,,Y,,,,,
P08865,RSSA,40S ribosomal protein SA,RPSA,D,6,,,,,,Y,Y,Y,,,,,
Q14684,RRP1B,Ribosomal RNA processing protein 1 homolog B,RRP1B,E,309,,,,,,Y,,,,,,,
Q14684,RRP1B,HUMAN Ribosomal RNA processing protein 1 homolog B,RRP1B,K,202,,,Y,,,,,,,,,,
Q14684,RRP1B,Ribosomal RNA processing protein 1 homolog B,RRP1B,R,313,,,,,,Y,,,,,,,
Q5VWQ0,RSBN1,Lysine-specific demethylase 9,RSBN1,R,6,,,,,,,,Y,,,,,
Q5HYW3,RTL5,HUMAN Retrotransposon Gag-like protein 5,RTL5,C,229,Y,,,,,,,,,,,,
Q5HYW3,RTL5,HUMAN Retrotransposon Gag-like protein 5,RTL5,E,227,Y,,,,,,,,,,,,
Q5HYW3,RTL5,HUMAN Retrotransposon Gag-like protein 5,RTL5,K,226,Y,,,,,,,,,,,,
Q8N488,RYBP,RING1 and YY1-binding protein,RYBP,K,6,,,,,,,,Y,Y,,,,
Q8N488,RYBP,RING1 and YY1-binding protein,RYBP,K,7,,,,,,,,Y,Y,,,,
Q9NZJ4,SACS,HUMAN Sacsin,SACS,E,4315,,,Y,,,,,,,,,,
Q8IVG5,SAM9L,Sterile alpha motif domain-containing protein 9-like,SAMD9L,K,3,,,,,,,,,Y,,,,
O43290,SNUT1,HUMAN U4/U6.U5 tri-snRNP-associated protein 1,SART1,D,520,,,,,Y,,,,,,,,
O95025,SEM3D,Semaphorin-3D,SEMA3D,D,97,,,,,,,,Y,,,,,
Q9NTN9,SEM4G,HUMAN Semaphorin-4G,SEMA4G,E,300,,,Y,,,,,,,,,,
Q9NTN9,SEM4G,HUMAN Semaphorin-4G,SEMA4G,R,303,,,Y,,,,,,,,,,
Q16181,7-Sep,Septin-7,SEPT7,D,155,,,,,,,,Y,,,,,
Q16181,7-Sep,Septin-7,SEPT7,R,157,,,,,,,,Y,,,,,
P48595,SPB10,Serpin B10,SERPINB10,K,165,,,,,,,Y,,,,,,
Q9Y6P5,SESN1,Sestrin-1,SESN1,E,463,,,,,,,,Y,,,,,
Q9BQI5,SGIP1,HUMAN SH3-containing GRB2-like protein 3-interacting protein 1,SGIP1,D,128,,,,,Y,,,,,,,,
Q9BQI5,SGIP1,HUMAN SH3-containing GRB2-like protein 3-interacting protein 1,SGIP1,K,122,,,,,Y,,,,,,,,
Q9BQI5,SGIP1,HUMAN SH3-containing GRB2-like protein 3-interacting protein 1,SGIP1,K,127,,,,,Y,,,,,,,,
Q96B97,SH3K1,SH3 domain-containing kinase-binding protein 1,SH3KBP1,E,624,,,,,,,Y,Y,Y,,,,
Q96HL8,SH3Y1,HUMAN SH3 domain-containing YSC84-like protein 1,SH3YL1,E,237,Y,,,,,,,,,,,,
Q149N8,SHPRH,HUMAN E3 ubiquitin-protein ligase SHPRH,SHPRH,R,1091,Y,,,,,,,,,,,,
O43166,SI1L1,Signal-induced proliferation-associated 1-like protein 1,SIPA1L1,D,320,,,,,,Y,,,,,,,
O43166,SI1L1,Signal-induced proliferation-associated 1-like protein 1,SIPA1L1,E,319,,,,,,Y,,,,,,,
O43166,SI1L1,Signal-induced proliferation-associated 1-like protein 1,SIPA1L1,R,323,,,,,,Y,,,,,,,
Q96BD8,SKA1,HUMAN Spindle and kinetochore-associated protein 1,SKA1,C,29,,,Y,,,,,,,,,,
Q9Y694,S22A7,Solute carrier family 22 member 7,SLC22A7,R,420,,,,,,,Y,Y,,,,,
Q9H936,GHC1,Mitochondrial glutamate carrier 1,SLC25A22,D,51,,,,,,Y,,,,,,,
Q00325,MPCP,"HUMAN Phosphate carrier protein, mitochondrial",SLC25A3,E,211,,,,Y,,,,,,,,,
Q969I6,S38A4,HUMAN Sodium-coupled neutral amino acid transporter 4,SLC38A4,K,445,,,,,Y,,,,,,,,
Q9BWU0,NADAP,Kanadaptin,SLC4A1AP,K,293,,,,,,,,Y,,,,,
Q96Q91,B3A4,Anion exchange protein 4,SLC4A9,R,652,,,,,,,Y,,,,,,
P48066,S6A11,Sodium- and chloride-dependent GABA transporter 3,SLC6A11,K,628,,,,,,,,,Y,,,,
Q9NYB5,SO1C1,Solute carrier organic anion transporter family member 1C1,SLCO1C1,K,426,,,,,,,,,Y,,,,
P28370,SMCA1,Probable global transcription activator SNF2L1,SMARCA1,C,1016,,,,,,,,,Y,,,,
P28370,SMCA1,Probable global transcription activator SNF2L1,SMARCA1,R,1015,,,,,,,,,Y,,,,
Q9UQE7,SMC3,Structural maintenance of chromosomes protein 3,SMC3,E,995,,,,,,,,,Y,,,,
Q9UQE7,SMC3,Structural maintenance of chromosomes protein 3,SMC3,E,998,,,,,,,,,Y,,,,
Q86US8,EST1A,HUMAN Telomerase-binding protein EST1A,SMG6,D,1124,,,Y,,,,,,,,,,
Q86US8,EST1A,HUMAN Telomerase-binding protein EST1A,SMG6,K,1126,,,Y,,,,,,,,,,
Q86US8,EST1A,HUMAN Telomerase-binding protein EST1A,SMG6,R,1127,,,Y,,,,,,,,,,
Q13425,SNTB2,Beta-2-syntrophin,SNTB2,K,131,,,,,,,,Y,,,,,
Q13425,SNTB2,Beta-2-syntrophin,SNTB2,R,137,,,,,,,,Y,,,,,
Q07617,SPAG1,Sperm-associated antigen 1,SPAG1,E,350,,,,,,,,Y,,,,,
Q5MJ07,SPXN5,HUMAN Sperm protein associated with the nucleus on the X chromosome N5,SPANXN5,E,11,Y,,,,,,,,,,,,
Q5MJ07,SPXN5,HUMAN Sperm protein associated with the nucleus on the X chromosome N5,SPANXN5,K,12,Y,,,,,,,,,,,,
Q8NHS9,SPT22,Spermatogenesis-associated protein 22,SPATA22,E,235,,,,,,,,,Y,,,,
Q8NHS9,SPT22,Spermatogenesis-associated protein 22,SPATA22,K,234,,,,,,,,,Y,,,,
Q69YQ0,CYTSA,Cytospin-A,SPECC1L,K,646,,,,,,,,,Y,,,,
Q69YQ0,CYTSA,Cytospin-A,SPECC1L,R,639,,,,,,,,,Y,,,,
Q9C093,SPEF2,HUMAN Sperm flagellar protein 2,SPEF2,D,811,,Y,,,,,,,,,,,
Q9C093,SPEF2,HUMAN Sperm flagellar protein 2,SPEF2,E,810,,Y,,,,,,,,,,,
Q9C0H9,SRCN1,SRC kinase signaling inhibitor 1,SRCIN1,C,815,,,,,,,,,Y,,,,
Q9C0H9,SRCN1,SRC kinase signaling inhibitor 1,SRCIN1,R,816,,,,,,,,,Y,,,,
P49458,SRP09,HUMAN Signal recognition particle 9 kDa protein,SRP9,D,54,,Y,,,,,,,,,,,
P49458,SRP09,HUMAN Signal recognition particle 9 kDa protein,SRP9,D,58,,Y,,,,,,,,,,,
P49458,SRP09,HUMAN Signal recognition particle 9 kDa protein,SRP9,E,63,,Y,,,,,,,,,,,
P49458,SRP09,HUMAN Signal recognition particle 9 kDa protein,SRP9,K,64,,Y,,,,,,,,,,,
Q8TE77,SSH3,Protein phosphatase Slingshot homolog 3,SSH3,D,284,,,,,,,,,Y,,,,
Q8TE77,SSH3,Protein phosphatase Slingshot homolog 3,SSH3,D,287,,,,,,,,,Y,,,,
Q8TE77,SSH3,Protein phosphatase Slingshot homolog 3,SSH3,E,289,,,,,,,,Y,,,,,
Q99909,SSX3,Protein SSX3,SSX3,E,149,,,,,,,,,Y,,,,
O76061,STC2,Stanniocalcin-2,STC2,C,139,,,,,,Y,,,,,,,
O76061,STC2,Stanniocalcin-2,STC2,E,130,,,,,,Y,,,,,,,
O76061,STC2,Stanniocalcin-2,STC2,E,138,,,,,,Y,,,,,,,
Q9NRP7,STK36,HUMAN Serine/threonine-protein kinase 36,STK36,C,960,,,,Y,,,,,,,,,
Q9UNE7,CHIP,E3 ubiquitin-protein ligase CHIP,STUB1,K,2,,,,,,,,Y,,,,,
Q9UNE7,CHIP,E3 ubiquitin-protein ligase CHIP,STUB1,K,4,,,,,,,,Y,,,,,
Q9UNE7,CHIP,E3 ubiquitin-protein ligase CHIP,STUB1,K,7,,,,,,,,Y,,,,,
O00186,STXB3,HUMAN Syntaxin-binding protein 3,STXBP3,D,24,,,Y,,,,,,,,,,
O00204,ST2B1,Sulfotransferase family cytosolic 2B member 1,SULT2B1,D,151,,,,,,Y,,,,,,,
Q5T011,SZT2,HUMAN KICSTOR complex protein SZT2,SZT2,R,665,,,Y,Y,,,,,,,,,
Q86TI0,TBCD1,TBC1 domain family member 1,TBC1D1,E,509,,,,,,,,,Y,,,,
Q86TI0,TBCD1,TBC1 domain family member 1,TBC1D1,R,514,,,,,,,,,Y,,,,
Q9P0N9,TBCD7,TBC1 domain family member 7,TBC1D7,E,257,,,,,,,Y,,,,,,
Q9P0N9,TBCD7,TBC1 domain family member 7,TBC1D7,K,258,,,,,,,Y,,,,,,
Q8NDG6,TDRD9,ATP-dependent RNA helicase TDRD9,TDRD9,C,121,,,,,,Y,,Y,,,,,
Q9P273,TEN3,Teneurin-3,TENM3,K,2373,,,,,,,Y,,,,,,
Q9P273,TEN3,Teneurin-3,TENM3,R,2374,,,,,,,Y,,,,,,
Q9UGI8,TES,HUMAN Testin,TES,D,2,Y,,,,,,,,,,,,
Q9Y2W1,TR150,Thyroid hormone receptor-associated protein 3,THRAP3,E,170,,,,,,Y,,,,,,,
Q9Y2W1,TR150,Thyroid hormone receptor-associated protein 3,THRAP3,K,173,,,,,,Y,,,,,,,
Q9Y2W1,TR150,Thyroid hormone receptor-associated protein 3,THRAP3,R,174,,,,,,Y,,,,,,,
Q9Y490,TLN1,Talin-1,TLN1,K,1314,,,,,,,Y,Y,Y,,,,
O00206,TLR4,Toll-like receptor 4,TLR4,D,238,,,,,,,,,Y,,,,
O00206,TLR4,Toll-like receptor 4,TLR4,K,244,,,,,,,,,Y,,,,
Q6UXY8,TMC5,Transmembrane channel-like protein 5,TMC5,R,267,,,,,,,Y,,,,,,
Q9NV29,TM100,Transmembrane protein 100,TMEM100,E,22,,,,,,,,Y,,,,,
Q9NV29,TM100,Transmembrane protein 100,TMEM100,K,23,,,,,,,,Y,,,,,
Q96I45,TM141,Transmembrane protein 141,TMEM141,K,16,,,,,,,Y,,,,,,
Q96I45,TM141,Transmembrane protein 141,TMEM141,R,8,,,,,,,Y,,,,,,
Q8NBL3,T178A,Transmembrane protein 178A,TMEM178A,D,69,,,,,,,Y,,,,,,
Q8NBL3,T178A,Transmembrane protein 178A,TMEM178A,R,84,,,,,,,Y,,,,,,
Q13595,TRA2A,Transformer-2 protein homolog alpha,TRA2A,K,44,,,,,,,,,Y,,,,
Q8IUR0,TPPC5,Trafficking protein particle complex subunit 5,TRAPPC5,E,79,,,,,,,,Y,,,,,
Q8IUR0,TPPC5,Trafficking protein particle complex subunit 5,TRAPPC5,K,81,,,,,,,,Y,,,,,
Q8IUR0,TPPC5,Trafficking protein particle complex subunit 5,TRAPPC5,K,90,,,,,,,,Y,,,,,
Q9C030,TRIM6,Tripartite motif-containing protein 6,TRIM6,K,329,,,,,,,,,Y,,,,
Q5R3I4,TTC38,HUMAN Tetratricopeptide repeat protein 38,TTC38,R,402,,,,,Y,,,,,,,,
Q5R3I4,TTC38,HUMAN Tetratricopeptide repeat protein 38,TTC38,R,404,,,,,Y,,,,,,,,
Q9BWV7,TTLL2,HUMAN Probable tubulin polyglutamylase TTLL2,TTLL2,E,582,,,,,Y,,,,,,,,
O95881,TXD12,Thioredoxin domain-containing protein 12,TXNDC12,K,166,,,,,,,,,Y,,,,
P29597,TYK2,HUMAN Non-receptor tyrosine-protein kinase TYK2,TYK2,E,1132,,,,Y,,,,,,,,,
P29597,TYK2,HUMAN Non-receptor tyrosine-protein kinase TYK2,TYK2,R,1133,,,,Y,,,,,,,,,
P29597,TYK2,HUMAN Non-receptor tyrosine-protein kinase TYK2,TYK2,R,1136,,,,Y,,,,,,,,,
A0AVT1,UBA6,Ubiquitin-like modifier-activating enzyme 6,UBA6,D,539,,,,,,,Y,,,,,,
A0AVT1,UBA6,Ubiquitin-like modifier-activating enzyme 6,UBA6,K,537,,,,,,,Y,,,,,,
Q6ZT12,UBR3,E3 ubiquitin-protein ligase UBR3,UBR3,E,435,,,,,,Y,,,,,,,
Q5T4S7,UBR4,E3 ubiquitin-protein ligase UBR4,UBR4,E,1439,,,,,,,,,Y,,,,
Q5T4S7,UBR4,E3 ubiquitin-protein ligase UBR4,UBR4,K,1440,,,,,,,,,Y,,,,
Q5T4S7,UBR4,E3 ubiquitin-protein ligase UBR4,UBR4,K,1920,,,,,,Y,,,,,,,
Q5T4S7,UBR4,E3 ubiquitin-protein ligase UBR4,UBR4,K,1931,,,,,,Y,,,,,,,
Q5T124,UBX11,UBX domain-containing protein 11,UBXN11,K,10,,,,,,,,Y,,,,,
Q9UPW8,UN13A,HUMAN Protein unc-13 homolog A,UNC13A,E,1463,,Y,,,,,,,,,,,
Q6UXZ4,UNC5D,Netrin receptor UNC5D,UNC5D,E,471,,,,,,,,Y,,,,,
Q9HAU5,RENT2,HUMAN Regulator of nonsense transcripts 2,UPF2,D,1016,,,Y,,,,,,,,,,
Q9HAU5,RENT2,HUMAN Regulator of nonsense transcripts 2,UPF2,K,1017,,,Y,,,,,,,,,,
P51784,UBP11,HUMAN Ubiquitin carboxyl-terminal hydrolase 11,USP11,E,596,,,,Y,,,,,,,,,
P51784,UBP11,HUMAN Ubiquitin carboxyl-terminal hydrolase 11,USP11,R,597,,,,Y,,,,,,,,,
Q96GC9,VMP1,Vacuole membrane protein 1,VMP1,R,48,,,,,,Y,,,,,,,
Q709C8,VP13C,HUMAN Vacuolar protein sorting-associated protein 13C,VPS13C,E,1810,,,Y,,,,,,,,,,
Q8N3P4,VPS8,Vacuolar protein sorting-associated protein 8 homolog,VPS8,K,1096,,,,,,,,Y,,,,,
O75083,WDR1,WD repeat-containing protein 1,WDR1,E,91,,,,,,,Y,,,,,,
O75083,WDR1,WD repeat-containing protein 1,WDR1,K,90,,,,,,,Y,,,,,,
O75083,WDR1,WD repeat-containing protein 1,WDR1,K,95,,,,,,,Y,,,,,,
Q8TAF3,WDR48,WD repeat-containing protein 48,WDR48,K,275,,,,,,,,,Y,,,,
Q8TAF3,WDR48,WD repeat-containing protein 48,WDR48,R,287,,,,,,,,,Y,,,,
P17861,XBP1,X-box-binding protein 1,XBP1,R,61,,,,,,,Y,,,,,,
P17861,XBP1,X-box-binding protein 1,XBP1,R,63,,,,,,,Y,,,,,,
P12956,XRCC6,X-ray repair cross-complementing protein 6,XRCC6,K,575,,,,,,,Y,,,,,,
Q9NRH1,YAE1,Protein YAE1 homolog,YAE1,D,15,,,,,,,,,Y,,,,
Q9GZM5,YIPF3,Protein YIPF3,YIPF3,K,141,,,,,,,Y,,,,,,
Q9Y2Y4,ZBT32,HUMAN Zinc finger and BTB domain-containing protein 32,ZBTB32,R,369,,,,Y,,,,,,,,,
Q9UGR2,Z3H7B,HUMAN Zinc finger CCCH domain-containing protein 7B,ZC3H7B,K,740,,,Y,,,,,,,,,,
Q15911,ZFHX3,HUMAN Zinc finger homeobox protein 3,ZFHX3,D,2225,,,,Y,,,,,,,,,
Q15911,ZFHX3,HUMAN Zinc finger homeobox protein 3,ZFHX3,R,2227,,,,Y,,,,,,,,,
Q86YA3,ZGRF1,Protein ZGRF1,ZGRF1,D,1215,,,,,,,Y,,,,,,
Q86YA3,ZGRF1,Protein ZGRF1,ZGRF1,R,1224,,,,,,,Y,,,,,,
P17022,ZNF18,HUMAN Zinc finger protein 18,ZNF18,C,410,,,,,Y,,,,,,,,
Q9C0G0,ZN407,HUMAN Zinc finger protein 407,ZNF407,K,313,Y,,,,,,,,,,,,
Q9H8G1,ZN430,Zinc finger protein 430,ZNF430,E,66,,,,,,,,Y,,,,,
Q9H8G1,ZN430,Zinc finger protein 430,ZNF430,R,69,,,,,,,,Y,,,,,
Q96F45,ZN503,Zinc finger protein 503,ZNF503,R,11,,,,,,Y,,,,,,,
Q8TD23,ZN675,Zinc finger protein 675,ZNF675,R,332,,,,,,,,Y,,,,,
Q86XN6,ZN761,Zinc finger protein 761,ZNF761,R,541,,,,,,,Y,,,,,,
Q86XN6,ZN761,Zinc finger protein 761,ZNF761,R,542,,,,,,,Y,,,,,,
P10073,ZSC22,HUMAN Zinc finger and SCAN domain-containing protein 22,ZSCAN22,R,221,,,,,Y,,,,,,,,
P10073,ZSC22,HUMAN Zinc finger and SCAN domain-containing protein 22,ZSCAN22,R,227,,,,,Y,,,,,,,,
O15535,ZSC9,Zinc finger and SCAN domain-containing protein 9,ZSCAN9,D,190,,,,,,Y,,,,,,,
O15535,ZSC9,Zinc finger and SCAN domain-containing protein 9,ZSCAN9,E,188,,,,,,Y,,,,,,,
Q8NA82,MARHA,Probable E3 ubiquitin-protein ligase MARCH10,43534,E,653,,,,,,,,,,,,,Y
Q9UG63,ABCF2,ATP-binding cassette sub-family F member 2,ABCF2,K,9,,,,,,,,,,,,,Y
Q9H172,ABCG4,ATP-binding cassette sub-family G member 4,ABCG4,C,255,,,,,,,,,,,Y,,
Q4AC99,1A1L2,Probable inactive 1-aminocyclopropane-1-carboxylate synthase-like protein 2,ACCSL,R,15,,,,,,,,,,Y,,,
Q8WXS8,ATS14,A disintegrin and metalloproteinase with thrombospondin motifs 14,ADAMTS14,K,945,,,,,,,,,,,,,Y
Q9NS39,RED2,Double-stranded RNA-specific editase B2,ADARB2,R,9,,,,,,,,,,Y,,,
Q9NZN9,AIPL1,Aryl-hydrocarbon-interacting protein-like 1,AIPL1,D,2,,,,,,,,,,Y,Y,Y,
Q9NZN9,AIPL1,Aryl-hydrocarbon-interacting protein-like 1,AIPL1,E,10,,,,,,,,,,Y,Y,Y,
Q9NZN9,AIPL1,Aryl-hydrocarbon-interacting protein-like 1,AIPL1,K,13,,,,,,,,,,Y,Y,,
Q9ULX6,AKP8L,A-kinase anchor protein 8-like,AKAP8L,E,444,,,,,,,,,,,,,Y
Q9ULX6,AKP8L,A-kinase anchor protein 8-like,AKAP8L,K,441,,,,,,,,,,,,,Y
Q9ULX6,AKP8L,A-kinase anchor protein 8-like,AKAP8L,K,442,,,,,,,,,,,,,Y
Q8TCU4,ALMS1,Alstrom syndrome protein 1,ALMS1,K,3557,,,,,,,,,,,,,Y
O14727,APAF,Apoptotic protease-activating factor 1,APAF1,R,608,,,,,,,,,,,,Y,
Q8IWW6,RHG12,Rho GTPase-activating protein 12,ARHGAP12,D,722,,,,,,,,,,,Y,,
Q8IWW6,RHG12,Rho GTPase-activating protein 12,ARHGAP12,E,721,,,,,,,,,,,Y,,
Q8IWW6,RHG12,Rho GTPase-activating protein 12,ARHGAP12,K,731,,,,,,,,,,,Y,,
Q9BRR9,RHG09,Rho GTPase-activating protein 9,ARHGAP9,C,230,,,,,,,,,,,,Y,
Q03989,ARI5A,AT-rich interactive domain-containing protein 5A,ARID5A,R,137,,,,,,,,,,,Y,,
Q03989,ARI5A,AT-rich interactive domain-containing protein 5A,ARID5A,R,144,,,,,,,,,,,Y,,
Q7L311,ARMX2,Armadillo repeat-containing X-linked protein 2,ARMCX2,D,387,,,,,,,,,,Y,,,
Q7L311,ARMX2,Armadillo repeat-containing X-linked protein 2,ARMCX2,R,386,,,,,,,,,,Y,,,
Q7L311,ARMX2,Armadillo repeat-containing X-linked protein 2,ARMCX2,R,389,,,,,,,,,,Y,,,
Q8NBU5,ATAD1,ATPase family AAA domain-containing protein 1,ATAD1,E,5,,,,,,,,,,,,,Y
P17544,ATF7,Cyclic AMP-dependent transcription factor ATF-7,ATF7,R,163,,,,,,,,,,,Y,,
Q93084,AT2A3,Sarcoplasmic/endoplasmic reticulum calcium ATPase 3,ATP2A3,E,606,,,,,,,,,,,Y,,
O75531,BAF,Barrier-to-autointegration factor,BANF1,E,36,,,,,,,,,,,,Y,
O75531,BAF,Barrier-to-autointegration factor,BANF1,R,37,,,,,,,,,,,,Y,
C9JSJ3,BHMG1,Basic helix-loop-helix and HMG box domain-containing protein 1,BHMG1,K,556,,,,,,,,,,,,,Y
Q8NAA6,CO053,Uncharacterized protein C15orf53,C15orf53,R,49,,,,,,,,,,Y,,,
Q8NFZ8,CADM4,Cell adhesion molecule 4,CADM4,E,359,,,,,,,,,,,Y,,
P49589,SYCC,"Cysteine--tRNA ligase, cytoplasmic",CARS,E,164,,,,,,,,,,,Y,,
Q8NDH2,CC168,Coiled-coil domain-containing protein 168,CCDC168,D,1657,,,,,,,,,,,Y,,
Q8NDH2,CC168,Coiled-coil domain-containing protein 168,CCDC168,E,1656,,,,,,,,,,,Y,,
Q8NDH2,CC168,Coiled-coil domain-containing protein 168,CCDC168,K,1659,,,,,,,,,,,Y,,
Q4G0X9,CCD40,Coiled-coil domain-containing protein 40,CCDC40,E,865,,,,,,,,,,,Y,,
Q99731,CCL19,C-C motif chemokine 19,CCL19,K,52,,,,,,,,,,,,,Y
Q9Y5S2,MRCKB,Serine/threonine-protein kinase MRCK beta,CDC42BPB,K,864,,,,,,,,,,Y,,,
P49454,CENPF,Centromere protein F,CENPF,K,606,,,,,,,,,,,,,Y
P49454,CENPF,Centromere protein F,CENPF,K,607,,,,,,,,,,,,,Y
Q5SZL2,CE85L,Centrosomal protein of 85 kDa-like,CEP85L,E,662,,,,,,,,,,Y,,Y,
Q5SZL2,CE85L,Centrosomal protein of 85 kDa-like,CEP85L,R,663,,,,,,,,,,Y,,Y,
Q7Z460,CLAP1,CLIP-associating protein 1,CLASP1,K,1512,,,,,,,,,,,,Y,
Q7Z460,CLAP1,CLIP-associating protein 1,CLASP1,K,1519,,,,,,,,,,,,Y,
Q8N3K9,CMYA5,Cardiomyopathy-associated protein 5,CMYA5,E,2443,,,,,,,,,,,Y,,
Q8N3K9,CMYA5,Cardiomyopathy-associated protein 5,CMYA5,E,2444,,,,,,,,,,,Y,,
Q9NXG0,CNTLN,Centlein,CNTLN,E,696,,,,,,,,,,,Y,,
O75128,COBL,Protein cordon-bleu,COBL,K,27,,,,,,,,,,Y,,,
P00450,CERU,Ceruloplasmin,CP,K,561,,,,,,,,,,,Y,,
P20023,CR2,Complement receptor type 2,CR2,C,65,,,,,,,,,,,,Y,
Q16526,CRY1,Cryptochrome-1,CRY1,R,493,,,,,,,,,,Y,,,
Q14118,DAG1,Dystroglycan,DAG1,E,472,,,,,,,,,,,,,Y
Q14118,DAG1,Dystroglycan,DAG1,R,470,,,,,,,,,,,,,Y
Q14118,DAG1,Dystroglycan,DAG1,R,479,,,,,,,,,,,,,Y
Q9Y2R4,DDX52,Probable ATP-dependent RNA helicase DDX52,DDX52,E,423,,,,,,,,,,,Y,,
Q9Y2R4,DDX52,Probable ATP-dependent RNA helicase DDX52,DDX52,R,424,,,,,,,,,,,Y,,
Q6IAN0,DRS7B,Dehydrogenase/reductase SDR family member 7B,DHRS7B,R,7,,,,,,,,,,,,,Y
P09622,DLDH,"Dihydrolipoyl dehydrogenase, mitochondrial",DLD,K,440,,,,,,,,,,Y,,,
Q8TD57,DYH3,"Dynein heavy chain 3, axonemal",DNAH3,R,2676,,,,,,,,,,Y,,,
Q8TD57,DYH3,"Dynein heavy chain 3, axonemal",DNAH3,R,2678,,,,,,,,,,Y,,,
P25685,DNJB1,DnaJ homolog subfamily B member 1,DNAJB1,E,309,,,,,,,,,,,,,Y
P25685,DNJB1,DnaJ homolog subfamily B member 1,DNAJB1,K,306,,,,,,,,,,,,,Y
Q6XZF7,DNMBP,Dynamin-binding protein,DNMBP,D,587,,,,,,,,,,,Y,,
Q6XZF7,DNMBP,Dynamin-binding protein,DNMBP,K,586,,,,,,,,,,,Y,,
Q6XZF7,DNMBP,Dynamin-binding protein,DNMBP,R,590,,,,,,,,,,,Y,,
Q9BZ29,DOCK9,Dedicator of cytokinesis protein 9,DOCK9,D,344,,,,,,,,,,Y,,,
Q6V1X1,DPP8,Dipeptidyl peptidase 8,DPP8,E,6,,,,,,,,,,Y,,Y,Y
Q6V1X1,DPP8,Dipeptidyl peptidase 8,DPP8,R,4,,,,,,,,,,Y,,Y,Y
P15924,DESP,Desmoplakin,DSP,D,1553,,,,,,,,,,,,,Y
P15924,DESP,Desmoplakin,DSP,D,1555,,,,,,,,,,,,,Y
Q15075,EEA1,Early endosome antigen 1,EEA1,D,94,,,,,,,,,,Y,,,
O75071,EFC14,EF-hand calcium-binding domain-containing protein 14,EFCAB14,K,369,,,,,,,,,,,Y,,
Q8N7B9,EFCB3,EF-hand calcium-binding domain-containing protein 3,EFCAB3,D,28,,,,,,,,,,Y,,,
Q9BXX0,EMIL2,EMILIN-2,EMILIN2,E,379,,,,,,,,,,Y,,,
Q96PL5,ERMAP,Erythroid membrane-associated protein,ERMAP,K,250,,,,,,,,,,Y,,,
Q92817,EVPL,Envoplakin,EVPL,R,1403,,,,,,,,,,,,,Y
Q92817,EVPL,Envoplakin,EVPL,R,1413,,,,,,,,,,,,,Y
Q9H790,EXO5,Exonuclease V,EXO5,K,211,,,,,,,,,,,,,Y
Q9H790,EXO5,Exonuclease V,EXO5,R,201,,,,,,,,,,,,,Y
Q9H790,EXO5,Exonuclease V,EXO5,R,202,,,,,,,,,,,,,Y
Q8IXR5,F178B,Protein FAM178B,FAM178B,C,64,,,,,,,,,,,,Y,Y
Q8IXR5,F178B,Protein FAM178B,FAM178B,K,63,,,,,,,,,,,,Y,Y
Q8IYD8,FANCM,Fanconi anemia group M protein,FANCM,E,650,,,,,,,,,,,,,Y
Q8IYD8,FANCM,Fanconi anemia group M protein,FANCM,K,651,,,,,,,,,,,,,Y
Q8IYD8,FANCM,Fanconi anemia group M protein,FANCM,R,654,,,,,,,,,,,,,Y
Q53R41,FAKD1,"FAST kinase domain-containing protein 1, mitochondrial",FASTKD1,E,664,,,,,,,,,,,,,Y
Q14517,FAT1,Protocadherin Fat 1,FAT1,D,2336,,,,,,,,,,Y,,,
Q9NRD0,FBX8,F-box only protein 8,FBXO8,R,10,,,,,,,,,,Y,,,
P07332,FES,Tyrosine-protein kinase Fes/Fps,FES,K,694,,,,,,,,,,,,,Y
Q8TC99,FNDC8,Fibronectin type III domain-containing protein 8,FNDC8,K,303,,,,,,,,,,Y,,,
Q8TC99,FNDC8,Fibronectin type III domain-containing protein 8,FNDC8,R,313,,,,,,,,,,Y,,,
Q8NA03,FSIP1,Fibrous sheath-interacting protein 1,FSIP1,C,410,,,,,,,,,,Y,,,
Q8NA03,FSIP1,Fibrous sheath-interacting protein 1,FSIP1,E,414,,,,,,,,,,Y,,,
Q8IY81,SPB1,pre-rRNA processing protein FTSJ3,FTSJ3,R,27,,,,,,,,,,,,,Y
P35637,FUS,RNA-binding protein FUS,FUS,R,328,,,,,,,,,,,,,Y
Q9ULW2,FZD10,Frizzled-10,FZD10,D,435,,,,,,,,,,,Y,,
Q9ULW2,FZD10,Frizzled-10,FZD10,E,432,,,,,,,,,,,Y,,
Q9ULW2,FZD10,Frizzled-10,FZD10,K,436,,,,,,,,,,,Y,,
Q9ULW2,FZD10,Frizzled-10,FZD10,R,443,,,,,,,,,,,Y,,
P54803,GALC,Galactocerebrosidase,GALC,K,211,,,,,,,,,,,Y,,
P54803,GALC,Galactocerebrosidase,GALC,R,220,,,,,,,,,,,Y,,
Q9H706,GARE1,GRB2-associated and regulator of MAPK protein 1,GAREM1,D,2,,,,,,,,,,,Y,,
Q9GZZ7,GFRA4,GDNF family receptor alpha-4,GFRA4,R,53,,,,,,,,,,,,,Y
Q4G1C9,GRPL2,GLIPR1-like protein 2,GLIPR1L2,R,12,,,,,,,,,,Y,,,
Q4G1C9,GRPL2,GLIPR1-like protein 2,GLIPR1L2,R,27,,,,,,,,,,Y,,,
O14610,GBGT2,Guanine nucleotide-binding protein G(I)/G(S)/G(O) subunit gamma-T2,GNGT2,E,14,,,,,,,,,,,Y,,
O14610,GBGT2,Guanine nucleotide-binding protein G(I)/G(S)/G(O) subunit gamma-T2,GNGT2,K,12,,,,,,,,,,,Y,,
Q9NVN8,GNL3L,Guanine nucleotide-binding protein-like 3-like protein,GNL3L,R,274,,,,,,,,,,,Y,Y,
Q9NVN8,GNL3L,Guanine nucleotide-binding protein-like 3-like protein,GNL3L,R,276,,,,,,,,,,,Y,,
O15228,GNPAT,Dihydroxyacetone phosphate acyltransferase,GNPAT,E,141,,,,,,,,,,,,Y,
O15228,GNPAT,Dihydroxyacetone phosphate acyltransferase,GNPAT,E,142,,,,,,,,,,,,Y,
Q7Z2K8,GRIN1,G protein-regulated inducer of neurite outgrowth 1,GPRIN1,K,288,,,,,,,,,,,,Y,
Q86UP8,GTD2A,General transcription factor II-I repeat domain-containing protein 2A,GTF2IRD2,C,933,,,,,,,,,,,,,Y
Q86UP8,GTD2A,General transcription factor II-I repeat domain-containing protein 2A,GTF2IRD2,K,931,,,,,,,,,,,Y,,Y
Q86UP8,GTD2A,General transcription factor II-I repeat domain-containing protein 2A,GTF2IRD2,K,937,,,,,,,,,,,Y,,Y
Q7Z4H7,HAUS6,HAUS augmin-like complex subunit 6,HAUS6,E,228,,,,,,,,,,,,,Y
Q7Z4H7,HAUS6,HAUS augmin-like complex subunit 6,HAUS6,E,229,,,,,,,,,,,,,Y
Q7Z4H7,HAUS6,HAUS augmin-like complex subunit 6,HAUS6,K,230,,,,,,,,,,,,,Y
Q9Y2N7,HIF3A,Hypoxia-inducible factor 3-alpha,HIF3A,R,27,,,,,,,,,,,Y,,
P42858,HD,Huntingtin,HTT,R,1182,,,,,,,,,,Y,,,Y
Q86WN2,IFNE,Interferon epsilon,IFNE,R,141,,,,,,,,,,,,,Y
Q9NP60,IRPL2,X-linked interleukin-1 receptor accessory protein-like 2,IL1RAPL2,K,525,,,,,,,,,,Y,,,
Q9NP60,IRPL2,X-linked interleukin-1 receptor accessory protein-like 2,IL1RAPL2,R,526,,,,,,,,,,Y,,,
P40189,IL6RB,Interleukin-6 receptor subunit beta,IL6ST,E,138,,,,,,,,,,,Y,,
P40189,IL6RB,Interleukin-6 receptor subunit beta,IL6ST,K,140,,,,,,,,,,,Y,,
P40189,IL6RB,Interleukin-6 receptor subunit beta,IL6ST,K,141,,,,,,,,,,,Y,,
Q92835,SHIP1,"Phosphatidylinositol 3,4,5-trisphosphate 5-phosphatase 1",INPP5D,C,217,,,,,,,,,,Y,,,
Q92835,SHIP1,"Phosphatidylinositol 3,4,5-trisphosphate 5-phosphatase 1",INPP5D,E,223,,,,,,,,,,Y,,,
Q9BZI1,IRX2,Iroquois-class homeodomain protein IRX-2,IRX2,D,188,,,,,,,,,,,,,Y
Q9BZI1,IRX2,Iroquois-class homeodomain protein IRX-2,IRX2,D,190,,,,,,,,,,,,,Y
Q9BZI1,IRX2,Iroquois-class homeodomain protein IRX-2,IRX2,D,192,,,,,,,,,,,,,Y
Q9BZI1,IRX2,Iroquois-class homeodomain protein IRX-2,IRX2,E,187,,,,,,,,,,,,,Y
Q9BZI1,IRX2,Iroquois-class homeodomain protein IRX-2,IRX2,E,189,,,,,,,,,,,,,Y
Q9BZI1,IRX2,Iroquois-class homeodomain protein IRX-2,IRX2,E,191,,,,,,,,,,,,,Y
Q9BZI1,IRX2,Iroquois-class homeodomain protein IRX-2,IRX2,E,193,,,,,,,,,,,,,Y
Q9BZI1,IRX2,Iroquois-class homeodomain protein IRX-2,IRX2,K,206,,,,,,,,,,,,,Y
O43448,KCAB3,Voltage-gated potassium channel subunit beta-3,KCNAB3,E,9,,,,,,,,,,,Y,,
O95259,KCNH1,Potassium voltage-gated channel subfamily H member 1,KCNH1,E,860,,,,,,,,,,,,Y,
O43896,KIF1C,Kinesin-like protein KIF1C,KIF1C,D,296,,,,,,,,,,,,Y,
O43896,KIF1C,Kinesin-like protein KIF1C,KIF1C,K,294,,,,,,,,,,,,Y,
Q86VH2,KIF27,Kinesin-like protein KIF27,KIF27,D,899,,,,,,,,,,Y,,,
Q86VH2,KIF27,Kinesin-like protein KIF27,KIF27,D,901,,,,,,,,,,Y,,,
Q86VH2,KIF27,Kinesin-like protein KIF27,KIF27,E,898,,,,,,,,,,Y,,,
Q86VH2,KIF27,Kinesin-like protein KIF27,KIF27,K,896,,,,,,,,,,Y,,,
O15066,KIF3B,Kinesin-like protein KIF3B,KIF3B,E,422,,,,,,,,,,,Y,,
O15066,KIF3B,Kinesin-like protein KIF3B,KIF3B,E,424,,,,,,,,,,,Y,,
O14782,KIF3C,Kinesin-like protein KIF3C,KIF3C,E,518,,,,,,,,,,Y,,,
O14782,KIF3C,Kinesin-like protein KIF3C,KIF3C,K,515,,,,,,,,,,Y,,,
O14782,KIF3C,Kinesin-like protein KIF3C,KIF3C,K,520,,,,,,,,,,Y,,,
Q03164,KMT2A,Histone-lysine N-methyltransferase 2A,KMT2A,D,1227,,,,,,,,,,,Y,,
Q03164,KMT2A,Histone-lysine N-methyltransferase 2A,KMT2A,E,1230,,,,,,,,,,,Y,,
Q03164,KMT2A,Histone-lysine N-methyltransferase 2A,KMT2A,K,1229,,,,,,,,,,,Y,,
Q03164,KMT2A,Histone-lysine N-methyltransferase 2A,KMT2A,K,1235,,,,,,,,,,,Y,,
Q3LI77,KR134,Keratin-associated protein 13-4,KRTAP13-4,C,160,,,,,,,,,,Y,,,
O00515,LAD1,Ladinin-1,LAD1,R,372,,,,,,,,,,,,,Y
P25391,LAMA1,Laminin subunit alpha-1,LAMA1,K,2397,,,,,,,,,,,,Y,
P25391,LAMA1,Laminin subunit alpha-1,LAMA1,R,2396,,,,,,,,,,,,Y,
Q5TDP6,LGSN,Lengsin,LGSN,D,11,,,,,,,,,,,,Y,
Q5TDP6,LGSN,Lengsin,LGSN,D,6,,,,,,,,,,,,Y,
Q5TDP6,LGSN,Lengsin,LGSN,E,10,,,,,,,,,,,,Y,
Q5TDP6,LGSN,Lengsin,LGSN,E,4,,,,,,,,,,,,Y,
Q5TDP6,LGSN,Lengsin,LGSN,E,5,,,,,,,,,,,,Y,
Q8NG48,LINES,Protein Lines homolog 1,LINS1,C,316,,,,,,,,,,,,Y,
Q8NG48,LINES,Protein Lines homolog 1,LINS1,D,314,,,,,,,,,,,,Y,
Q8NG48,LINES,Protein Lines homolog 1,LINS1,E,313,,,,,,,,,,,,Y,
Q8NG48,LINES,Protein Lines homolog 1,LINS1,K,310,,,,,,,,,,,,Y,
Q9Y4K0,LOXL2,Lysyl oxidase homolog 2,LOXL2,K,212,,,,,,,,,,,,,Y
Q07954,LRP1,Prolow-density lipoprotein receptor-related protein 1,LRP1,R,1079,,,,,,,,,,Y,,,
Q07954,LRP1,Prolow-density lipoprotein receptor-related protein 1,LRP1,R,1081,,,,,,,,,,Y,,,
Q07954,LRP1,Prolow-density lipoprotein receptor-related protein 1,LRP1,R,379,,,,,,,,,,Y,,,
Q96CN5,LRC45,Leucine-rich repeat-containing protein 45,LRRC45,D,517,,,,,,,,,,,Y,,
Q96CN5,LRC45,Leucine-rich repeat-containing protein 45,LRRC45,E,518,,,,,,,,,,,Y,,
Q96CN5,LRC45,Leucine-rich repeat-containing protein 45,LRRC45,R,516,,,,,,,,,,,Y,,
Q9UJ55,MAGL2,MAGE-like protein 2,MAGEL2,E,1057,,,,,,,,,,,Y,,
Q9Y6R4,M3K4,Mitogen-activated protein kinase kinase kinase 4,MAP3K4,E,323,,,,,,,,,,,Y,,
P49006,MRP,MARCKS-related protein,MARCKSL1,K,25,,,,,,,,,,,Y,,
Q06413,MEF2C,Myocyte-specific enhancer factor 2C,MEF2C,K,68,,,,,,,,,,,Y,,
O95140,MFN2,Mitofusin-2,MFN2,R,250,,,,,,,,,,,,Y,
Q3V5L5,MGT5B,"Alpha-1,6-mannosylglycoprotein 6-beta-N-acetylglucosaminyltransferase B",MGAT5B,R,234,,,,,,,,,,,,,Y
Q9H8L6,MMRN2,Multimerin-2,MMRN2,R,402,,,,,,,,,,,Y,Y,
Q92552,RT27,"28S ribosomal protein S27, mitochondrial",MRPS27,K,252,,,,,,,,,,Y,,,
Q6UB35,C1TM,"Monofunctional C1-tetrahydrofolate synthase, mitochondrial",MTHFD1L,R,4,,,,,,,,,,Y,,Y,
P11055,MYH3,Myosin-3,MYH3,D,1255,,,,,,,,,,Y,,,
P11055,MYH3,Myosin-3,MYH3,E,1254,,,,,,,,,,Y,,,
P11055,MYH3,Myosin-3,MYH3,E,1259,,,,,,,,,,Y,,,
P11055,MYH3,Myosin-3,MYH3,K,1263,,,,,,,,,,Y,,,
P11055,MYH3,Myosin-3,MYH3,R,1261,,,,,,,,,,Y,,,
Q9ULV0,MYO5B,Unconventional myosin-Vb,MYO5B,K,773,,,,,,,,,,Y,,,
Q9ULV0,MYO5B,Unconventional myosin-Vb,MYO5B,R,776,,,,,,,,,,Y,,,
O76041,NEBL,Nebulette,NEBL,K,90,,,,,,,,,,,Y,,
O00567,NOP56,Nucleolar protein 56,NOP56,E,489,,,,,,,,,,Y,,,
O60890,OPHN1,Oligophrenin-1,OPHN1,K,403,,,,,,,,,,,Y,,
Q8NGI3,O56B1,Olfactory receptor 56B1,OR56B1,E,306,,,,,,,,,,,Y,,
Q8NGI3,O56B1,Olfactory receptor 56B1,OR56B1,R,308,,,,,,,,,,,Y,,
Q9Y5N6,ORC6,Origin recognition complex subunit 6,ORC6,R,8,,,,,,,,,,,,Y,
O96013,PAK4,Serine/threonine-protein kinase PAK 4,PAK4,E,44,,,,,,,,,,Y,,,
O96013,PAK4,Serine/threonine-protein kinase PAK 4,PAK4,E,45,,,,,,,,,,Y,,,
P26367,PAX6,Paired box protein Pax-6,PAX6,R,38,,,,,,,,,,Y,,,
Q9Y5B6,PAXB1,PAX3- and PAX7-binding protein 1,PAXBP1,D,801,,,,,,,,,,,,Y,
Q9Y5B6,PAXB1,PAX3- and PAX7-binding protein 1,PAXBP1,E,797,,,,,,,,,,,,Y,
Q5VU43,MYOME,Myomegalin,PDE4DIP,E,1284,,,,,,,,,,,Y,,
Q5VU43,MYOME,Myomegalin,PDE4DIP,R,1282,,,,,,,,,,,Y,,
P51160,PDE6C,"Cone cGMP-specific 3',5'-cyclic phosphodiesterase subunit alpha'",PDE6C,R,269,,,,,,,,,,Y,,,
Q13946,PDE7A,"High affinity cAMP-specific 3',5'-cyclic phosphodiesterase 7A",PDE7A,D,13,,,,,,,,,,,,,Y
Q13946,PDE7A,"High affinity cAMP-specific 3',5'-cyclic phosphodiesterase 7A",PDE7A,R,14,,,,,,,,,,,,,Y
O60825,F262,"6-phosphofructo-2-kinase/fructose-2,6-bisphosphatase 2",PFKFB2,D,352,,,,,,,,,,,,,Y
O60825,F262,"6-phosphofructo-2-kinase/fructose-2,6-bisphosphatase 2",PFKFB2,E,354,,,,,,,,,,,,,Y
O60825,F262,"6-phosphofructo-2-kinase/fructose-2,6-bisphosphatase 2",PFKFB2,K,355,,,,,,,,,,,,,Y
Q96QT6,PHF12,PHD finger protein 12,PHF12,K,531,,,,,,,,,,Y,,,
Q93100,KPBB,Phosphorylase b kinase regulatory subunit beta,PHKB,K,777,,,,,,,,,,Y,,,
Q93100,KPBB,Phosphorylase b kinase regulatory subunit beta,PHKB,K,791,,,,,,,,,,Y,,,
Q8TCI5,PIFO,Protein pitchfork,PIFO,K,82,,,,,,,,,,,Y,,
Q86WI1,PKHL1,Fibrocystin-L,PKHD1L1,C,2052,,,,,,,,,,,,,Y
Q86WI1,PKHL1,Fibrocystin-L,PKHD1L1,D,2046,,,,,,,,,,,,,Y
Q86WI1,PKHL1,Fibrocystin-L,PKHD1L1,E,2063,,,,,,,,,,,,,Y
P19174,PLCG1,"1-phosphatidylinositol 4,5-bisphosphate phosphodiesterase gamma-1",PLCG1,D,934,,,,,,,,,,,Y,,
P19174,PLCG1,"1-phosphatidylinositol 4,5-bisphosphate phosphodiesterase gamma-1",PLCG1,K,925,,,,,,,,,,,Y,,
P19174,PLCG1,"1-phosphatidylinositol 4,5-bisphosphate phosphodiesterase gamma-1",PLCG1,R,936,,,,,,,,,,,Y,,
O75038,PLCH2,"1-phosphatidylinositol 4,5-bisphosphate phosphodiesterase eta-2",PLCH2,K,211,,,,,,,,,,,,Y,
O75038,PLCH2,"1-phosphatidylinositol 4,5-bisphosphate phosphodiesterase eta-2",PLCH2,R,207,,,,,,,,,,,,Y,
O75038,PLCH2,"1-phosphatidylinositol 4,5-bisphosphate phosphodiesterase eta-2",PLCH2,R,209,,,,,,,,,,,,Y,
Q9ULL1,PKHG1,Pleckstrin homology domain-containing family G member 1,PLEKHG1,E,298,,,,,,,,,,,Y,,
Q9ULL1,PKHG1,Pleckstrin homology domain-containing family G member 1,PLEKHG1,K,296,,,,,,,,,,,Y,,
Q9ULL1,PKHG1,Pleckstrin homology domain-containing family G member 1,PLEKHG1,K,314,,,,,,,,,,,Y,,
Q96SB3,NEB2,Neurabin-2,PPP1R9B,D,34,,,,,,,,,,,,,Y
Q96SB3,NEB2,Neurabin-2,PPP1R9B,E,40,,,,,,,,,,,,,Y
Q96QH2,PRAM,PML-RARA-regulated adapter molecule 1,PRAM1,E,54,,,,,,,,,,,,Y,
P14222,PERF,Perforin-1,PRF1,K,110,,,,,,,,,,Y,,,Y
P14222,PERF,Perforin-1,PRF1,R,108,,,,,,,,,,Y,,,Y
Q86XR5,PRIMA,Proline-rich membrane anchor 1,PRIMA1,R,9,,,,,,,,,,Y,,,
Q9BWN1,PRR14,Proline-rich protein 14,PRR14,D,525,,,,,,,,,,,,Y,
Q9BWN1,PRR14,Proline-rich protein 14,PRR14,E,522,,,,,,,,,,,,Y,
Q9BWN1,PRR14,Proline-rich protein 14,PRR14,R,524,,,,,,,,,,,,Y,
Q2KHR3,QSER1,Glutamine and serine-rich protein 1,QSER1,C,1442,,,,,,,,,,,,,Y
P15918,RAG1,V(D)J recombination-activating protein 1,RAG1,E,871,,,,,,,,,,,Y,,
Q12967,GNDS,Ral guanine nucleotide dissociation stimulator,RALGDS,K,117,,,,,,,,,,Y,,Y,
Q9H2L5,RASF4,Ras association domain-containing protein 4,RASSF4,R,307,,,,,,,,,,,Y,,
Q9H2L5,RASF4,Ras association domain-containing protein 4,RASSF4,R,313,,,,,,,,,,,Y,,
Q8IXT5,RB12B,RNA-binding protein 12B,RBM12B,D,181,,,,,,,,,,,,,Y
Q96T37,RBM15,RNA-binding protein 15,RBM15,D,583,,,,,,,,,,,Y,,
Q96T37,RBM15,RNA-binding protein 15,RBM15,D,585,,,,,,,,,,,Y,,
Q8TAI7,REBL1,GTPase RhebL1,RHEBL1,R,7,,,,,,,,,,,,Y,
Q8IXW5,RPAP2,Putative RNA polymerase II subunit B1 CTD phosphatase RPAP2,RPAP2,E,323,,,,,,,,,,,Y,,
Q5JTH9,RRP12,RRP12-like protein,RRP12,K,20,,,,,,,,,,,,Y,
O75298,RTN2,Reticulon-2,RTN2,K,344,,,,,,,,,,,Y,Y,
O94885,SASH1,SAM and SH3 domain-containing protein 1,SASH1,D,640,,,,,,,,,,,,Y,Y
O94885,SASH1,SAM and SH3 domain-containing protein 1,SASH1,E,639,,,,,,,,,,,,Y,Y
O94885,SASH1,SAM and SH3 domain-containing protein 1,SASH1,K,648,,,,,,,,,,,,Y,
O94885,SASH1,SAM and SH3 domain-containing protein 1,SASH1,R,644,,,,,,,,,,,,,Y
P51172,SCNND,Amiloride-sensitive sodium channel subunit delta,SCNN1D,R,335,,,,,,,,,,Y,,,
Q9UQ13,SHOC2,Leucine-rich repeat protein SHOC-2,SHOC2,R,223,,,,,,,,,,,,,Y
Q8NCS7,CTL5,Choline transporter-like protein 5,SLC44A5,K,157,,,,,,,,,,,,Y,
P57103,NAC3,Sodium/calcium exchanger 3,SLC8A3,K,685,,,,,,,,,,,,Y,
P57103,NAC3,Sodium/calcium exchanger 3,SLC8A3,K,686,,,,,,,,,,,,Y,
Q92922,SMRC1,SWI/SNF complex subunit SMARCC1,SMARCC1,D,373,,,,,,,,,,,Y,,
Q92922,SMRC1,SWI/SNF complex subunit SMARCC1,SMARCC1,E,372,,,,,,,,,,,Y,,
Q7KZF4,SND1,Staphylococcal nuclease domain-containing protein 1,SND1,K,886,,,,,,,,,,,Y,,
O15524,SOCS1,Suppressor of cytokine signaling 1,SOCS1,R,127,,,,,,,,,,,,,Y
Q6Q759,SPG17,Sperm-associated antigen 17,SPAG17,K,772,,,,,,,,,,Y,,,
Q6Q759,SPG17,Sperm-associated antigen 17,SPAG17,K,773,,,,,,,,,,Y,,,
Q14515,SPRL1,SPARC-like protein 1,SPARCL1,E,624,,,,,,,,,,,,,Y
Q99909,SSX3,Protein SSX3,SSX3,K,114,,,,,,,,,,,Y,,
Q9P2W9,STX18,Syntaxin-18,STX18,K,14,,,,,,,,,,,,Y,
Q9P2W9,STX18,Syntaxin-18,STX18,R,10,,,,,,,,,,,,Y,Y
Q8NF91,SYNE1,Nesprin-1,SYNE1,D,1974,,,,,,,,,,,Y,Y,
Q8NF91,SYNE1,Nesprin-1,SYNE1,E,1972,,,,,,,,,,,Y,Y,
Q86SS6,SYT9,Synaptotagmin-9,SYT9,D,267,,,,,,,,,,,,Y,
Q86SS6,SYT9,Synaptotagmin-9,SYT9,K,271,,,,,,,,,,,,Y,
Q5T011,SZT2,KICSTOR complex protein SZT2,SZT2,D,3208,,,,,,,,,,,Y,,
Q5T011,SZT2,KICSTOR complex protein SZT2,SZT2,E,3200,,,,,,,,,,,Y,,
Q13148,TADBP,TAR DNA-binding protein 43,TARDBP,E,87,,,,,,,,,,,,,Y
Q969Z0,FAKD4,FAST kinase domain-containing protein 4,TBRG4,K,7,,,,,,,,,,,,,Y
Q96GX1,TECT2,Tectonic-2,TCTN2,D,331,,,,,,,,,,,Y,,
B5MCY1,TDR15,Tudor domain-containing protein 15,TDRD15,K,1009,,,,,,,,,,Y,,,
Q9UKZ4,TEN1,Teneurin-1,TENM1,R,1899,,,,,,,,,,,,Y,
Q9BTF0,THUM2,THUMP domain-containing protein 2,THUMPD2,D,119,,,,,,,,,,Y,,,
Q12888,TP53B,TP53-binding protein 1,TP53BP1,K,407,,,,,,,,,,,,Y,
P29144,TPP2,Tripeptidyl-peptidase 2,TPP2,D,905,,,,,,,,,,,,,Y
P29144,TPP2,Tripeptidyl-peptidase 2,TPP2,K,904,,,,,,,,,,,,,Y
Q9UPV9,TRAK1,Trafficking kinesin-binding protein 1,TRAK1,R,820,,,,,,,,,,,,,Y
O15050,TRNK1,TPR and ankyrin repeat-containing protein 1,TRANK1,K,164,,,,,,,,,,,,,Y
Q14142,TRI14,Tripartite motif-containing protein 14,TRIM14,K,252,,,,,,,,,,Y,,,
Q14142,TRI14,Tripartite motif-containing protein 14,TRIM14,R,259,,,,,,,,,,Y,,,
Q9H1D0,TRPV6,Transient receptor potential cation channel subfamily V member 6,TRPV6,D,349,,,,,,,,,,Y,,,
Q6DKK2,TTC19,"Tetratricopeptide repeat protein 19, mitochondrial",TTC19,E,261,,,,,,,,,,Y,,Y,Y
Q6DKK2,TTC19,"Tetratricopeptide repeat protein 19, mitochondrial",TTC19,K,262,,,,,,,,,,Y,,,
Q5W5X9,TTC23,Tetratricopeptide repeat protein 23,TTC23,K,416,,,,,,,,,,Y,,,
Q5W5X9,TTC23,Tetratricopeptide repeat protein 23,TTC23,R,418,,,,,,,,,,Y,,,
Q8WZ42,TITIN,Titin,TTN,K,8424,,,,,,,,,,Y,,,
Q9NZ43,USE1,Vesicle transport protein USE1,USE1,C,17,,,,,,,,,,,Y,,
Q9NZ43,USE1,Vesicle transport protein USE1,USE1,E,18,,,,,,,,,,,Y,,
Q9NZ43,USE1,Vesicle transport protein USE1,USE1,R,16,,,,,,,,,,,Y,,
Q5T230,UTF1,Undifferentiated embryonic cell transcription factor 1,UTF1,E,67,,,,,,,,,,,Y,,
Q5T230,UTF1,Undifferentiated embryonic cell transcription factor 1,UTF1,E,69,,,,,,,,,,,Y,,
P46939,UTRO,Utrophin,UTRN,K,1483,,,,,,,,,,,Y,,
P46939,UTRO,Utrophin,UTRN,K,1497,,,,,,,,,,,Y,,
Q9H8Y1,VRTN,Vertnin,VRTN,R,639,,,,,,,,,,,Y,,
A3KMH1,VWA8,von Willebrand factor A domain-containing protein 8,VWA8,D,792,,,,,,,,,,,,,Y
A3KMH1,VWA8,von Willebrand factor A domain-containing protein 8,VWA8,K,789,,,,,,,,,,,,,Y
A3KMH1,VWA8,von Willebrand factor A domain-containing protein 8,VWA8,R,793,,,,,,,,,,,,,Y
Q9UGR2,Z3H7B,Zinc finger CCCH domain-containing protein 7B,ZC3H7B,C,901,,,,,,,,,,Y,,,
Q9UGR2,Z3H7B,Zinc finger CCCH domain-containing protein 7B,ZC3H7B,K,899,,,,,,,,,,Y,,,
Q9UJ78,ZMYM5,Zinc finger MYM-type protein 5,ZMYM5,K,225,,,,,,,,,,,Y,,
Q9UJ78,ZMYM5,Zinc finger MYM-type protein 5,ZMYM5,R,224,,,,,,,,,,,Y,,
P52743,ZN137,Putative zinc finger protein 137,ZNF137P,E,9,,,,,,,,,,,Y,,
P52743,ZN137,Putative zinc finger protein 137,ZNF137P,K,10,,,,,,,,,,,Y,,
P17024,ZNF20,Zinc finger protein 20,ZNF20,C,322,,,,,,,,,,Y,Y,Y,Y
O60281,ZN292,Zinc finger protein 292,ZNF292,K,2428,,,,,,,,,,,,,Y
Q06732,ZN33B,Zinc finger protein 33B,ZNF33B,E,330,,,,,,,,,,,Y,,
Q8IVC4,ZN584,Zinc finger protein 584,ZNF584,C,189,,,,,,,,,,Y,Y,Y,Y
Q96N20,ZN75A,Zinc finger protein 75A,ZNF75A,R,171,,,,,,,,,,,,,Y
Q96MP5,ZSWM3,Zinc finger SWIM domain-containing protein 3,ZSWIM3,K,473,,,,,,,,,,,Y,,
O43264,ZW10,Centromere/kinetochore protein zw10 homolog,ZW10,D,384,,,,,,,,,,,,Y,
O43149,ZZEF1,Zinc finger ZZ-type and EF-hand domain-containing protein 1,ZZEF1,K,1097,,,,,,,,,,,,Y,
