Uniprot ID,Protein name,Protein Description,Gene,PEP,Score,Delta score,Amino acid,Residue,hMDM_1,hMDM_2,THP1_1,THP1_2,hMDM_1,hMDM_2,THP1_1,THP1_2,hMDM_1,hMDM_2,THP1_1,THP1_2,hMDM_1,hMDM_2,THP1_1,THP1_2,hMDM_1,hMDM_2,THP1_1,THP1_2
E9PG46,E9PG46,AP2-associated protein kinase 1,AAK1,4.16E-18,146.15,130.3,S,637,3663500,0,0,0,4547700,0,0,0,6137200,0,0,0,4527100,0,0,0,3646700,0,0,0
H0YN98,H0YN98,Alpha/beta hydrolase domain-containing protein 17C,ABHD17C,0.00286919,56.719,9.0388,S,22,2223700,0,0,0,0,0,0,0,0,0,0,0,0,0,0,0,0,0,0,0
H0YN98,H0YN98,Alpha/beta hydrolase domain-containing protein 17C,ABHD17C,0.00286919,56.719,9.0388,S,27,2223700,0,0,0,0,0,0,0,0,0,0,0,0,0,0,0,0,0,0,0
H0YN98,H0YN98,Alpha/beta hydrolase domain-containing protein 17C,ABHD17C,0.00286919,56.719,9.0388,T,14,2223700,0,0,0,0,0,0,0,0,0,0,0,0,0,0,0,0,0,0,0
B6VEX4,B6VEX4,Abl interactor 1,ABI1,2.85E-10,132.6,118.52,S,183,0,0,0,0,0,2303000,0,0,0,646160,3016300,0,0,389340,2847500,0,0,401050,3013500,0
P24752,THIL,"Acetyl-CoA acetyltransferase, mitochondrial",ACAT1,0.0157333,87.216,29.423,T,38,0,0,1638100,0,0,0,0,0,0,0,0,0,0,0,0,0,0,0,0,0
S4R3H4,S4R3H4,Apoptotic chromatin condensation inducer in the nucleus,ACIN1,0.0389481,53.327,31.27,S,432,0,0,1279500,0,0,0,1714400,0,0,0,2509000,0,0,0,2683800,0,0,0,1810600,0
P53396,ACLY,ATP-citrate synthase,ACLY,1.21E-05,108.64,82.15,S,455,0,0,0,0,0,0,0,0,0,0,0,0,0,0,1163400,0,0,0,3156500,0
Q6P461,ACSM6,"Acyl-coenzyme A synthetase ACSM6, mitochondrial",ACSM6,0.0109805,62.055,11.025,S,349,0,0,0,0,0,0,0,0,0,0,0,0,0,0,0,0,3132000,0,0,0
P25098,ARBK1,Beta-adrenergic receptor kinase 1,ADRBK1,5.98E-07,109.41,102.97,S,670,0,0,0,0,0,0,0,0,0,0,0,0,7429800,0,0,0,12833000,0,2769600,0
Q09666,AHNK,Neuroblast differentiation-associated protein AHNAK,AHNAK,2.32E-42,168.17,131.58,T,218,0,0,0,0,0,0,0,0,2278200,0,0,0,0,0,0,0,8463800,0,0,0
Q09666,AHNK,Neuroblast differentiation-associated protein AHNAK,AHNAK,6.23E-26,162.44,107.85,S,216,845790,0,0,0,3106800,0,3871000,0,1211200,0,0,0,0,0,0,0,948290,0,0,0
Q09666,AHNK,Neuroblast differentiation-associated protein AHNAK,AHNAK,1.91E-26,145.77,119.41,S,210,0,1494400,2381400,0,0,0,452870,0,2205600,0,5449200,0,0,0,3085600,0,0,0,195210,0
Q09666,AHNK,Neuroblast differentiation-associated protein AHNAK,AHNAK,1.74E-06,122.97,89.717,S,5552,0,0,0,0,0,0,0,0,0,0,0,0,2437800,0,0,0,11406000,0,0,0
Q09666,AHNK,Neuroblast differentiation-associated protein AHNAK,AHNAK,4.08E-06,112.91,91.847,S,93,164660,0,0,0,159770,0,0,0,527580,0,0,0,1245300,0,0,0,394860,0,0,0
Q09666,AHNK,Neuroblast differentiation-associated protein AHNAK,AHNAK,1.56E-06,111.82,80.177,S,212,0,0,0,0,0,0,0,0,0,0,0,0,0,0,0,0,0,0,0,0
Q09666,AHNK,Neuroblast differentiation-associated protein AHNAK,AHNAK,0.0386321,108.68,76.703,S,3412,0,0,0,0,1120800,0,0,0,2530700,0,0,0,2814000,0,0,0,2448500,0,0,0
Q09666,AHNK,Neuroblast differentiation-associated protein AHNAK,AHNAK,0.000740998,104.78,73.701,T,4766,0,0,0,0,0,0,0,0,2906900,0,0,0,7022900,0,0,0,5679500,0,0,0
Q09666,AHNK,Neuroblast differentiation-associated protein AHNAK,AHNAK,0.0019226,79.639,64.664,S,5448,1832700,0,0,0,3144900,0,0,0,0,0,0,0,0,0,0,0,1966900,0,0,0
Q92667,AKAP1,"A-kinase anchor protein 1, mitochondrial",AKAP1,0.00180657,50.237,40.009,T,533,0,0,0,0,0,0,1336900,0,0,0,2386600,0,0,0,1883600,0,0,0,176170,0
A8MYJ1,A8MYJ1,A-kinase anchor protein 13,AKAP13,5.17E-63,141.36,130.1,S,224,0,0,0,0,4620600,0,0,0,0,0,0,0,0,0,0,0,0,0,0,0
E9PQ79,E9PQ79,Anoctamin,ANO3,0.0138914,72.815,6.8593,S,4,0,0,0,0,0,0,0,2158200,0,0,0,6865300,0,0,0,2750100,0,0,0,0
E9PQ79,E9PQ79,Anoctamin,ANO3,0.0138914,72.815,6.8593,S,6,0,0,0,0,0,0,0,2158200,0,0,0,6865300,0,0,0,2750100,0,0,0,0
P07355,ANXA2,Annexin A2,ANXA2,8.84E-11,72.082,62.929,S,12,0,0,0,0,0,0,0,0,0,0,0,0,4924900,0,0,0,6464800,0,0,0
H0YF45,H0YF45,ADP-ribosylation factor GTPase-activating protein 2 (Fragment),ARFGAP2,2.33E-08,174.91,132.55,S,104,1429500,0,1849500,0,4447900,0,1549000,0,0,0,2418100,0,0,0,0,0,0,0,2939300,0
Q9Y6D5,BIG2,Brefeldin A-inhibited guanine nucleotide-exchange protein 2,ARFGEF2,8.52E-07,110.46,87.874,S,227,0,1740800,2452100,0,0,0,2384600,0,0,0,2948700,0,0,0,4364100,0,0,0,4028200,0
Q07960,RHG01,Rho GTPase-activating protein 1,ARHGAP1,4.98E-05,52.09,44.454,S,49,0,0,0,0,0,0,0,0,0,0,0,0,0,0,0,0,0,0,0,0
Q07960,RHG01,Rho GTPase-activating protein 1,ARHGAP1,4.98E-05,52.09,44.454,S,50,0,0,0,0,0,0,0,0,0,0,0,0,0,0,0,0,0,0,0,0
Q53QZ3,RHG15,Rho GTPase-activating protein 15,ARHGAP15,0.0226188,100.39,53.341,S,212,0,0,0,0,0,0,2570000,0,0,0,2275400,0,0,0,0,0,0,0,0,0
Q68EM7,RHG17,Rho GTPase-activating protein 17,ARHGAP17,1.93E-21,110.6,105.48,S,676,0,0,7301700,0,0,3570700,12375000,0,0,3242200,14259000,0,0,0,12866000,0,0,0,4401400,0
Q68EM7,RHG17,Rho GTPase-activating protein 17,ARHGAP17,4.66E-23,96.56,91.414,S,625,2182700,1831000,2232400,0,5743400,0,3642700,0,6326100,1756400,7057100,0,3093900,0,3997100,0,0,0,0,0
Q68EM7,RHG17,Rho GTPase-activating protein 17,ARHGAP17,1.68E-16,93.633,82.028,T,679,0,0,0,0,0,0,0,0,0,0,0,0,0,0,0,0,0,0,0,0
Q68EM7,RHG17,Rho GTPase-activating protein 17,ARHGAP17,1.68E-16,93.633,88.994,T,682,0,0,0,0,0,0,0,0,0,0,0,0,0,0,0,0,0,0,0,0
Q68EM7,RHG17,Rho GTPase-activating protein 17,ARHGAP17,0.000969516,70.504,62.324,S,674,0,0,0,0,0,0,0,0,0,0,0,0,0,0,0,0,0,0,0,0
Q68EM7,RHG17,Rho GTPase-activating protein 17,ARHGAP17,2.79E-08,55.996,54.401,S,665,0,0,0,0,0,0,0,0,0,0,0,0,0,0,0,0,0,0,0,0
Q68EM7,RHG17,Rho GTPase-activating protein 17,ARHGAP17,2.89E-06,42.757,40.47,S,655,0,0,0,0,0,0,0,0,0,0,0,0,0,0,0,0,0,0,0,0
Q68EM7,RHG17,Rho GTPase-activating protein 17,ARHGAP17,2.89E-06,42.757,40.47,S,656,0,0,0,0,0,0,0,0,0,0,0,0,0,0,0,0,0,0,0,0
Q68EM7,RHG17,Rho GTPase-activating protein 17,ARHGAP17,2.89E-06,42.757,40.47,S,657,0,0,0,0,0,0,0,0,0,0,0,0,0,0,0,0,0,0,0,0
Q68EM7,RHG17,Rho GTPase-activating protein 17,ARHGAP17,2.89E-06,42.757,40.47,S,660,0,0,0,0,0,0,0,0,0,0,0,0,0,0,0,0,0,0,0,0
Q68EM7,RHG17,Rho GTPase-activating protein 17,ARHGAP17,2.89E-06,42.757,40.47,T,659,0,0,0,0,0,0,0,0,0,0,0,0,0,0,0,0,0,0,0,0
P42331,RHG25,Rho GTPase-activating protein 25,ARHGAP25,4.42E-24,113.32,105.45,S,23,2463900,0,0,0,2866900,0,0,0,0,0,0,0,0,0,0,0,0,0,0,0
O15085,ARHGB,Rho guanine nucleotide exchange factor 11,ARHGEF11,2.40E-05,97.388,75.518,S,556,0,2054400,0,0,0,0,0,0,0,0,0,0,0,0,0,0,4803100,0,0,0
Q92974,ARHG2,Rho guanine nucleotide exchange factor 2,ARHGEF2,3.78E-36,166.49,152.88,S,151,2066800,0,0,0,3381000,0,0,0,3700000,0,0,0,0,0,0,0,3464000,0,0,0
Q92974,ARHG2,Rho guanine nucleotide exchange factor 2,ARHGEF2,2.83E-17,142.32,85.99,S,886,0,0,0,5986500,0,0,0,4950900,0,0,0,4113100,0,0,1658800,9535600,4636600,0,1521700,6270800
A0A087WUV6,A0A087WUV6,AT-rich interactive domain-containing protein 1A,ARID1A,0.000847941,156.61,99.174,S,313,0,0,997810,0,0,0,2331800,0,0,0,1841200,0,0,0,1136300,0,0,0,0,0
F6TC96,F6TC96,Large proline-rich protein BAG6 (Fragment),BAG6,2.20E-05,50.099,40.32,S,113,0,0,0,0,0,0,0,0,0,0,0,0,0,0,0,0,0,0,0,0
O75531,BAF,Barrier-to-autointegration factor,BANF1,9.80E-05,41.017,34.007,S,4,0,0,0,0,0,0,0,0,0,0,0,0,0,0,0,0,0,0,0,0
O14874,BCKD,"[3-methyl-2-oxobutanoate dehydrogenase [lipoamide]] kinase, mitochondrial",BCKDK,0.00237473,77.776,66.556,S,33,69705,0,0,0,28546,0,0,0,251450,0,0,0,338070,0,869490,0,477880,0,1236900,0
E9PK09,E9PK09,Bcl-2-associated transcription factor 1 (Fragment),BCLAF1,6.27E-06,158.75,106.41,S,222,0,0,0,0,0,0,1911600,0,0,0,0,0,0,0,0,0,0,0,1145400,0
E9PK09,E9PK09,Bcl-2-associated transcription factor 1 (Fragment),BCLAF1,0.00045837,138.31,55.225,S,512,2747700,0,9690000,0,3331000,0,13030000,0,6676700,0,22468000,0,0,0,20097000,0,4477800,0,15213000,0
E9PK09,E9PK09,Bcl-2-associated transcription factor 1 (Fragment),BCLAF1,4.04E-14,135.81,116.68,S,268,0,0,0,0,12938,50246,0,0,58632,0,0,0,110060,0,0,0,0,0,1069900,0
E9PK09,E9PK09,Bcl-2-associated transcription factor 1 (Fragment),BCLAF1,5.07E-10,123.55,99.072,S,262,0,0,0,0,0,0,0,0,0,0,0,0,0,0,328440,0,0,0,685480,0
E9PK09,E9PK09,Bcl-2-associated transcription factor 1 (Fragment),BCLAF1,3.90E-06,99.092,80.956,S,264,0,0,0,0,0,0,0,0,0,0,0,0,0,0,556960,0,0,0,0,0
E9PK09,E9PK09,Bcl-2-associated transcription factor 1 (Fragment),BCLAF1,0.000121493,81.448,68.93,S,285,0,0,0,0,0,0,4460600,0,0,0,4312400,0,0,0,0,0,0,0,0,0
E9PK09,E9PK09,Bcl-2-associated transcription factor 1 (Fragment),BCLAF1,0.00187164,81.448,68.93,Y,284,0,0,0,0,0,0,1563200,0,0,0,1562300,0,0,0,0,0,0,0,0,0
E9PK09,E9PK09,Bcl-2-associated transcription factor 1 (Fragment),BCLAF1,0.000121493,78.708,63.828,S,290,0,0,0,0,0,0,4460600,0,0,0,545800,0,0,0,0,0,0,0,0,0
E9PK09,E9PK09,Bcl-2-associated transcription factor 1 (Fragment),BCLAF1,0.00141628,58.693,43.813,S,287,0,0,0,0,0,0,0,0,0,0,0,0,0,0,0,0,0,0,0,0
S4R418,S4R418,Bridging integrator 2 (Fragment),BIN2,1.27E-26,221.47,122,S,422,0,0,0,0,0,0,0,0,0,0,3697400,0,0,0,1082900,0,0,0,0,0
S4R418,S4R418,Bridging integrator 2 (Fragment),BIN2,9.59E-11,179.07,118.31,T,424,0,0,0,0,0,0,4116200,0,0,0,0,0,0,0,0,0,0,0,0,0
S4R418,S4R418,Bridging integrator 2 (Fragment),BIN2,1.92E-21,95.679,85.124,S,418,0,0,2769600,0,0,0,1257300,0,0,0,3068600,0,0,0,0,0,0,0,4307800,0
S4R418,S4R418,Bridging integrator 2 (Fragment),BIN2,1.71E-07,73.99,50.676,S,335,2120300,0,0,0,0,0,0,0,7953700,0,0,0,6431800,0,0,0,5459900,0,0,0
P51587,BRCA2,Breast cancer type 2 susceptibility protein,BRCA2,0.0145033,44.662,17.139,S,1871,0,0,5963400,0,0,0,2944000,0,0,0,8625900,0,0,1405700,20825000,0,0,0,19923000,1893100
H7C128,H7C128,Bromodomain-containing protein 8 (Fragment),BRD8,0.00631604,78.848,63.655,T,255,2204600,0,0,0,0,0,0,0,1461700,0,0,0,13365000,0,0,0,7338700,0,0,0
O43852,CALU,Calumenin,CALU,0.00228636,42.123,35.173,S,44,0,0,0,0,2254500,0,0,0,0,0,0,0,0,0,0,0,0,0,0,0
Q8IU85,KCC1D,Calcium/calmodulin-dependent protein kinase type 1D,CAMK1D,0.00707982,49.66,16.289,T,28,0,0,0,0,0,0,0,0,0,0,0,0,0,0,0,0,0,0,0,0
P27824,CALX,Calnexin,CANX,2.56E-25,204.82,169.16,S,583,0,0,591480,0,0,0,3620300,0,937270,0,2643900,0,0,0,1302800,0,0,0,1341800,0
Q01518,CAP1,Adenylyl cyclase-associated protein 1,CAP1,5.92E-29,220.55,156.61,T,307,437170,0,3579900,0,1293600,0,0,468590,3073600,0,12679000,0,3480200,863120,38297000,0,2358900,0,7821300,0
Q01518,CAP1,Adenylyl cyclase-associated protein 1,CAP1,5.43E-54,214.13,198.41,S,308,52438000,56447000,772750000,249340000,119900000,84248000,1264500000,99610000,177690000,50865000,1561200000,220030000,163940000,118870000,2049300000,1320000,134680000,56742000,1937600000,387940
Q01518,CAP1,Adenylyl cyclase-associated protein 1,CAP1,0.00100913,182.72,143.08,S,310,0,0,108480,2507800,0,0,16647000,629410,0,0,5878800,1431500,0,0,9579500,0,0,0,8528600,0
Q01518,CAP1,Adenylyl cyclase-associated protein 1,CAP1,1.84E-05,70.461,47.143,S,34,0,0,0,0,0,0,0,0,0,0,0,0,0,0,0,0,0,0,0,0
Q01518,CAP1,Adenylyl cyclase-associated protein 1,CAP1,1.84E-05,70.461,47.143,S,36,0,0,0,0,0,0,0,0,0,0,0,0,0,0,0,0,0,0,0,0
P40121,CAPG,Macrophage-capping protein,CAPG,0.000123438,94.45,67.909,S,337,2915200,0,0,0,6348700,0,0,0,3882300,0,0,0,0,0,0,0,0,0,0,0
P40121,CAPG,Macrophage-capping protein,CAPG,0.000717432,41.672,33.458,S,8,0,0,0,0,0,0,0,0,0,0,0,0,0,0,0,0,0,0,0,0
P40121,CAPG,Macrophage-capping protein,CAPG,0.000717432,41.672,33.458,S,10,0,0,0,0,0,0,0,0,0,0,0,0,0,0,0,0,0,0,0,0
F8W7E0,F8W7E0,Calpastatin (Fragment),CAST,2.57E-10,135.47,121.6,S,11,188810,341000,0,0,443030,1491600,0,0,973060,505870,0,0,1280800,1832400,478680,0,1275400,328550,711940,0
P22681,CBL,E3 ubiquitin-protein ligase CBL,CBL,1.88E-16,108.5,94.391,S,619,5086600,0,0,0,5020500,0,0,0,11856000,0,0,0,7160900,0,0,0,5033400,0,6837600,0
P22681,CBL,E3 ubiquitin-protein ligase CBL,CBL,1.20E-13,98.627,91.059,S,483,1074500,0,5387600,0,2555100,0,4620800,0,0,0,6900400,0,0,0,7383700,0,0,0,2362600,0
P22681,CBL,E3 ubiquitin-protein ligase CBL,CBL,0.000931686,74.325,67.704,S,486,0,0,0,0,0,0,0,0,0,0,0,0,0,0,4712100,0,0,0,0,0
J3QKX2,J3QKX2,Coiled-coil domain-containing protein 27,CCDC27,0.00856781,54.15,8.7871,T,30,5279200,0,0,0,0,0,0,0,3980400,0,0,0,1241000,0,0,0,0,0,0,0
H7C4X6,H7C4X6,Coiled-coil domain-containing protein 39 (Fragment),CCDC39,0.00843187,44.721,7.0331,S,84,0,0,0,0,0,0,0,0,0,0,0,0,0,0,0,0,0,0,0,0
H7C4X6,H7C4X6,Coiled-coil domain-containing protein 39 (Fragment),CCDC39,0.00843187,44.721,7.0331,S,87,0,0,7012700,0,0,0,0,0,0,0,0,0,0,0,0,0,0,0,0,0
H7C4X6,H7C4X6,Coiled-coil domain-containing protein 39 (Fragment),CCDC39,0.00843187,44.721,7.0331,T,83,0,0,0,0,0,0,0,0,0,0,0,0,0,0,0,0,0,0,0,0
Q9Y5K6,CD2AP,CD2-associated protein,CD2AP,0.000422289,43.841,39.255,S,233,0,0,0,0,0,0,0,0,0,0,0,0,0,0,0,0,0,0,0,0
Q9Y5K6,CD2AP,CD2-associated protein,CD2AP,0.000422289,43.841,39.255,S,234,0,0,0,0,0,0,0,0,0,0,0,0,0,0,0,0,0,0,0,0
Q9Y5K6,CD2AP,CD2-associated protein,CD2AP,0.000422289,43.841,39.255,T,236,0,0,0,0,0,0,0,0,0,0,0,0,0,0,0,0,0,0,0,0
Q496F6,CLM2,CMRF35-like molecule 2,CD300E,0.0126548,65.652,29.82,S,13,1645000,0,23349000,0,0,0,12429000,0,1943400,0,19511000,0,0,0,7004500,0,0,0,375600,0
H0YD13,H0YD13,CD44 antigen,CD44,3.04E-45,178.46,153.38,S,170,3960800,6368000,0,0,0,4643100,3512400,0,0,4646700,3659600,381190,5658700,0,8700700,0,2377100,1204700,6486300,0
H0YD13,H0YD13,CD44 antigen,CD44,0.000191937,82.755,62.231,S,168,0,0,0,0,0,0,0,0,20735000,0,0,0,0,0,0,0,0,0,0,0
H0Y2V6,H0Y2V6,Centrosomal protein of 170 kDa (Fragment),CEP170,0.0102516,55.049,27.125,S,802,0,0,0,0,0,0,0,0,0,0,0,0,8865300,0,0,0,0,0,0,0
H0Y2V6,H0Y2V6,Centrosomal protein of 170 kDa (Fragment),CEP170,0.00958299,49.592,13.465,S,809,4988400,0,0,0,0,0,0,3438100,9330100,0,304570,0,5242200,0,0,0,4337000,0,0,0
P23528,COF1,Cofilin-1,CFL1,0.00560422,83.633,39.381,S,3,0,0,0,0,0,3883400,0,0,0,606040,0,0,0,1936900,0,0,0,565100,0,0
Q96JM3,CHAP1,Chromosome alignment-maintaining phosphoprotein 1,CHAMP1,4.69E-06,54.363,45.892,S,308,0,0,2309300,0,0,0,2912000,0,0,0,4653900,0,0,0,4760100,0,0,0,4516500,0
F5GWX5,F5GWX5,Chromodomain-helicase-DNA-binding protein 4,CHD4,2.70E-06,57.15,53.452,T,522,0,0,0,0,0,0,2790000,0,0,0,4553800,0,0,0,3685000,0,0,0,3235000,0
Q14677,EPN4,Clathrin interactor 1,CLINT1,0.000440543,55.691,41.593,S,299,1586600,0,0,0,0,0,0,0,0,0,0,0,7287500,0,0,0,7082600,0,0,0
Q14677,EPN4,Clathrin interactor 1,CLINT1,0.000324295,42.032,34.031,T,294,0,0,0,0,0,0,0,0,0,0,0,0,0,0,0,0,0,0,0,0
Q14028,CNGB1,Cyclic nucleotide-gated cation channel beta-1,CNGB1,0.0123098,72.891,51.225,S,784,0,0,0,0,0,0,0,0,0,0,0,0,0,0,0,0,0,0,0,0
A0A0A0MRD2,A0A0A0MRD2,CCR4-NOT transcription complex subunit 4,CNOT4,0.00688297,81.703,26.442,S,66,0,511990,3828600,0,0,0,0,0,0,0,0,0,0,0,4060800,0,0,0,2585900,0
A0A0A0MRD2,A0A0A0MRD2,CCR4-NOT transcription complex subunit 4,CNOT4,0.00688297,81.703,26.442,T,71,0,511990,3828600,0,0,0,0,0,0,0,0,0,0,0,4060800,0,0,0,2585900,0
D6RC04,D6RC04,COMM domain-containing protein 10,COMMD10,0.0030435,83.869,23.505,S,12,0,0,0,6293900,0,0,0,0,0,0,0,0,0,0,0,23830000,0,0,0,1924400
D6RC04,D6RC04,COMM domain-containing protein 10,COMMD10,0.0030435,83.869,23.505,S,14,0,0,0,6293900,0,0,0,0,0,0,0,0,0,0,0,23830000,0,0,0,1924400
P35606,COPB2,Coatomer subunit beta',COPB2,1.56E-35,126.68,111.13,S,859,5540400,19993000,65954000,4234200,15988000,21043000,54761000,4761400,27764000,14469000,74266000,4242000,27400000,10237000,88871000,0,32761000,7613500,83607000,0
P35606,COPB2,Coatomer subunit beta',COPB2,6.44E-27,107.34,91.202,T,861,0,0,0,0,0,0,0,0,3741500,0,0,0,0,0,0,0,0,0,0,0
Q9P2B4,CT2NL,CTTNBP2 N-terminal-like protein,CTTNBP2NL,0.0020597,45.072,35.45,S,568,0,1021900,0,0,7673900,513490,0,0,0,0,0,0,7014800,436310,0,0,3356200,0,0,0
G3V188,G3V188,Cytochrome P450 2C8,CYP2C8,0.007606,66.264,17.587,S,100,0,0,0,0,0,0,0,0,0,0,0,0,0,0,0,0,0,0,0,0
G3V188,G3V188,Cytochrome P450 2C8,CYP2C8,0.007606,66.264,17.587,S,103,0,0,0,0,0,0,0,0,0,0,0,0,0,0,0,0,0,0,0,0
P98082,DAB2,Disabled homolog 2,DAB2,4.84E-05,52.465,46.926,S,401,0,0,0,0,0,0,0,0,3022700,0,0,0,4139600,0,1552100,0,5813500,0,0,0
P51397,DAP1,Death-associated protein 1,DAP,3.20E-27,126.36,121.6,S,51,0,0,0,0,0,0,0,0,0,0,1539600,0,0,0,3222300,0,0,0,2655700,0
P51397,DAP1,Death-associated protein 1,DAP,1.83E-06,52.858,49.813,S,91,0,0,0,0,0,0,0,0,2518700,0,0,0,0,0,0,0,2435800,0,0,0
R4GNB2,R4GNB2,DENN domain-containing protein 4C,DENND4C,0.00033902,70.555,55.041,S,741,744710,477640,0,110760,1233700,626220,0,0,3330700,560280,0,0,3227100,504970,623860,0,3587500,437960,0,0
H7C563,H7C563,"Dynein heavy chain 1, axonemal (Fragment)",DNAH1,0.0126035,49.773,9.7899,Y,764,0,0,0,0,0,0,0,0,20436000,0,0,0,9046700,0,0,0,6611500,0,2637800,0
Q8WXX0,DYH7,"Dynein heavy chain 7, axonemal",DNAH7,0.0132888,46.494,8.1346,Y,494,0,0,0,0,0,0,0,0,0,0,0,0,0,0,0,0,0,0,0,0
Q8WXX0,DYH7,"Dynein heavy chain 7, axonemal",DNAH7,0.0132888,46.494,8.1346,Y,497,0,0,0,0,0,0,0,0,0,0,0,0,0,0,0,0,0,0,0,0
O75165,DJC13,DnaJ homolog subfamily C member 13,DNAJC13,0.0122232,94.717,26.72,Y,1509,0,0,0,0,0,0,0,0,0,0,0,0,0,0,0,0,0,0,0,0
Q9H3Z4,DNJC5,DnaJ homolog subfamily C member 5,DNAJC5,5.07E-21,145.77,127.14,S,10,6844000,3671900,17584000,0,33281000,467790,12814000,0,0,2892100,13241000,0,3286800,0,13482000,0,981020,298080,5009100,0
Q9H3Z4,DNJC5,DnaJ homolog subfamily C member 5,DNAJC5,0.00199404,127.1,93.186,S,8,0,0,0,0,0,0,0,0,15579000,0,0,0,0,0,0,0,0,0,0,0
Q9H3Z4,DNJC5,DnaJ homolog subfamily C member 5,DNAJC5,0.0050411,57.173,45.255,T,11,0,0,0,0,0,0,0,0,0,0,0,0,0,0,0,0,0,0,0,0
G8JLD5,G8JLD5,Dynamin-1-like protein,DNM1L,0.00338928,114.58,72.387,S,592,0,0,0,0,0,0,0,0,0,0,0,0,3728100,0,0,0,16816000,0,0,0
A0A0C4DG02,A0A0C4DG02,DNA (cytosine-5)-methyltransferase 3A,DNMT3A,0.0115704,73.219,7.6543,T,422,2026200,1918100,0,0,1550500,1032500,0,0,12917000,1558700,0,0,8166200,1536400,0,0,3661700,1050500,0,0
Q96BY6,DOC10,Dedicator of cytokinesis protein 10,DOCK10,6.19E-14,151.73,126.29,S,1318,0,1197100,0,0,0,771960,0,0,0,0,0,0,0,0,0,0,0,0,0,0
Q96BY6,DOC10,Dedicator of cytokinesis protein 10,DOCK10,1.53E-06,130.47,105.03,S,1322,2750600,0,0,0,0,0,0,0,0,736890,0,0,0,0,0,0,0,0,0,0
Q96BY6,DOC10,Dedicator of cytokinesis protein 10,DOCK10,0.00412174,92.528,70.476,T,1323,0,0,0,0,0,337540,0,0,0,0,0,0,0,0,0,0,0,0,0,0
Q92608,DOCK2,Dedicator of cytokinesis protein 2,DOCK2,4.14E-35,174.2,151.66,S,1731,3312000,0,1638300,0,15377000,0,3383700,0,0,0,2583500,0,0,0,2278600,0,0,0,3417700,0
Q92608,DOCK2,Dedicator of cytokinesis protein 2,DOCK2,4.12E-08,82.267,67.297,T,1733,0,0,0,0,0,0,0,0,8430200,0,0,0,0,0,0,0,0,0,0,0
Q9H7D0,DOCK5,Dedicator of cytokinesis protein 5,DOCK5,1.16E-06,62.193,51.212,S,1830,0,0,0,0,0,0,0,0,0,0,0,0,0,0,0,0,0,0,0,0
Q9H7D0,DOCK5,Dedicator of cytokinesis protein 5,DOCK5,1.16E-06,62.193,51.212,S,1834,0,0,0,0,0,0,0,0,0,0,0,0,0,0,0,0,0,0,0,0
A2A370,A2A370,Dedicator of cytokinesis protein 8,DOCK8,2.31E-14,84.214,78.686,S,204,0,0,0,0,0,0,0,0,0,0,0,0,0,0,0,0,0,0,0,0
D6RAM3,D6RAM3,Docking protein 3,DOK3,0.000708348,91.306,61.687,S,274,0,0,0,0,1496800,0,3186900,0,0,0,1703000,0,0,0,0,0,0,0,0,0
F8WEC4,F8WEC4,Zinc finger protein neuro-d4,DPF1,0.00241096,66.068,17.922,T,3,0,0,13397000,0,0,0,0,0,0,0,18341000,0,0,0,21999000,0,0,0,7119900,0
Q5QPJ9,Q5QPJ9,Dolichol-phosphate mannosyltransferase subunit 1 (Fragment),DPM1,0.00918589,89.46,61.493,S,9,0,0,488700,0,0,0,1231200,0,0,0,1765200,0,0,0,1087200,0,0,0,1360500,0
Q8TDB6,DTX3L,E3 ubiquitin-protein ligase DTX3L,DTX3L,4.04E-20,179.66,158.26,S,9,3870900,2740900,2652300,0,4881600,838740,4958500,5079000,13463000,2296000,5883300,2210800,10147000,1527700,7001700,2893800,6968300,1481300,5380600,0
E9PJ38,E9PJ38,Receptor-binding cancer antigen-expressed on SiSo cells (Fragment),EBAG9,3.54E-05,137.94,82.916,S,36,0,0,4173100,0,2110800,0,2860400,0,0,0,3611600,0,0,0,3420500,0,0,0,2734200,0
Q6P2E9,EDC4,Enhancer of mRNA-decapping protein 4,EDC4,2.40E-15,125,99.711,S,729,0,0,0,0,0,0,0,0,0,0,0,0,0,0,0,0,0,0,0,0
Q6P2E9,EDC4,Enhancer of mRNA-decapping protein 4,EDC4,2.40E-15,125,99.711,T,727,0,0,0,0,0,0,0,0,0,0,0,0,0,0,0,0,0,0,0,0
P29692,EF1D,Elongation factor 1-delta,EEF1D,0.000210073,54.521,38.461,S,133,0,0,0,0,0,0,0,0,0,0,0,0,0,0,0,0,0,0,3059500,0
K7ENA8,K7ENA8,Eukaryotic translation initiation factor 3 subunit G (Fragment),EIF3G,3.69E-06,100.12,61.745,T,41,0,0,0,0,0,0,0,0,0,0,0,0,3797000,0,5365000,0,0,0,8968500,0
K7ENA8,K7ENA8,Eukaryotic translation initiation factor 3 subunit G (Fragment),EIF3G,9.47E-05,58.107,25.741,S,42,0,0,0,0,0,0,0,0,0,0,0,0,0,0,0,0,0,0,0,0
K7ENA8,K7ENA8,Eukaryotic translation initiation factor 3 subunit G (Fragment),EIF3G,9.47E-05,58.107,25.741,T,38,0,0,0,0,0,0,0,0,0,0,0,0,0,0,0,0,0,0,0,0
E5RJT0,E5RJT0,Eukaryotic translation initiation factor 3 subunit H (Fragment),EIF3H,0.0154453,45.042,22.208,Y,135,22595000,0,0,42109000,221850000,0,14259000,29050000,0,14064000,177800000,18134000,60292000,0,140650000,14787000,92812000,0,78457000,0
P23588,IF4B,Eukaryotic translation initiation factor 4B,EIF4B,6.16E-42,145.26,131.25,S,93,0,0,0,0,0,0,0,2950900,0,0,0,3515000,0,0,0,0,0,0,0,0
Q13541,4EBP1,Eukaryotic translation initiation factor 4E-binding protein 1,EIF4EBP1,4.99E-27,100.75,85.59,T,77,0,0,0,0,0,0,0,0,0,0,8615800,0,0,0,0,0,0,0,0,0
Q13541,4EBP1,Eukaryotic translation initiation factor 4E-binding protein 1,EIF4EBP1,1.81E-14,83.693,73.53,T,70,5227600,0,3806100,0,7503400,0,3094200,0,6421600,0,3101500,0,11881000,0,21678000,0,11745000,0,20367000,0
Q13541,4EBP1,Eukaryotic translation initiation factor 4E-binding protein 1,EIF4EBP1,5.57E-11,65.592,60.243,T,68,0,0,0,0,0,0,3094200,0,0,0,0,0,0,0,1226100,0,0,0,20367000,0
Q13541,4EBP1,Eukaryotic translation initiation factor 4E-binding protein 1,EIF4EBP1,2.56E-08,61.864,49.031,S,65,2438900,0,3806100,0,5051300,0,0,0,6421600,0,0,0,3969100,0,20452000,0,3961400,0,0,0
E7EX73,E7EX73,Eukaryotic translation initiation factor 4 gamma 1,EIF4G1,9.47E-07,61.738,58.431,S,1068,0,0,0,0,0,0,0,0,0,0,0,0,6264400,0,0,0,8488900,0,0,0
D3DQV9,D3DQV9,Eukaryotic translation initiation factor 4 gamma 2 (Fragment),EIF4G2,2.53E-12,148.64,126.02,T,508,0,0,4031600,0,3078200,0,6215900,0,3402800,0,11005000,0,1784300,0,8108100,0,0,0,3761700,0
O43432,IF4G3,Eukaryotic translation initiation factor 4 gamma 3,EIF4G3,0.000136775,101.05,67.922,S,495,0,0,3328200,0,0,0,3444800,0,0,0,6270800,0,0,0,5169500,0,0,0,0,0
P32519,ELF1,ETS-related transcription factor Elf-1,ELF1,7.87E-06,80.412,57.476,S,187,0,0,3486200,0,0,0,11190000,0,0,254910,13526000,0,0,0,7713200,0,0,0,4590100,0
Q9HC35,EMAL4,Echinoderm microtubule-associated protein-like 4,EML4,5.46E-15,86.191,80.631,S,144,0,0,0,0,0,0,0,0,0,0,0,0,1939000,1009800,0,0,2906100,0,0,0
X6RC15,X6RC15,Band 4.1-like protein 1 (Fragment),EPB41L1,1.70E-14,82.331,77.637,S,145,0,0,0,0,0,0,0,0,2312700,0,0,0,4798700,0,0,0,8772100,0,0,0
H0Y5B0,H0Y5B0,Band 4.1-like protein 2 (Fragment),EPB41L2,8.69E-24,157.88,146.76,S,89,1091600,0,0,0,3250300,0,0,0,0,0,0,1342700,16649000,0,0,0,27198000,1165200,5000400,0
H0Y5B0,H0Y5B0,Band 4.1-like protein 2 (Fragment),EPB41L2,2.24E-18,142.85,131.74,T,91,0,0,0,0,0,0,0,0,14572000,0,0,0,0,0,0,0,0,0,0,0
Q9Y6I3,EPN1,Epsin-1,EPN1,4.25E-41,137.35,132.76,T,470,0,0,0,0,0,0,313930,0,0,0,1327400,0,0,0,0,0,0,0,0,0
P07814,SYEP,Bifunctional glutamate/proline--tRNA ligase,EPRS,0.000333837,122.87,89.331,S,886,0,0,2924900,0,0,0,0,0,0,0,10349000,0,0,0,8982100,0,0,0,8029800,0
P07814,SYEP,Bifunctional glutamate/proline--tRNA ligase,EPRS,1.17E-08,96.708,85.333,S,885,0,0,1910100,0,0,0,1223700,0,0,0,1319600,0,0,0,0,0,0,0,1668200,0
M0R165,M0R165,Epidermal growth factor receptor substrate 15-like 1,EPS15L1,1.94E-20,128.29,114.87,S,107,0,0,0,0,0,0,0,0,0,0,0,0,0,0,0,0,0,0,0,0
M0R165,M0R165,Epidermal growth factor receptor substrate 15-like 1,EPS15L1,1.94E-20,128.29,114.87,S,108,0,0,0,0,0,0,0,0,0,0,0,0,0,0,0,0,0,0,0,0
K7EPD6,K7EPD6,ELKS/Rab6-interacting/CAST family member 1 (Fragment),ERC1,0.00819793,52.866,18.649,S,159,0,0,0,0,0,0,0,0,0,0,0,0,5768700,0,0,0,0,0,0,0
P34910,EVI2B,Protein EVI2B,EVI2B,3.51E-14,151.96,141.16,S,268,0,1294900,0,0,0,875070,9670700,0,45083000,2779800,0,0,39180000,0,0,0,0,0,0,0
P34910,EVI2B,Protein EVI2B,EVI2B,0.000971186,99.092,87.449,T,267,0,0,0,0,0,0,0,0,0,0,0,0,11061000,1776600,0,0,0,0,0,0
Q9UI08,EVL,Ena/VASP-like protein,EVL,1.04E-14,154.52,141.51,S,331,2606200,2465600,8613500,0,0,1865700,9505600,0,14579000,2352500,12130000,0,11610000,1339500,12800000,0,19941000,0,10258000,0
Q9UI08,EVL,Ena/VASP-like protein,EVL,7.28E-11,133.78,108.44,S,354,0,0,0,0,0,0,0,0,75897,0,0,0,123590,0,0,0,143450,78918,0,0
Q9UI08,EVL,Ena/VASP-like protein,EVL,0.00462799,132.9,117.26,S,329,0,0,0,0,0,0,9505600,0,0,0,0,0,0,0,0,0,0,0,0,0
Q96E09,F122A,Protein FAM122A,FAM122A,0.00107523,73.11,64.855,S,45,0,0,0,0,0,0,0,0,0,0,0,0,0,0,0,0,0,0,0,0
Q96E09,F122A,Protein FAM122A,FAM122A,0.00107523,73.11,64.855,T,47,0,0,0,0,0,0,0,0,0,0,0,0,0,0,0,0,0,0,0,0
Q96E09,F122A,Protein FAM122A,FAM122A,0.0362033,52.359,41.192,S,48,0,0,0,0,0,0,0,0,0,0,0,0,0,0,0,0,0,0,0,0
Q9BZQ8,NIBAN,Protein Niban,FAM129A,9.53E-06,66.429,50.619,S,602,13076000,0,0,0,9586000,0,4331000,0,0,0,6484000,0,0,0,0,0,12936000,0,7627300,0
Q9BZQ8,NIBAN,Protein Niban,FAM129A,3.76E-07,56.387,49.983,S,581,0,0,0,0,0,0,0,0,0,0,0,0,0,0,0,0,0,0,0,0
Q9BZQ8,NIBAN,Protein Niban,FAM129A,3.76E-07,56.387,49.983,S,582,0,0,0,0,0,0,0,0,0,0,0,0,0,0,0,0,0,0,0,0
Q9BZQ8,NIBAN,Protein Niban,FAM129A,3.76E-07,56.387,49.983,T,584,0,0,0,0,0,0,0,0,0,0,0,0,0,0,0,0,0,0,0,0
Q96TA1,NIBL1,Niban-like protein 1,FAM129B,0.000114049,128.04,94.778,S,691,1275300,1278100,0,0,3389000,952480,0,0,7750600,347210,1010000,0,7005000,0,0,0,3894200,0,0,0
Q96TA1,NIBL1,Niban-like protein 1,FAM129B,1.99E-14,102.21,69.755,S,665,8266300,2003600,2185300,0,26634000,585170,5251200,0,25335000,0,9677400,0,19304000,0,8750600,0,25275000,0,0,0
Q96TA1,NIBL1,Niban-like protein 1,FAM129B,0.00455224,45.916,34.801,S,692,0,0,0,0,0,0,0,0,0,0,0,0,0,0,0,0,0,0,0,0
H0YIY7,H0YIY7,Protein FAM179B (Fragment),FAM179B,0.0152139,70.438,26.844,S,142,102190000,0,32797000,0,0,0,27034000,0,48950000,154850,14207000,0,16394000,0,22316000,0,4504500,0,10332000,0
Q9H4H8,FA83D,Protein FAM83D,FAM83D,0.00904009,41.672,16.879,S,200,3054900,0,0,0,24419000,0,0,0,24053000,0,0,0,23750000,0,0,0,4463500,0,0,0
Q9H4H8,FA83D,Protein FAM83D,FAM83D,0.00904009,41.672,16.879,Y,191,3054900,0,0,0,24419000,0,0,0,24053000,0,0,0,23750000,0,0,0,4463500,0,0,0
Q0JRZ9,FCHO2,F-BAR domain only protein 2,FCHO2,1.58E-14,102.69,89.031,S,391,3429800,0,0,0,0,0,0,0,0,0,0,0,0,0,0,0,3716300,0,0,0
Q0JRZ9,FCHO2,F-BAR domain only protein 2,FCHO2,2.08E-14,99.954,84.657,S,394,2762800,0,0,0,0,0,0,0,0,0,0,0,0,0,0,0,0,0,0,0
Q0JRZ9,FCHO2,F-BAR domain only protein 2,FCHO2,1.93E-05,79.373,63.473,S,488,2194900,0,0,0,0,0,1718700,0,0,560330,3206200,0,12783000,0,1674700,0,4791600,0,2775900,0
H0YCR1,H0YCR1,Forkhead-associated domain-containing protein 1 (Fragment),FHAD1,0.000494797,129.82,45.311,T,448,0,0,2539800,0,1221000,0,1457300,0,0,0,2629000,0,0,0,5463800,0,2476900,0,4387000,0
Q5T1M5,FKB15,FK506-binding protein 15,FKBP15,2.23E-29,154.45,142.22,S,956,218600,0,0,0,183400,0,783560,0,312170,0,1150300,0,157640,0,0,0,103230,0,1517800,0
Q5T1M5,FKB15,FK506-binding protein 15,FKBP15,8.76E-10,66.245,62.247,S,979,5262100,0,3060800,0,14695000,0,3980900,0,16075000,0,7201800,0,7806500,0,4939100,0,8304900,0,3854800,0
O95466,FMNL,Formin-like protein 1,FMNL1,1.77E-06,56.527,53.066,S,1031,467170,0,0,0,0,617730,0,0,629470,82516,0,0,544860,0,0,0,0,0,0,0
U3KQ26,U3KQ26,Forkhead box protein K1 (Fragment),FOXK1,1.32E-06,56.211,49.723,S,20,0,0,0,0,2575600,0,1713400,0,0,0,2618900,0,0,0,0,0,0,0,0,0
Q13283,G3BP1,Ras GTPase-activating protein-binding protein 1,G3BP1,5.33E-23,193.38,132.48,S,232,0,0,0,0,0,0,28655000,0,0,0,0,0,5153000,0,20956000,0,0,0,0,0
Q13283,G3BP1,Ras GTPase-activating protein-binding protein 1,G3BP1,6.14E-06,178.45,75.786,S,230,0,0,0,0,0,0,0,0,0,0,0,0,0,0,0,0,0,0,0,0
Q13283,G3BP1,Ras GTPase-activating protein-binding protein 1,G3BP1,6.14E-06,178.45,75.786,S,231,0,0,0,0,0,0,0,0,0,0,0,0,0,0,0,0,0,0,0,0
A0A0A0MS68,A0A0A0MS68,Growth arrest-specific protein 7,GAS7,9.80E-07,71.071,42.566,S,53,1465000,0,0,0,2682200,0,0,0,5728800,0,0,0,4585100,0,0,0,4278900,0,0,0
F8WCD5,F8WCD5,PERQ amino acid-rich with GYF domain-containing protein 2,GIGYF2,0.000283558,125.35,78.29,S,26,0,0,1453900,0,0,0,1763600,0,3545700,0,4785400,0,0,0,1600400,0,0,0,3743900,0
F8WCD5,F8WCD5,PERQ amino acid-rich with GYF domain-containing protein 2,GIGYF2,0.00932605,93.255,37.997,T,25,0,0,0,0,0,0,0,0,0,0,0,0,0,0,0,0,0,0,0,0
A0A0A0MRI1,A0A0A0MRI1,GPALPP motifs-containing protein 1,GPALPP1,4.17E-06,67.899,58.84,S,103,0,0,841510,0,0,0,3666300,0,0,0,4798700,0,0,0,774990,0,0,0,4845800,0
E7EVW7,E7EVW7,Hematopoietic lineage cell-specific protein,HCLS1,5.29E-13,144.95,118.21,S,238,3270000,0,8634500,0,10193000,0,11064000,0,12406000,0,14970000,0,10350000,0,14662000,0,10522000,0,16333000,0
P56524,HDAC4,Histone deacetylase 4,HDAC4,5.13E-06,56.783,45.974,S,632,0,0,0,0,0,0,1944200,0,0,0,1219600,0,0,0,3750200,0,0,0,790120,0
P56524,HDAC4,Histone deacetylase 4,HDAC4,1.66E-06,54.505,48.921,S,467,0,0,0,0,0,0,2540900,0,0,0,3823300,0,0,0,3913300,0,0,0,3098900,0
B7Z3P7,B7Z3P7,Histone deacetylase 9,HDAC9,1.69E-06,61.514,56.92,S,410,0,0,0,0,0,0,0,0,0,0,1672100,0,0,0,3521500,0,0,0,2958600,0
B7Z3P7,B7Z3P7,Histone deacetylase 9,HDAC9,0.000211636,48.392,40.518,T,408,0,0,0,0,0,0,0,0,0,0,0,0,0,0,0,0,0,0,0,0
P51858,HDGF,Hepatoma-derived growth factor,HDGF,2.04E-13,154.47,98.823,S,165,423530,0,490870,0,332740,0,5118100,0,891970,0,5263600,0,914540,0,6580600,0,902130,0,0,0
P16401,H15,Histone H1.5,HIST1H1B,3.39E-06,173.93,129.19,S,18,0,0,899760,0,0,0,4222500,0,0,0,5081400,0,0,0,1718800,0,0,0,1937400,0
P17096,HMGA1,High mobility group protein HMG-I/HMG-Y,HMGA1,2.51E-08,69.045,58.491,T,53,0,0,4140500,0,0,0,1224500,0,0,0,2464000,0,0,0,5309700,0,0,0,6156400,0
Q01581,HMCS1,"Hydroxymethylglutaryl-CoA synthase, cytoplasmic",HMGCS1,9.06E-06,52.334,48.555,S,495,0,0,0,0,0,0,2212900,0,3292300,0,2870500,0,2816500,0,2985600,0,0,0,1861600,0
Q92619,HMHA1,Minor histocompatibility protein HA-1,HMHA1,4.20E-10,85.366,71.33,S,569,1744600,0,1852800,0,2126500,0,1838800,0,6447000,0,5209900,0,4023900,0,0,0,2502700,0,6084100,0
Q92619,HMHA1,Minor histocompatibility protein HA-1,HMHA1,3.27E-08,67.76,58.195,Y,557,0,0,0,0,0,0,0,0,0,0,0,0,0,0,5850200,0,0,0,0,0
Q9UK76,HN1,Hematological and neurological expressed 1 protein,HN1,1.66E-37,200.4,140.46,S,87,0,0,1072900,0,0,0,1847800,0,0,0,1846800,0,0,0,0,0,0,0,0,0
F8W6I7,F8W6I7,Heterogeneous nuclear ribonucleoprotein A1,HNRNPA1,0.000957469,96.531,73.169,S,6,0,0,0,341210,52540,0,0,0,194330,0,0,0,202140,124750,0,0,0,127380,3342600,0
Q32P51,RA1L2,Heterogeneous nuclear ribonucleoprotein A1-like 2,HNRNPA1L2,2.24E-09,101.53,89.613,S,2,0,0,115450,0,0,0,0,0,0,0,68498,0,0,0,0,0,0,0,181270,0
Q32P51,RA1L2,Heterogeneous nuclear ribonucleoprotein A1-like 2,HNRNPA1L2,2.24E-09,101.53,89.613,S,4,0,0,115450,0,0,0,0,0,0,0,97292,0,0,0,82727,0,97034,0,214700,0
Q32P51,RA1L2,Heterogeneous nuclear ribonucleoprotein A1-like 2,HNRNPA1L2,2.24E-09,101.53,89.613,S,6,0,0,115450,0,0,0,0,0,0,0,97292,0,0,0,82727,0,97034,0,214700,0
P51991,ROA3,Heterogeneous nuclear ribonucleoprotein A3,HNRNPA3,2.25E-11,205.87,136.43,S,355,0,0,0,0,0,0,0,0,0,0,0,0,0,0,0,0,0,0,0,0
P51991,ROA3,Heterogeneous nuclear ribonucleoprotein A3,HNRNPA3,2.25E-11,205.87,136.43,S,356,0,0,0,0,0,0,0,0,0,0,0,0,0,0,0,0,0,0,0,0
P51991,ROA3,Heterogeneous nuclear ribonucleoprotein A3,HNRNPA3,4.18E-43,169.28,149.6,S,358,0,0,73234,0,0,0,277140,0,0,0,450440,0,0,0,0,0,0,0,362950,0
P61978,HNRPK,Heterogeneous nuclear ribonucleoprotein K,HNRNPK,0.000238219,58.838,35.367,S,116,0,0,0,0,0,0,0,0,0,0,1068700,0,0,0,3776700,0,0,0,0,0
P61978,HNRPK,Heterogeneous nuclear ribonucleoprotein K,HNRNPK,0.00186943,51.125,25.192,T,118,0,0,0,0,0,0,0,0,0,0,0,0,0,0,0,0,0,0,0,0
Q1KMD3,HNRL2,Heterogeneous nuclear ribonucleoprotein U-like protein 2,HNRNPUL2,4.83E-11,154.81,111.18,S,228,73126,0,0,0,21728,0,0,0,256260,0,0,0,52429,0,0,0,0,0,0,0
Q1KMD3,HNRL2,Heterogeneous nuclear ribonucleoprotein U-like protein 2,HNRNPUL2,2.32E-13,98.991,79.229,S,226,0,0,0,0,0,0,0,0,13985000,0,0,0,0,0,0,0,0,0,0,0
Q1KMD3,HNRL2,Heterogeneous nuclear ribonucleoprotein U-like protein 2,HNRNPUL2,7.73E-05,57.088,46.989,T,244,0,0,0,0,0,0,0,0,0,0,0,0,0,0,0,0,0,0,0,0
E9PMQ6,E9PMQ6,Heat shock factor protein 1,HSF1,5.76E-29,149.07,129.38,S,363,0,0,0,0,0,159600,1048000,0,0,0,1132700,46348,0,0,2705500,0,0,0,3308800,0
E9PMQ6,E9PMQ6,Heat shock factor protein 1,HSF1,5.73E-24,115.44,102.83,S,314,0,0,0,0,0,0,0,0,0,0,0,0,0,0,3599500,0,0,0,0,0
E9PMQ6,E9PMQ6,Heat shock factor protein 1,HSF1,5.53E-10,110.1,77.871,T,323,0,0,0,0,0,0,0,0,0,0,613630,0,0,0,0,0,0,0,1498200,0
P04792,HSPB1,Heat shock protein beta-1,HSPB1,2.46E-19,158.45,138.54,S,15,0,0,1198400,0,0,0,0,0,3645900,0,2098500,0,49684000,642960,24148000,0,49008000,956620,30123000,0
P04792,HSPB1,Heat shock protein beta-1,HSPB1,0.000430481,46.701,24.979,S,65,0,0,0,0,0,0,0,0,0,0,1596600,0,0,0,0,0,0,0,3339300,0
H0YLH9,H0YLH9,Pro-interleukin-16 (Fragment),IL16,9.64E-05,72.383,58.518,S,99,0,0,0,0,0,0,0,0,1475200,0,0,0,2516900,0,0,0,1275000,0,0,0
F5H4Z2,F5H4Z2,Interleukin-17 receptor C,IL17RC,0.0153283,63.46,13.931,S,494,0,0,0,0,0,0,0,0,0,0,0,0,0,0,0,0,0,0,0,0
F8SNU6,F8SNU6,Integrin-linked kinase associated phosphatase,ILKAP2,2.69E-07,83.849,76.577,S,13,0,0,2540100,0,0,0,2386900,0,2543100,0,2485200,0,1601500,0,3828900,0,0,0,3000700,0
Q92835,SHIP1,"Phosphatidylinositol 3,4,5-trisphosphate 5-phosphatase 1",INPP5D,0.0189465,95.429,61.411,S,971,0,0,0,0,0,0,3484500,0,0,0,0,0,0,0,0,0,0,0,0,0
Q92835,SHIP1,"Phosphatidylinositol 3,4,5-trisphosphate 5-phosphatase 1",INPP5D,8.90E-16,86.771,74.124,S,243,0,0,8419400,0,0,0,2750300,0,0,0,7998800,0,0,0,13841000,0,0,0,12508000,0
Q92835,SHIP1,"Phosphatidylinositol 3,4,5-trisphosphate 5-phosphatase 1",INPP5D,0.00215006,73.688,60.099,T,963,0,0,0,0,0,0,0,0,0,0,4491800,0,0,0,3988200,0,0,0,0,0
Q92835,SHIP1,"Phosphatidylinositol 3,4,5-trisphosphate 5-phosphatase 1",INPP5D,0.00117167,70.837,57.666,S,960,0,0,1417000,0,0,427750,2621800,0,0,0,2243400,0,0,0,2003300,0,0,0,1943000,0
Q92835,SHIP1,"Phosphatidylinositol 3,4,5-trisphosphate 5-phosphatase 1",INPP5D,7.56E-07,57.845,50.747,S,289,0,0,0,0,0,0,3144800,0,0,0,5453600,0,0,0,5975900,0,0,0,4535200,0
Q7Z5L9,I2BP2,Interferon regulatory factor 2-binding protein 2,IRF2BP2,0.00104437,164.58,96.731,S,457,0,0,0,0,0,0,676450,0,0,0,528200,0,0,0,0,0,0,0,0,0
Q7Z5L9,I2BP2,Interferon regulatory factor 2-binding protein 2,IRF2BP2,3.43E-09,126.8,83.038,S,175,0,0,0,0,0,0,3934600,0,0,0,3112100,0,0,0,1940200,0,0,0,1791400,0
Q7Z5L9,I2BP2,Interferon regulatory factor 2-binding protein 2,IRF2BP2,6.97E-10,74.128,69.457,T,412,0,0,0,0,0,0,0,0,0,0,0,0,0,0,0,0,0,0,0,0
Q7Z5L9,I2BP2,Interferon regulatory factor 2-binding protein 2,IRF2BP2,6.97E-10,74.128,69.457,T,413,0,0,0,0,0,0,0,0,0,0,0,0,0,0,0,0,0,0,0,0
Q7Z5L9,I2BP2,Interferon regulatory factor 2-binding protein 2,IRF2BP2,0.00638459,51.495,39.227,S,360,0,0,0,0,0,0,626350,0,0,0,638380,0,0,0,0,0,0,0,777490,0
P08648,ITA5,Integrin alpha-5,ITGA5,0.00578765,100.69,40.386,S,126,0,0,0,0,0,0,0,0,0,0,0,0,0,0,0,0,0,0,0,0
P08648,ITA5,Integrin alpha-5,ITGA5,0.00578765,100.69,40.386,S,127,0,0,0,0,0,0,0,0,0,0,0,0,0,0,0,0,0,0,0,0
U3KPR5,U3KPR5,Transcription factor jun-D (Fragment),JUND,0.0147736,75.968,28.906,S,127,2605300,0,0,0,0,0,0,0,14866000,0,0,0,9973400,0,531920,1081000,9609500,0,1096200,989810
Q86U57,Q86U57,Potassium voltage-gated channel subfamily H member 2,KCNH2,0.0095126,88.075,46.752,T,631,32685000,1479800,1047400,0,1813700,0,0,0,34888000,0,0,0,10290000,0,667390,0,20728000,0,0,0
Q07666,KHDR1,"KH domain-containing, RNA-binding, signal transduction-associated protein 1",KHDRBS1,1.97E-10,136.36,107.74,S,20,0,0,0,0,0,0,548340,0,0,0,466810,0,0,0,2455800,0,0,0,3137800,0
Q07666,KHDR1,"KH domain-containing, RNA-binding, signal transduction-associated protein 1",KHDRBS1,0.00241132,114.52,99.186,S,18,0,0,0,0,0,0,0,0,0,0,116420,0,0,0,0,0,0,0,0,0
O15037,KHNYN,Protein KHNYN,KHNYN,0.0116819,50.392,10.482,S,503,2265600,0,0,0,0,0,0,0,1895800,0,0,0,0,0,0,0,0,0,0,0
O15037,KHNYN,Protein KHNYN,KHNYN,0.0116819,50.392,10.482,S,508,0,0,0,0,0,0,0,0,0,0,0,0,0,0,0,0,0,0,0,0
O15037,KHNYN,Protein KHNYN,KHNYN,0.0116819,50.392,10.482,T,510,0,0,0,0,0,0,0,0,0,0,0,0,0,0,0,0,0,0,0,0
F8VVB8,F8VVB8,Meiosis arrest female protein 1,KIAA0430,0.011551,52.731,11.747,S,620,0,0,0,0,0,0,0,0,0,0,0,0,0,0,0,0,2835800,0,0,0
Q7Z7F0,K0907,UPF0469 protein KIAA0907,KIAA0907,0.00665453,114.64,13.253,S,324,1213700,0,0,0,0,0,0,0,5705400,0,0,0,0,0,209060,0,1303200,0,0,0
B0QY16,B0QY16,Uncharacterized protein KIAA0930 (Fragment),KIAA0930,1.18E-09,108.63,91.423,S,189,1055400,0,1985000,0,0,0,2108200,0,6047700,0,2789700,0,5497500,0,2024800,0,7801300,0,1648800,0
B0QY16,B0QY16,Uncharacterized protein KIAA0930 (Fragment),KIAA0930,2.12E-13,84.561,70.756,T,178,0,0,0,0,0,0,0,0,0,0,0,0,2255500,0,0,0,3886700,0,0,0
B0QY16,B0QY16,Uncharacterized protein KIAA0930 (Fragment),KIAA0930,1.18E-09,67.764,60.179,S,172,0,0,0,0,0,0,0,0,0,0,0,0,0,0,0,0,5329500,0,0,0
P33176,KINH,Kinesin-1 heavy chain,KIF5B,3.30E-21,88.454,83.72,S,933,0,0,426430,0,942840,0,0,0,2058200,0,0,192050,2136100,0,6444100,0,4217800,0,6664400,0
A8MWS1,KI3P1,Putative killer cell immunoglobulin-like receptor like protein KIR3DP1,KIR3DP1,0.000846962,75.3,36.556,T,118,13429000,0,0,0,22625000,0,0,0,21482000,0,6329700,0,8579000,0,4683100,0,8126800,0,0,0
P48668,K2C6C,"Keratin, type II cytoskeletal 6C",KRT6C,0.00881548,47.155,8.9499,S,22,0,0,0,0,0,0,0,0,0,0,0,0,0,0,0,0,0,2662600,0,0
A8MZ84,A8MZ84,Leukocyte-associated immunoglobulin-like receptor 1,LAIR1,0.00505821,78.674,50.691,S,250,0,0,0,0,0,0,0,0,0,0,0,0,5929600,0,0,0,5819200,0,0,0
A0A087WYF1,A0A087WYF1,Laminin subunit alpha-2,LAMA2,0.00938295,40.625,8.8749,S,2498,3908600,0,0,0,0,0,0,0,0,0,0,0,0,0,0,0,0,0,0,0
A0A087WYF1,A0A087WYF1,Laminin subunit alpha-2,LAMA2,0.00938295,40.625,8.8749,T,2500,3908600,0,0,0,0,0,0,0,0,0,0,0,0,0,0,0,0,0,0,0
A0A0A0MSA0,A0A0A0MSA0,Laminin subunit alpha-3,LAMA3,0.00802794,46.069,20.087,S,1611,0,0,0,0,0,0,0,0,5152100,0,0,0,0,0,0,0,0,0,0,0
A0A0A0MSA0,A0A0A0MSA0,Laminin subunit alpha-3,LAMA3,0.00802794,46.069,20.087,T,1608,0,0,0,0,0,0,0,0,5152100,0,0,0,0,0,0,0,0,0,0,0
P13796,PLSL,Plastin-2,LCP1,9.97E-17,164.5,127.55,S,5,0,0,0,0,0,0,0,0,0,0,0,0,0,0,123690,0,0,0,271650,0
C9JST2,C9JST2,Leukocyte immunoglobulin-like receptor subfamily B member 4 (Fragment),LILRB4,5.78E-17,132.39,111.91,S,376,0,0,0,0,0,0,0,0,0,0,0,0,5014900,0,0,0,6999300,0,0,0
Q86TU6,CN070,Putative uncharacterized protein encoded by LINC00523,LINC00523,0.00788616,41.703,8.9671,T,8,0,0,0,0,0,0,0,0,0,0,0,0,0,0,0,0,4052000,0,0,0
E9PEM5,E9PEM5,Lipopolysaccharide-responsive and beige-like anchor protein,LRBA,0.0153186,48.376,7.7614,S,121,0,0,0,0,0,0,0,0,3053600,0,0,0,0,0,0,0,0,0,0,0
F8W7X0,F8W7X0,Leucine-rich repeat-containing protein 37A3,LRRC37A3,0.000108677,48.053,18.882,S,185,0,0,0,514380,0,0,0,0,0,0,0,0,0,0,0,0,0,0,0,0
Q8TDW0,LRC8C,Volume-regulated anion channel subunit LRRC8C,LRRC8C,0.00993031,78.902,20.179,S,543,13926000,0,0,0,23084000,0,0,0,24503000,0,0,0,17749000,0,0,0,12336000,0,0,0
Q8TDW0,LRC8C,Volume-regulated anion channel subunit LRRC8C,LRRC8C,0.00993031,78.902,20.179,S,551,13926000,0,0,0,23084000,0,0,0,24503000,0,0,0,17749000,0,0,0,12336000,0,0,0
Q8TDW0,LRC8C,Volume-regulated anion channel subunit LRRC8C,LRRC8C,0.00993031,78.902,20.179,S,554,13926000,0,0,0,23084000,0,0,0,24503000,0,0,0,17749000,0,0,0,12336000,0,0,0
Q3MHD2,LSM12,Protein LSM12 homolog,LSM12,0.00563891,132.9,90.472,T,75,0,0,3532600,0,0,0,3467900,0,0,0,5746600,0,0,0,4761500,0,0,0,2822000,0
Q8ND56,LS14A,Protein LSM14 homolog A,LSM14A,2.38E-19,178.99,141.63,S,216,98097,0,0,0,0,0,3390700,0,0,567880,5620700,0,245400,0,8324700,0,354590,0,12164000,0
Q8ND56,LS14A,Protein LSM14 homolog A,LSM14A,1.15E-16,116.2,105.59,S,192,1423900,0,2632900,0,8281900,0,3770700,0,0,0,10157000,0,0,0,5190500,0,0,0,5210900,0
Q8ND56,LS14A,Protein LSM14 homolog A,LSM14A,0.0148542,59.709,7.4618,S,2,0,0,0,0,0,0,0,0,0,0,0,0,0,0,0,0,0,0,0,0
Q8ND56,LS14A,Protein LSM14 homolog A,LSM14A,0.0148542,59.709,7.4618,S,10,0,0,0,0,0,0,0,0,0,0,0,0,0,0,0,0,0,0,0,0
Q8ND56,LS14A,Protein LSM14 homolog A,LSM14A,0.0148542,59.709,7.4618,S,13,0,0,0,0,0,0,0,0,0,0,0,0,0,0,0,0,0,0,0,0
Q8ND56,LS14A,Protein LSM14 homolog A,LSM14A,0.0148542,59.709,7.4618,T,5,0,0,0,0,0,0,0,0,0,0,0,0,0,0,0,0,0,0,0,0
Q8ND56,LS14A,Protein LSM14 homolog A,LSM14A,1.53E-06,55.996,51.5,S,182,0,0,2632900,0,0,0,0,0,0,0,5210800,0,0,0,5190500,0,0,0,5210900,0
Q8ND56,LS14A,Protein LSM14 homolog A,LSM14A,1.53E-06,55.996,51.5,S,183,0,0,2632900,0,8281900,0,0,0,0,0,5210800,0,0,0,5190500,0,0,0,5210900,0
P33241,LSP1,Lymphocyte-specific protein 1,LSP1,1.07E-05,197.05,129.89,S,252,48949000,6482500,0,0,122150000,4211200,0,0,174730000,5227800,2628600,0,133110000,1831700,0,0,115460000,601000,0,0
P33241,LSP1,Lymphocyte-specific protein 1,LSP1,4.09E-29,154.77,123.36,T,244,11072000,0,0,0,10355000,0,0,0,15908000,0,0,0,10820000,0,0,0,4628600,0,0,0
P33241,LSP1,Lymphocyte-specific protein 1,LSP1,1.00E-09,120.41,85.563,S,111,1255700,2703800,0,0,1238600,0,0,0,0,0,0,0,0,0,0,0,0,0,0,0
Q66K74,MAP1S,Microtubule-associated protein 1S,MAP1S,1.94E-21,101.39,79.146,S,472,0,0,0,0,0,0,0,0,3312700,0,0,0,3805000,0,0,0,4887200,0,0,0
Q66K74,MAP1S,Microtubule-associated protein 1S,MAP1S,7.12E-09,70.461,53.846,S,582,0,0,2647100,2271300,0,0,0,0,0,0,0,7096800,13072000,0,0,0,0,991220,0,0
Q66K74,MAP1S,Microtubule-associated protein 1S,MAP1S,4.32E-07,60.735,52.983,S,567,0,0,0,0,0,0,0,0,0,0,0,0,0,0,0,0,0,0,0,0
Q66K74,MAP1S,Microtubule-associated protein 1S,MAP1S,4.32E-07,60.735,52.983,S,569,0,0,0,0,0,0,0,0,0,0,0,0,0,0,0,0,0,0,0,0
Q66K74,MAP1S,Microtubule-associated protein 1S,MAP1S,4.32E-07,60.735,52.983,T,568,0,0,0,0,0,0,0,0,0,0,0,0,0,0,0,0,0,0,0,0
Q66K74,MAP1S,Microtubule-associated protein 1S,MAP1S,2.18E-05,50.413,33.172,S,571,0,0,2308900,0,0,0,0,0,0,0,0,0,0,0,3858000,0,0,0,4910400,0
P36507,MP2K2,Dual specificity mitogen-activated protein kinase kinase 2,MAP2K2,5.82E-07,64.767,49.031,S,23,0,0,0,0,0,0,0,0,0,0,0,0,0,0,0,0,3049800,0,0,0
P36507,MP2K2,Dual specificity mitogen-activated protein kinase kinase 2,MAP2K2,5.82E-07,52.697,49.452,S,26,0,0,0,0,0,0,0,0,0,0,0,0,0,0,0,0,0,0,0,0
P36507,MP2K2,Dual specificity mitogen-activated protein kinase kinase 2,MAP2K2,5.82E-07,52.697,49.452,T,25,0,0,0,0,0,0,0,0,0,0,0,0,0,0,0,0,0,0,0,0
Q9Y2U5,M3K2,Mitogen-activated protein kinase kinase kinase 2,MAP3K2,0.00156656,85.7,64.171,S,163,0,0,0,0,0,1201600,0,0,0,0,0,0,0,0,0,0,0,0,0,0
Q9Y2U5,M3K2,Mitogen-activated protein kinase kinase kinase 2,MAP3K2,0.00156656,85.7,64.171,S,164,0,0,0,0,0,1201600,0,0,0,0,0,0,0,0,0,0,0,0,0,0
P27816,MAP4,Microtubule-associated protein 4,MAP4,1.69E-17,129.72,108.78,S,280,0,0,0,0,0,0,0,0,0,0,0,0,0,0,0,0,4416100,0,0,0
P27816,MAP4,Microtubule-associated protein 4,MAP4,1.38E-06,116.45,85.617,S,1073,0,0,2714300,0,1935900,0,2872600,0,3408400,0,2943600,0,1956000,0,2773500,0,1300000,0,2483300,0
Q15691,MARE1,Microtubule-associated protein RP/EB family member 1,MAPRE1,2.73E-14,132.76,118.61,S,155,118800,557390,0,0,0,1562200,1178300,0,0,621720,1070000,0,312050,668330,0,0,376400,0,0,0
P43243,MATR3,Matrin-3,MATR3,1.28E-51,172.17,150.82,S,188,0,0,2027200,0,0,0,1891400,0,4104500,0,5173300,0,4734900,0,0,0,7467500,0,23388000,0
P43243,MATR3,Matrin-3,MATR3,1.15E-14,101.04,81.327,S,195,0,0,0,0,0,0,0,0,0,0,0,0,0,0,11539000,0,0,0,0,0
K7EPZ6,K7EPZ6,Methyl-CpG-binding domain protein 1 (Fragment),MBD1,5.33E-13,76.002,69.499,S,198,0,0,3294900,0,0,0,2832400,0,0,0,5052100,0,0,0,5544000,0,0,0,4505200,0
Q14814,MEF2D,Myocyte-specific enhancer factor 2D,MEF2D,3.12E-23,140.59,134.46,S,251,0,0,9817900,0,0,0,13826000,0,0,0,22652000,0,0,0,15686000,0,0,0,10222000,0
Q7L2J0,MEPCE,7SK snRNA methylphosphate capping enzyme,MEPCE,4.55E-11,69.591,64.12,T,291,0,0,0,0,0,0,5885300,0,0,0,7714000,0,0,0,4746000,0,0,0,2809400,0
Q6P0N0,M18BP,Mis18-binding protein 1,MIS18BP1,0.00919206,74.165,41.735,S,504,2068500,0,0,0,0,0,0,0,2834700,0,0,0,767160,0,0,0,1768300,0,0,0
A2ABE9,A2ABE9,MutS protein homolog 5 (Fragment),MSH5,0.00276283,48.706,25.498,S,6,5669000,0,0,0,13827000,0,0,0,2609700,0,108710,6456300,0,0,2040900,0,0,0,4037000,12627000
A2ABE9,A2ABE9,MutS protein homolog 5 (Fragment),MSH5,0.00276283,48.706,25.498,S,7,5669000,0,0,0,13827000,0,0,0,2609700,0,108710,6456300,0,0,2040900,0,0,0,4037000,12627000
A2ABE9,A2ABE9,MutS protein homolog 5 (Fragment),MSH5,0.00276283,48.706,25.498,T,16,5669000,0,0,0,13827000,0,0,0,2609700,0,108710,6456300,0,0,2040900,0,0,0,4037000,12627000
H3BPD2,H3BPD2,Methenyltetrahydrofolate synthase domain-containing protein,MTHFSD,0.0157971,92.906,36.62,T,50,0,0,0,0,0,0,849610,0,0,0,0,0,0,0,0,0,0,0,0,0
P19105,ML12A,Myosin regulatory light chain 12A,MYL12A,1.49E-52,256.88,203.67,S,19,0,0,3025400,0,0,0,3925800,0,0,0,7387300,0,0,0,2939900,0,0,0,1341000,0
P19105,ML12A,Myosin regulatory light chain 12A,MYL12A,2.76E-30,236.6,180.87,T,18,0,0,0,0,0,0,2604800,0,0,0,0,0,0,0,0,0,0,0,0,0
Q15746,MYLK,"Myosin light chain kinase, smooth muscle",MYLK,0.0105587,45.436,8.0057,T,1597,0,0,0,0,0,0,0,0,0,0,0,0,3916800,0,0,0,0,0,0,0
A0A0D9SFK2,A0A0D9SFK2,Unconventional myosin-XVIIIa,MYO18A,1.91E-10,96.052,83.836,S,2004,0,0,2774700,0,0,0,5809800,0,0,0,5848100,0,0,0,3950100,0,0,0,4953400,0
O00160,MYO1F,Unconventional myosin-If,MYO1F,2.11E-28,141.23,128.85,S,1001,2547700,2280700,0,0,7651900,0,1190200,0,13429000,2651000,0,0,13735000,0,1677800,0,12092000,0,0,0
O00160,MYO1F,Unconventional myosin-If,MYO1F,0.000171071,97.073,80.051,S,1023,156690,680580,0,0,445650,1789000,0,0,0,665920,0,0,0,0,0,0,0,0,0,0
M0R300,M0R300,Unconventional myosin-IXb (Fragment),MYO9B,8.69E-08,71.295,58.683,S,1240,0,0,0,0,0,0,0,0,0,0,0,0,0,0,0,0,0,0,0,0
M0R300,M0R300,Unconventional myosin-IXb (Fragment),MYO9B,8.69E-08,71.295,58.683,S,1242,0,0,0,0,0,0,0,0,0,0,0,0,0,0,0,0,0,0,0,0
Q9HCD5,NCOA5,Nuclear receptor coactivator 5,NCOA5,0.00890787,54.004,35.426,S,9,0,0,295710,0,0,0,944300,0,0,0,1419200,0,0,0,174850,0,0,0,3800000,0
Q92597,NDRG1,Protein NDRG1,NDRG1,4.30E-27,129.54,113.23,T,366,501950,2272800,0,1147000,701850,2947900,1833200,1138200,0,1602400,2831700,848090,0,985920,2578100,0,1485900,693750,2000100,0
Q92597,NDRG1,Protein NDRG1,NDRG1,3.70E-20,102.5,85.755,S,367,0,0,0,0,0,0,0,0,0,0,0,565170,0,0,0,0,0,0,0,0
D6RB24,D6RB24,Adaptin ear-binding coat-associated protein 2,NECAP2,1.32E-06,76.049,69.742,T,121,3792400,0,1523800,0,4427700,791460,0,0,0,592690,0,0,0,0,1285000,0,0,0,0,0
Q8WX92,NELFB,Negative elongation factor B,NELFB,7.17E-15,168.04,134.9,S,557,0,0,1286900,0,0,0,4794800,0,0,0,6707800,0,0,0,4563000,0,0,0,6835500,0
P06748,NPM,Nucleophosmin,NPM1,1.80E-16,210.84,153.14,S,70,0,0,1659700,0,0,0,2240600,0,0,0,2851700,0,0,0,3864100,0,0,0,4102400,0
F2Z2K0,F2Z2K0,NSFL1 cofactor p47,NSFL1C,0.00034643,114.52,91.981,S,114,0,0,0,0,0,0,0,0,2727300,0,0,0,2067600,0,0,0,2832800,0,0,0
F2Z2K0,F2Z2K0,NSFL1 cofactor p47,NSFL1C,4.83E-07,75.548,63.892,T,138,0,0,0,0,0,0,0,0,0,0,0,0,403580,0,0,0,752950,0,0,0
G3V198,G3V198,Nuclear pore complex protein Nup160 (Fragment),NUP160,4.66E-13,125.77,93.628,S,1122,0,0,0,0,0,0,2245200,0,0,0,5873700,0,0,0,5429900,0,0,0,4584400,0
Q9BXB4,OSB11,Oxysterol-binding protein-related protein 11,OSBPL11,1.82E-13,181.81,108.01,S,189,4892100,0,0,0,4496000,319850,0,0,7296300,0,0,0,6585700,0,0,0,5982000,474540,0,0
Q9BZF3,OSBL6,Oxysterol-binding protein-related protein 6,OSBPL6,0.0153086,66.122,6.3263,S,133,0,0,0,0,0,0,0,0,6543800,0,0,0,350880,0,0,0,0,0,0,0
Q9BZF3,OSBL6,Oxysterol-binding protein-related protein 6,OSBPL6,0.0153086,66.122,6.3263,S,142,0,0,0,0,0,0,0,0,6543800,0,0,0,350880,0,0,0,0,0,0,0
Q13177,PAK2,Serine/threonine-protein kinase PAK 2,PAK2,1.46E-05,127.17,87.996,S,141,5497300,0,0,0,0,0,0,0,0,0,0,0,21524000,291230,0,0,13161000,546780,4539200,0
Q13177,PAK2,Serine/threonine-protein kinase PAK 2,PAK2,2.72E-12,87.654,76.311,T,143,0,0,0,0,0,0,0,0,0,0,0,0,0,0,0,0,0,1292200,0,0
Q15365,PCBP1,Poly(rC)-binding protein 1,PCBP1,2.22E-09,69.071,46.244,S,262,0,0,0,0,0,0,0,0,0,0,0,0,0,0,0,0,0,0,0,0
Q15365,PCBP1,Poly(rC)-binding protein 1,PCBP1,2.22E-09,69.071,46.244,S,263,0,0,0,0,0,0,0,0,0,0,0,0,0,0,0,0,0,0,0,0
Q15365,PCBP1,Poly(rC)-binding protein 1,PCBP1,1.05E-05,53.091,26.254,S,264,0,0,0,0,0,0,0,0,0,0,0,0,0,0,0,0,0,0,0,0
Q15366,PCBP2,Poly(rC)-binding protein 2,PCBP2,2.20E-34,149.04,133.99,S,189,7282500,0,13697000,0,10698000,0,7037700,0,12039000,0,14237000,0,5220900,0,10084000,0,0,0,7120600,0
Q15366,PCBP2,Poly(rC)-binding protein 2,PCBP2,6.70E-13,91.079,76.974,S,188,0,0,0,0,0,0,0,0,0,0,0,0,0,0,0,0,0,0,0,0
Q15366,PCBP2,Poly(rC)-binding protein 2,PCBP2,0.00254434,60.621,35.703,Y,182,0,0,0,0,0,0,0,0,8207100,0,0,0,0,0,0,0,0,0,1199100,0
Q15366,PCBP2,Poly(rC)-binding protein 2,PCBP2,0.00100212,52.739,24.064,S,272,1634800,0,2108100,0,0,0,6449200,0,0,0,1276100,0,0,0,7820900,0,0,0,0,0
Q15366,PCBP2,Poly(rC)-binding protein 2,PCBP2,0.00107703,52.249,30.603,S,270,0,0,0,0,0,0,0,0,0,0,9137200,0,0,0,0,0,0,0,6986200,0
Q15121,PEA15,Astrocytic phosphoprotein PEA-15,PEA15,0.000244826,72.568,49.207,S,116,0,0,0,0,0,0,0,0,0,0,0,706760,0,0,0,0,14352000,0,1619000,0
P00558,PGK1,Phosphoglycerate kinase 1,PGK1,1.39E-06,109.61,91.007,S,203,0,0,0,0,0,0,705290,0,0,0,1258800,0,0,0,712820,0,0,0,0,0
P36871,PGM1,Phosphoglucomutase-1,PGM1,2.49E-05,110.6,85.811,S,117,9044300,0,0,0,10162000,1303400,0,0,5149800,0,1082100,0,2150200,0,0,0,0,0,0,0
P36871,PGM1,Phosphoglucomutase-1,PGM1,2.49E-05,110.6,85.811,T,115,9044300,2364100,0,0,10162000,1303400,0,0,5149800,2188900,1082100,0,2150200,0,0,0,0,0,0,0
Q5JTY7,Q5JTY7,Phosphoglucomutase-like protein 5 (Fragment),PGM5,0.00691281,50.255,8.5523,S,138,0,0,0,0,0,0,1544100,0,0,0,0,0,0,0,0,0,0,0,0,0
Q5JTY7,Q5JTY7,Phosphoglucomutase-like protein 5 (Fragment),PGM5,0.00691281,50.255,8.5523,Y,154,0,0,0,0,0,0,1544100,0,0,0,0,0,0,0,0,0,0,0,0,0
Q15149,PLEC,Plectin,PLEC,1.02E-17,150.91,122.89,S,4386,1123000,0,0,0,1276400,1552600,2515900,0,4045400,0,550870,0,3908400,0,0,0,3406800,0,0,0
Q15149,PLEC,Plectin,PLEC,2.78E-40,125.83,109.37,S,4382,2769900,0,0,0,4911800,0,0,0,4441300,0,0,0,4528700,0,0,0,0,0,0,0
P08567,PLEK,Pleckstrin,PLEK,2.21E-34,154.1,147.61,S,117,0,0,0,0,0,0,0,0,8004400,0,0,0,36530000,0,0,0,41291000,0,0,0
P08567,PLEK,Pleckstrin,PLEK,0.00869008,79.92,48.037,T,123,0,0,0,0,0,0,0,0,0,0,0,0,1949400,0,0,0,0,0,0,0
Q8TD55,PKHO2,Pleckstrin homology domain-containing family O member 2,PLEKHO2,2.17E-07,139.11,62.933,S,439,141960,0,0,0,4191100,0,0,0,1512100,0,0,0,0,0,0,0,0,0,0,0
Q8TD55,PKHO2,Pleckstrin homology domain-containing family O member 2,PLEKHO2,3.88E-10,73.773,67.696,T,224,0,0,0,0,4454400,0,0,0,0,0,0,0,3705200,0,0,0,0,0,0,0
H3BT57,H3BT57,Protein PML,PML,2.00E-07,61.066,52.893,S,8,0,0,0,0,0,0,3755600,0,0,0,0,0,0,0,0,0,0,0,0,0
Q9H307,PININ,Pinin,PNN,3.65E-13,140.47,120.23,S,443,0,0,4390600,0,0,0,5457300,0,0,0,7196100,0,764050,0,6608500,0,0,0,4019500,0
Q9H307,PININ,Pinin,PNN,0.000552573,40.849,32.565,S,100,0,0,0,0,0,0,1798200,0,0,0,2926100,0,0,0,3678000,0,0,0,2139500,0
P62937,PPIA,Peptidyl-prolyl cis-trans isomerase A,PPIA,0.000536094,62.203,50.285,T,5,0,0,0,0,0,0,0,0,0,0,0,215070,0,0,0,331240,0,0,0,0
O95685,PPR3D,Protein phosphatase 1 regulatory subunit 3D,PPP1R3D,0.00928393,66.201,19.883,S,6,0,0,0,2068900,0,0,0,1226300,0,0,0,418850,0,0,0,944340,0,0,0,0
O95685,PPR3D,Protein phosphatase 1 regulatory subunit 3D,PPP1R3D,0.00928393,66.201,19.883,S,7,0,0,0,2068900,0,0,0,1226300,0,0,0,418850,0,0,0,944340,0,0,0,0
O95685,PPR3D,Protein phosphatase 1 regulatory subunit 3D,PPP1R3D,0.00928393,66.201,19.883,S,12,0,0,0,2068900,0,0,0,1226300,0,0,0,0,0,0,0,0,0,0,0,0
Q96QH2,PRAM,PML-RARA-regulated adapter molecule 1,PRAM1,0.00168148,81.594,59.266,S,455,0,1674400,0,0,0,1424100,0,0,0,0,0,0,0,1024000,0,0,0,0,0,0
K7EMU2,K7EMU2,cAMP-dependent protein kinase type I-alpha regulatory subunit (Fragment),PRKAR1A,0.00451465,138.77,54.565,S,83,0,0,0,0,0,0,2921800,0,0,79213,3985500,0,0,0,0,0,0,0,0,0
Q05655,KPCD,Protein kinase C delta type,PRKCD,1.68E-31,119.99,114.03,S,645,0,0,0,0,0,0,0,0,0,0,0,0,0,0,0,0,0,0,2894000,0
C9K0K7,C9K0K7,Phosphoribosyl pyrophosphate synthase-associated protein 2 (Fragment),PRPSAP2,5.57E-42,145.95,133.28,S,227,0,0,4840800,0,0,0,4759800,0,0,0,4024800,0,0,0,5407500,0,0,0,0,0
E7EPN9,E7EPN9,Protein PRRC2C,PRRC2C,0.0163809,72.662,47.321,T,2675,0,0,0,0,3830500,0,0,0,5448700,0,0,0,3981900,0,0,0,1938500,0,0,0
H0YB74,H0YB74,Protein-tyrosine kinase 2-beta (Fragment),PTK2B,0.0427321,95.5,59.132,S,136,0,0,0,0,0,0,0,0,0,0,1126500,0,0,0,2023000,0,0,0,1851200,0
Q05209,PTN12,Tyrosine-protein phosphatase non-receptor type 12,PTPN12,7.60E-29,109.55,103.19,S,332,0,0,0,0,0,0,0,0,9510600,0,0,0,6994200,0,0,0,6963600,0,0,0
P29350,PTN6,Tyrosine-protein phosphatase non-receptor type 6,PTPN6,0.00106395,58.824,48.137,S,556,0,0,0,0,0,0,0,0,0,0,0,0,0,0,0,0,0,0,0,0
P29350,PTN6,Tyrosine-protein phosphatase non-receptor type 6,PTPN6,0.00106395,58.824,48.137,T,555,0,0,0,0,0,0,0,0,0,0,0,0,0,0,0,0,0,0,0,0
P29350,PTN6,Tyrosine-protein phosphatase non-receptor type 6,PTPN6,0.00220009,52.334,39.296,S,557,0,0,0,0,0,0,0,0,441960,0,0,0,0,809340,0,0,0,0,1605200,0
X6R433,X6R433,Protein-tyrosine-phosphatase,PTPRC,1.07E-18,178.34,149.28,S,814,0,0,2476300,0,875030,0,3967400,0,1512200,0,4076600,0,1224900,0,4844200,0,1325200,0,2977600,0
P49023,PAXI,Paxillin,PXN,2.15E-14,80.733,75.999,S,321,0,0,0,0,0,0,0,0,0,0,0,0,0,0,0,0,0,0,0,0
P49023,PAXI,Paxillin,PXN,2.15E-14,80.733,75.999,S,322,0,0,0,0,0,0,0,0,0,413030,0,0,0,0,2116600,0,0,0,0,0
P49023,PAXI,Paxillin,PXN,1.71E-10,74.516,67.754,S,320,0,0,0,0,0,0,0,0,0,0,0,0,0,0,0,0,0,0,0,0
Q6WKZ4,RFIP1,Rab11 family-interacting protein 1,RAB11FIP1,1.12E-45,211.89,189.35,S,357,1789600,0,705570,0,4334200,0,2829900,0,2116800,0,1672300,0,0,0,0,0,0,0,0,0
Q6WKZ4,RFIP1,Rab11 family-interacting protein 1,RAB11FIP1,9.36E-06,52.465,45.671,S,356,0,0,0,0,0,0,0,0,0,0,0,0,0,0,0,0,0,0,0,0
Q6WKZ4,RFIP1,Rab11 family-interacting protein 1,RAB11FIP1,9.36E-06,52.465,45.671,T,358,0,0,0,0,0,0,0,0,0,0,0,0,0,0,0,0,0,0,0,0
P54727,RD23B,UV excision repair protein RAD23 homolog B,RAD23B,1.71E-05,62.108,55.66,S,160,0,0,0,0,0,0,0,0,0,0,0,0,0,0,0,0,0,0,0,0
P54727,RD23B,UV excision repair protein RAD23 homolog B,RAD23B,1.71E-05,62.108,55.66,T,159,0,0,0,0,0,0,0,0,0,0,0,0,0,0,0,0,0,0,0,0
H7C155,H7C155,RAF proto-oncogene serine/threonine-protein kinase (Fragment),RAF1,0.00208828,51.001,42.957,S,138,0,0,0,0,0,0,0,0,0,0,0,0,0,0,0,0,0,0,0,0
H7C155,H7C155,RAF proto-oncogene serine/threonine-protein kinase (Fragment),RAF1,0.00208828,51.001,42.957,T,139,0,0,0,0,0,0,0,0,0,0,0,0,0,0,0,0,0,0,0,0
J3QLT3,J3QLT3,RalA-binding protein 1 (Fragment),RALBP1,4.83E-06,91.926,84.377,S,29,0,0,0,0,0,0,0,0,0,0,0,0,0,0,0,0,0,0,0,0
J3QLT3,J3QLT3,RalA-binding protein 1 (Fragment),RALBP1,4.83E-06,91.926,84.377,S,30,0,0,0,0,0,0,0,0,0,0,0,0,0,0,0,0,0,0,0,0
P13631,RARG,Retinoic acid receptor gamma,RARG,0.0107068,54.281,7.6002,T,391,0,2624100,0,0,0,725380,0,0,0,2324000,0,0,0,0,0,0,0,845950,0,0
A0A087WZ13,A0A087WZ13,Ribonucleoprotein PTB-binding 1,RAVER1,8.11E-27,180.77,166.17,S,14,0,1390200,10267000,0,2253500,1473700,10487000,0,1629200,0,15568000,0,0,0,15871000,0,2303100,0,14498000,0
P06400,RB,Retinoblastoma-associated protein,RB1,8.56E-10,85.937,73.039,T,766,0,0,0,0,0,0,1424100,0,0,0,1639800,0,0,0,0,0,0,0,0,0
P98175,RBM10,RNA-binding protein 10,RBM10,0.000972653,69.188,53.05,S,89,0,0,0,0,0,0,600100,0,0,0,600030,0,0,0,0,0,0,0,0,0
H0Y6J6,H0Y6J6,Splicing factor 45 (Fragment),RBM17,8.25E-09,91.378,75.437,T,131,0,0,968010,0,2211600,0,2632000,0,0,0,2437500,0,0,0,0,0,0,0,0,0
H0Y6J6,H0Y6J6,Splicing factor 45 (Fragment),RBM17,3.16E-07,57.533,50.749,Y,121,0,0,0,0,0,0,0,0,0,0,0,0,0,0,0,0,0,0,0,0
Q14498,RBM39,RNA-binding protein 39,RBM39,4.45E-34,176.67,147.84,S,136,0,0,11561000,0,0,0,14724000,0,0,0,20273000,0,0,0,19269000,0,0,0,16694000,0
Q6JBY9,CPZIP,CapZ-interacting protein,RCSD1,2.48E-22,151.28,103.64,S,216,0,0,0,0,0,0,1802600,0,0,0,2635200,0,0,0,0,0,0,0,1364400,0
Q6JBY9,CPZIP,CapZ-interacting protein,RCSD1,4.96E-05,62.028,54.114,S,68,0,0,0,0,0,0,943640,0,0,0,1389000,0,0,0,1825100,0,0,0,0,0
E9PMG1,E9PMG1,RalBP1-associated Eps domain-containing protein 1,REPS1,1.61E-14,78.755,72.512,T,454,0,0,0,0,0,0,0,0,4311400,0,0,0,0,0,0,0,6784000,0,2198400,0
E9PMG1,E9PMG1,RalBP1-associated Eps domain-containing protein 1,REPS1,3.56E-14,78.472,71.361,S,455,0,0,0,0,0,0,0,0,0,0,0,0,0,0,0,0,0,0,0,0
Q96EX2,RNFT2,RING finger and transmembrane domain-containing protein 2,RNFT2,0.00251097,50.132,11.927,Y,320,0,0,7012700,0,0,0,0,0,0,0,916900,0,0,0,3034400,0,0,0,0,0
Q9HC36,MRM3,"rRNA methyltransferase 3, mitochondrial",RNMTL1,0.0138872,46.273,14.071,S,229,0,0,0,629900,0,0,0,0,0,0,0,0,0,0,0,0,0,0,0,0
H3BS47,H3BS47,Protein fantom,RPGRIP1L,0.00641976,73.887,25.463,T,909,0,0,0,0,3885400,0,0,0,12804000,131150,0,0,4926400,0,0,316610,9134600,0,0,924430
P18124,RL7,60S ribosomal protein L7,RPL7,0.0066008,66.536,39.407,S,178,0,0,0,0,0,0,0,0,0,0,0,0,0,0,0,0,0,0,0,0
Q5VT52,RPRD2,Regulation of nuclear pre-mRNA domain-containing protein 2,RPRD2,0.00658974,52.868,44.578,S,730,0,0,0,0,0,0,0,0,0,0,0,0,0,0,0,0,0,0,0,0
Q5VT52,RPRD2,Regulation of nuclear pre-mRNA domain-containing protein 2,RPRD2,0.00658974,52.868,44.578,T,732,0,0,0,0,0,0,0,0,0,0,0,0,0,0,0,0,0,0,0,0
H0YEU2,H0YEU2,40S ribosomal protein S3 (Fragment),RPS3,2.09E-13,151.49,101.14,T,149,0,0,1626800,1638400,0,0,4998400,0,0,0,6398900,0,0,0,3010200,0,0,0,2410700,0
H0YEU2,H0YEU2,40S ribosomal protein S3 (Fragment),RPS3,2.09E-13,79.36,68.994,T,148,0,0,0,0,0,0,0,0,0,0,0,0,0,0,0,0,0,0,0,0
E9PGT3,E9PGT3,Ribosomal protein S6 kinase,RPS6KA1,2.84E-12,116.94,99.946,S,352,0,0,0,0,0,0,0,0,0,0,0,0,3868700,0,0,0,3412600,0,1823900,0
J3QSV6,J3QSV6,Ribosomal L1 domain-containing protein 1 (Fragment),RSL1D1,0.0116013,95.591,40.256,S,360,0,0,0,0,0,0,2271200,0,0,0,2956500,0,0,0,2919100,0,0,0,2356000,0
Q16799,RTN1,Reticulon-1,RTN1,1.27E-40,111.67,101.89,S,71,5628400,0,0,0,3321000,0,0,0,0,0,0,0,0,0,0,0,0,0,0,0
Q16799,RTN1,Reticulon-1,RTN1,1.85E-09,78.913,68.836,S,487,0,0,0,0,2749100,0,0,0,8215500,0,0,0,6356700,0,0,0,4409400,0,0,0
Q16799,RTN1,Reticulon-1,RTN1,7.93E-16,76.412,70.119,S,65,0,0,0,0,0,0,0,0,9996800,0,0,0,0,0,0,0,0,0,0,0
Q9NQC3,RTN4,Reticulon-4,RTN4,4.81E-28,140.73,113.17,S,181,5043000,0,0,0,6760300,0,0,0,10776000,0,0,0,4171000,0,0,0,4723800,0,0,0
Q9NQC3,RTN4,Reticulon-4,RTN4,5.07E-10,124.45,82.131,S,12,0,0,2121400,0,0,0,0,0,12434000,0,0,0,3741300,0,13511000,0,1775500,0,0,0
Q9NQC3,RTN4,Reticulon-4,RTN4,2.76E-09,116.65,69.367,S,15,0,0,0,0,7131900,0,0,0,18366000,0,12166000,0,5154800,0,7938700,0,0,0,0,0
Q9NQC3,RTN4,Reticulon-4,RTN4,1.46E-08,106.47,73.098,S,11,0,0,0,0,0,0,4704100,0,0,0,0,0,0,0,0,0,0,0,0,0
Q9NQC3,RTN4,Reticulon-4,RTN4,3.61E-12,90.136,83.909,S,182,0,0,0,0,0,0,0,0,0,0,0,0,0,0,0,0,0,0,0,0
Q9NQC3,RTN4,Reticulon-4,RTN4,3.61E-12,90.136,83.909,S,184,0,0,0,0,0,0,0,0,0,0,0,0,0,0,0,0,0,0,0,0
Q9NQC3,RTN4,Reticulon-4,RTN4,1.11E-05,84.159,60.944,S,13,0,0,0,0,0,0,7002100,0,0,0,0,0,0,0,0,0,0,0,0,0
P06702,S10A9,Protein S100-A9,S100A9,1.14E-29,151.06,142.75,T,113,87104,0,0,0,642950,0,0,0,1990200,0,0,0,2443800,0,0,0,3605000,0,0,0
Q9Y3Z3,SAMH1,Deoxynucleoside triphosphate triphosphohydrolase SAMHD1,SAMHD1,2.29E-05,167.72,126.41,T,592,1610300,0,6914700,0,2313000,0,10334000,0,6042200,0,10545000,0,3590300,0,10338000,639420,0,0,12101000,0
Q9Y3Z3,SAMH1,Deoxynucleoside triphosphate triphosphohydrolase SAMHD1,SAMHD1,3.57E-12,95.746,56.769,S,33,0,0,1336600,0,0,0,1522800,0,0,0,3603600,0,0,0,3272500,0,0,0,2434000,0
Q9H7N4,SFR19,"Splicing factor, arginine/serine-rich 19",SCAF1,0.00265078,68.42,39.321,Y,238,0,0,0,0,0,0,1288800,0,0,0,1666800,0,0,0,0,0,0,0,2540600,0
F8W6K1,F8W6K1,Protein SCAF11 (Fragment),SCAF11,0.00256074,100.73,15.456,T,11,0,0,0,0,0,0,0,0,0,0,0,0,0,0,0,0,0,0,0,0
O95104,SFR15,"Splicing factor, arginine/serine-rich 15",SCAF4,0.00274165,47.319,20.228,S,154,0,0,0,0,0,0,736780,0,0,0,1872400,0,0,0,506830,0,0,0,138880,0
F1T0I1,F1T0I1,Protein transport protein Sec16A,SEC16A,8.84E-06,50.627,45.077,S,73,2317900,0,3024200,0,0,0,2742300,0,0,0,2943600,0,0,0,4389300,0,0,0,4954600,0
F1T0I1,F1T0I1,Protein transport protein Sec16A,SEC16A,8.84E-06,50.627,45.077,S,74,2317900,0,3024200,0,0,0,2742300,0,0,0,2943600,0,0,0,4389300,0,0,0,4954600,0
O94979,SC31A,Protein transport protein Sec31A,SEC31A,4.93E-05,72.316,60.445,S,799,0,843290,4866200,0,0,2152800,5662200,0,0,0,0,0,0,1106200,7223500,0,1196800,725730,7824500,0
O94979,SC31A,Protein transport protein Sec31A,SEC31A,0.000343013,69.747,59.616,T,1161,2360800,0,0,0,958970,0,0,0,3898600,0,0,0,2419400,0,0,0,3141500,332610,0,0
P60468,SC61B,Protein transport protein Sec61 subunit beta,SEC61B,5.79E-64,208.64,195.37,S,13,46996,0,0,0,99321,0,0,0,213540,0,0,0,342910,0,3006300,0,492940,0,0,0
P60468,SC61B,Protein transport protein Sec61 subunit beta,SEC61B,2.98E-49,184.67,164.39,S,17,159320,0,0,0,135550,628060,0,0,1450900,0,0,0,2063900,0,0,0,552920,0,0,0
P60468,SC61B,Protein transport protein Sec61 subunit beta,SEC61B,1.14E-28,148.57,133.59,S,14,0,0,0,0,0,0,0,0,0,0,0,0,0,0,0,0,0,370540,0,0
Q15019,SEPT2,Septin-2,SEPT2,4.57E-07,75.945,66.1,S,218,0,0,0,0,0,0,2086400,0,0,0,3145400,0,0,0,2152900,0,0,0,2193800,0
Q8NC51,PAIRB,Plasminogen activator inhibitor 1 RNA-binding protein,SERBP1,1.97E-23,153.14,127.32,S,330,0,0,1296000,0,0,0,6822200,0,0,0,10435000,0,0,0,17812000,0,0,0,25244000,0
Q9Y3L3,3BP1,SH3 domain-binding protein 1,SH3BP1,5.16E-07,76.176,61.014,S,262,299240,0,462740,0,0,0,0,0,0,0,3683400,0,0,0,3800600,0,0,0,2741400,0
Q9P0V3,SH3B4,SH3 domain-binding protein 4,SH3BP4,0.00305561,50.858,17.686,S,371,0,0,0,0,0,0,0,0,0,0,0,0,0,0,0,0,0,0,0,0
Q9P0V3,SH3B4,SH3 domain-binding protein 4,SH3BP4,0.00305561,50.858,17.686,S,373,0,0,0,0,0,0,0,0,0,0,0,0,0,0,0,0,0,0,0,2790500
Q9P0V3,SH3B4,SH3 domain-binding protein 4,SH3BP4,0.00305561,50.858,17.686,S,375,0,0,0,1985100,0,0,0,0,0,0,0,4773500,0,0,0,0,0,0,0,0
E9PDF1,E9PDF1,SH3 domain and tetratricopeptide repeat-containing protein 2,SH3TC2,0.0135503,112.44,32.228,S,1030,3357300,0,0,0,0,0,0,0,2712400,2787400,5351100,0,0,1682900,12542000,0,0,0,7547900,0
F8WCF4,F8WCF4,NAD-dependent protein deacetylase sirtuin-2,SIRT2,0.00716947,74.89,14.556,Y,73,3683200,0,0,0,8275000,0,0,0,1312800,0,0,0,311350,0,0,0,2707200,0,0,0
O75563,SKAP2,Src kinase-associated phosphoprotein 2,SKAP2,0.000597505,148.4,117.27,S,6,0,1471400,0,0,0,888730,0,0,0,1115700,0,0,0,449440,0,0,0,451180,0,0
P53985,MOT1,Monocarboxylate transporter 1,SLC16A1,0.000500403,94.837,77.368,S,461,0,0,0,0,0,0,1002600,0,0,0,0,0,0,0,2357500,0,0,0,2778800,0
E9PRM7,E9PRM7,Solute carrier family 22 member 18,SLC22A18,0.0151695,51.524,16.312,S,260,0,0,0,0,0,0,2441800,0,0,0,1038200,0,0,0,0,0,11302000,0,2490700,0
E9PRM7,E9PRM7,Solute carrier family 22 member 18,SLC22A18,0.0151695,51.524,16.312,S,262,0,0,0,0,0,0,2441800,0,0,0,1038200,0,0,0,0,0,11302000,0,2490700,0
E9PRM7,E9PRM7,Solute carrier family 22 member 18,SLC22A18,0.0151695,51.524,16.312,T,261,0,0,0,0,0,0,2441800,0,0,0,1038200,0,0,0,0,0,11302000,0,2490700,0
A0A087WV97,A0A087WV97,Stromal membrane-associated protein 2,SMAP2,1.74E-05,91.889,69.833,S,214,0,0,0,0,0,0,2290200,0,0,0,2680400,0,0,0,1974500,0,0,0,0,0
A0A087WV97,A0A087WV97,Stromal membrane-associated protein 2,SMAP2,0.00509005,56.461,27.713,T,229,0,0,1362600,0,0,0,2380000,0,0,0,2907300,0,0,0,2080400,0,0,0,0,0
P08621,RU17,U1 small nuclear ribonucleoprotein 70 kDa,SNRNP70,0.000470259,87.088,75.829,S,226,83540,0,0,0,0,0,2535100,0,0,0,1910500,0,0,0,1126600,0,0,0,514610,0
H7C1M2,H7C1M2,Protein SON (Fragment),SON,0.0136854,66.152,55.885,S,692,574900,0,0,0,0,0,2462400,0,0,0,3045900,0,0,0,215880,0,0,0,0,0
Q9UPU3,SORC3,VPS10 domain-containing receptor SorCS3,SORCS3,0.00895482,62.469,21.855,S,254,4436300,573800,7483700,0,0,0,0,0,0,0,5723400,0,0,0,0,0,0,0,0,0
Q9UPU3,SORC3,VPS10 domain-containing receptor SorCS3,SORCS3,0.00895482,62.469,21.855,T,251,0,0,0,0,0,0,2000900,0,0,0,0,0,0,0,0,0,0,0,0,0
Q9UPU3,SORC3,VPS10 domain-containing receptor SorCS3,SORCS3,0.00895482,62.469,21.855,Y,255,4436300,573800,7483700,0,0,0,0,0,0,0,5723400,0,0,0,0,0,0,0,0,0
E9PKB0,E9PKB0,Sortilin-related receptor,SORL1,0.0137564,119.25,41.656,S,350,1910900,0,0,0,3592300,0,0,0,2999500,0,0,0,1114900,0,0,0,0,0,0,0
C9JRJ8,C9JRJ8,Sequestosome-1 (Fragment),SQSTM1,4.99E-08,70.449,64.486,S,123,4854800,0,0,0,6683500,0,0,0,4070600,0,0,0,0,0,0,0,0,0,0,0
P12931,SRC,Proto-oncogene tyrosine-protein kinase Src,SRC,1.10E-21,90.593,85.583,S,17,1561700,2888700,0,0,4790500,0,0,0,3803100,0,0,0,0,0,0,0,1183200,0,0,0
O76094,SRP72,Signal recognition particle subunit SRP72,SRP72,1.51E-06,58.272,51.173,S,620,0,0,0,0,0,0,0,0,0,0,0,0,0,0,0,0,0,0,0,0
O76094,SRP72,Signal recognition particle subunit SRP72,SRP72,0.000252003,41.475,30.494,S,621,0,0,0,0,0,0,0,0,0,0,0,0,0,0,0,0,0,0,0,0
M0R088,M0R088,Serine/arginine repetitive matrix protein 1 (Fragment),SRRM1,2.16E-05,134.37,105.45,T,181,0,0,4024000,239470,690200,0,10939000,0,0,0,11386000,0,0,0,7028600,0,0,0,4821300,0
M0R088,M0R088,Serine/arginine repetitive matrix protein 1 (Fragment),SRRM1,0.0073393,67.234,52.246,S,409,0,0,0,0,0,0,0,0,0,0,0,0,0,0,0,0,0,0,0,0
M0R088,M0R088,Serine/arginine repetitive matrix protein 1 (Fragment),SRRM1,0.0120768,61.477,50.313,S,363,0,0,0,0,40214,0,0,0,160650,0,0,0,176880,0,0,0,141240,0,0,0
M0R088,M0R088,Serine/arginine repetitive matrix protein 1 (Fragment),SRRM1,0.0120768,61.477,50.313,T,367,0,0,0,0,40214,0,0,0,160650,0,0,0,176880,0,0,0,141240,0,0,0
M0R088,M0R088,Serine/arginine repetitive matrix protein 1 (Fragment),SRRM1,0.00045966,59.539,51.522,S,221,0,0,1110500,0,0,0,0,0,0,0,0,0,0,0,2447200,0,0,0,7441400,0
Q9UQ35,SRRM2,Serine/arginine repetitive matrix protein 2,SRRM2,7.79E-18,144.43,95.243,S,377,0,0,0,0,0,0,2192600,0,0,0,2672000,0,0,0,3975300,0,0,0,2553500,0
Q9UQ35,SRRM2,Serine/arginine repetitive matrix protein 2,SRRM2,7.79E-18,144.43,95.243,S,398,0,0,0,0,0,0,2192600,0,0,0,2672000,0,0,0,3975300,0,0,0,2553500,0
Q9UQ35,SRRM2,Serine/arginine repetitive matrix protein 2,SRRM2,7.48E-26,123.31,101.96,S,323,0,0,2241900,0,0,0,4363600,0,0,0,6033400,0,0,0,3884800,0,0,0,2748300,0
Q9UQ35,SRRM2,Serine/arginine repetitive matrix protein 2,SRRM2,4.31E-05,92.499,56.572,S,2449,1134500,0,1995200,0,1768800,0,5104000,0,5164200,0,9103700,0,3735800,0,1457900,0,3173200,0,4085800,0
Q9UQ35,SRRM2,Serine/arginine repetitive matrix protein 2,SRRM2,6.92E-05,59.005,9.2403,T,983,0,0,0,0,0,0,0,0,0,0,0,0,0,0,9756900,0,0,0,0,0
Q9UQ35,SRRM2,Serine/arginine repetitive matrix protein 2,SRRM2,0.000512267,53.444,36.679,S,1320,1604100,0,2524000,0,0,0,1402900,0,4028900,0,1865800,0,2564500,0,4116300,0,2511400,0,4560400,0
C9JUL9,C9JUL9,Serrate RNA effector molecule homolog (Fragment),SRRT,0.00194339,59.372,48.63,S,74,0,0,2498800,0,0,0,1596700,0,0,0,2641400,0,0,0,3817500,0,0,192550,3518900,0
Q13247,SRSF6,Serine/arginine-rich splicing factor 6,SRSF6,0.00718248,66.167,51.155,S,303,519110,0,0,0,0,0,2219900,0,0,0,2864400,0,0,0,1402600,0,0,0,1102400,0
Q13242,SRSF9,Serine/arginine-rich splicing factor 9,SRSF9,3.20E-05,124.45,112.53,S,211,3039900,1725100,11437000,4094900,7747000,979360,10489000,5444500,9385000,1818900,17571000,6243900,10905000,788190,22259000,4156100,4808000,0,20542000,9043200
P05455,LA,Lupus La protein,SSB,2.23E-07,74.905,63.924,S,366,0,0,0,0,0,0,412170,0,0,0,570090,0,0,0,2058500,0,148450,0,2993500,0
C9JBX5,C9JBX5,Translocon-associated protein subunit alpha,SSR1,3.79E-06,54.681,44.426,S,200,0,0,0,0,0,0,0,0,10639000,0,0,0,6353800,0,0,0,6318600,0,0,0
C9JBX5,C9JBX5,Translocon-associated protein subunit alpha,SSR1,0.00640341,47.331,17.476,T,192,3415600,0,0,0,0,0,0,0,0,0,0,0,0,0,0,0,0,0,0,0
A2A2D0,A2A2D0,Stathmin (Fragment),STMN1,8.35E-10,127.37,113.09,S,38,0,0,5666100,0,0,0,11317000,0,0,0,13729000,0,0,0,9061900,0,2928400,0,5240800,0
A2A2D0,A2A2D0,Stathmin (Fragment),STMN1,0.000220614,104.76,89.378,S,16,1361900,0,0,0,1427800,0,1252100,0,0,0,2605600,0,0,0,4236500,0,0,0,2035900,0
M0R0W8,M0R0W8,Striatin-4 (Fragment),STRN4,7.88E-22,97.744,90.171,S,45,0,0,0,0,0,0,0,0,0,0,911910,0,0,0,2680900,0,0,0,1794100,0
Q9UH99,SUN2,SUN domain-containing protein 2,SUN2,9.52E-51,141.76,133,S,54,0,0,6661400,0,4048300,0,3874200,0,0,0,9325100,0,0,0,6574300,0,0,0,6942000,0
Q96A49,SYAP1,Synapse-associated protein 1,SYAP1,0.000780218,44.683,35.826,T,248,9911800,0,0,0,0,478720,0,0,22552000,0,0,0,10874000,642130,0,0,5361400,959960,0,0
Q92797,SYMPK,Symplekin,SYMPK,0.00208027,63.713,53.631,S,501,0,0,0,0,0,0,0,0,0,0,0,0,0,0,0,0,0,0,2800400,0
Q7Z422,SZRD1,SUZ domain-containing protein 1,SZRD1,4.17E-07,125.75,99.39,S,37,0,0,0,0,7434400,1295200,0,0,0,2135200,0,0,5679900,0,0,0,3831700,0,0,0
Q7Z422,SZRD1,SUZ domain-containing protein 1,SZRD1,3.47E-23,125.75,99.39,S,39,4102000,2595900,0,0,7434400,1295200,0,0,0,2135200,0,0,5679900,1310200,0,0,3831700,0,0,0
Q7Z422,SZRD1,SUZ domain-containing protein 1,SZRD1,0.00666113,50.752,34.737,S,51,0,0,2019000,0,0,0,1585300,0,0,0,1882800,0,0,0,3899800,0,0,0,4443500,0
Q9ULP9,TBC24,TBC1 domain family member 24,TBC1D24,3.04E-16,85.421,80.411,S,480,0,0,0,0,0,0,3451200,0,0,0,5490300,0,0,0,5039700,0,0,0,3187400,0
J3KQ96,J3KQ96,Treacle protein (Fragment),TCOF1,2.90E-08,83.247,68.342,S,583,0,0,2390200,0,980070,0,2067000,0,3045800,0,3734500,0,3279600,621770,6342700,0,1680900,0,7357000,0
J3KQ96,J3KQ96,Treacle protein (Fragment),TCOF1,0.00945135,59.728,40.069,S,156,0,0,0,0,0,0,1256700,0,0,0,1331300,0,0,0,0,0,0,0,0,0
B1AKB5,B1AKB5,Transcription factor EB (Fragment),TFEB,0.0112857,61.963,36.777,T,188,0,0,0,0,0,0,0,0,0,0,0,0,0,0,0,0,0,0,0,0
Q9H5L6,THAP9,DNA transposase THAP9,THAP9,0.00809219,57.41,11.972,S,767,0,0,0,0,0,0,0,0,0,0,0,2314400,0,0,0,0,0,0,0,0
Q9Y2W1,TR150,Thyroid hormone receptor-associated protein 3,THRAP3,1.95E-18,157.88,146.24,S,248,0,0,0,2836600,0,0,0,8032400,19989000,0,0,11992000,38805000,6752100,13305000,3646600,32841000,5076500,4448500,3399500
Q9Y2W1,TR150,Thyroid hormone receptor-associated protein 3,THRAP3,1.04E-22,143.5,123.45,S,315,0,0,0,0,0,0,406190,0,0,0,433110,0,0,0,3576300,0,0,0,3084100,0
Q9Y2W1,TR150,Thyroid hormone receptor-associated protein 3,THRAP3,1.04E-22,143.5,123.45,S,320,0,0,760050,0,77529,0,406190,0,136700,0,598770,0,0,0,9580000,0,57224,0,6892500,0
Q9Y2W1,TR150,Thyroid hormone receptor-associated protein 3,THRAP3,3.86E-06,89.011,65.65,S,698,0,0,0,0,27824,0,0,0,155630,0,0,0,160200,0,1581800,0,179560,0,2781800,0
Q9Y2W1,TR150,Thyroid hormone receptor-associated protein 3,THRAP3,1.98E-18,77.428,69.843,S,310,3652600,0,0,0,5774900,0,10434000,0,0,0,0,0,0,0,0,0,0,0,0,0
Q9Y2W1,TR150,Thyroid hormone receptor-associated protein 3,THRAP3,0.00258877,64.454,49.663,S,406,0,0,0,0,0,0,0,0,0,0,0,0,110350,0,0,0,189990,0,0,0
Q9Y2W1,TR150,Thyroid hormone receptor-associated protein 3,THRAP3,0.00258877,64.454,49.663,S,408,0,0,0,0,0,0,0,0,0,0,0,0,110350,0,0,0,189990,0,0,0
Q9Y2W1,TR150,Thyroid hormone receptor-associated protein 3,THRAP3,0.000105291,62.193,51.638,S,575,0,0,0,0,0,0,0,0,0,0,0,0,0,0,3016300,0,0,0,2895500,0
C9JWT6,C9JWT6,Serine/threonine-protein kinase tousled-like 1 (Fragment),TLK1,8.74E-08,52.276,49.726,S,106,0,0,0,0,0,0,0,0,0,0,0,0,0,0,0,0,0,0,0,0
C9JWT6,C9JWT6,Serine/threonine-protein kinase tousled-like 1 (Fragment),TLK1,8.74E-08,52.276,49.726,S,107,0,0,0,0,0,0,0,0,0,0,0,0,0,0,0,0,0,0,0,0
C9JWT6,C9JWT6,Serine/threonine-protein kinase tousled-like 1 (Fragment),TLK1,8.74E-08,52.276,49.726,S,108,0,0,0,0,0,0,0,0,0,0,0,0,0,0,0,0,0,0,0,0
C9JWT6,C9JWT6,Serine/threonine-protein kinase tousled-like 1 (Fragment),TLK1,8.74E-08,52.276,49.726,S,113,0,0,0,0,0,0,0,0,0,0,0,0,0,0,0,0,0,0,0,0
C9JWT6,C9JWT6,Serine/threonine-protein kinase tousled-like 1 (Fragment),TLK1,2.35E-06,47.534,41.129,S,115,0,0,0,0,0,0,0,0,0,0,0,0,0,0,0,0,0,0,0,0
G5E972,G5E972,"Lamina-associated polypeptide 2, isoforms beta/gamma",TMPO,8.09E-50,165.53,152.64,T,74,0,0,7271400,0,0,0,13795000,0,0,0,13397000,0,0,0,8160600,0,0,0,2677000,0
G5E972,G5E972,"Lamina-associated polypeptide 2, isoforms beta/gamma",TMPO,1.44E-09,123.54,106.34,T,160,0,0,0,599700,0,0,13739000,0,0,4305100,0,0,0,0,9121400,0,0,0,0,0
G5E972,G5E972,"Lamina-associated polypeptide 2, isoforms beta/gamma",TMPO,0.00704943,114.1,87.173,S,158,0,0,0,0,0,0,0,0,0,0,0,0,0,0,0,0,0,0,0,0
G5E972,G5E972,"Lamina-associated polypeptide 2, isoforms beta/gamma",TMPO,0.00704943,114.1,87.173,S,159,0,0,0,0,0,0,0,0,0,0,0,0,0,0,0,0,0,0,0,0
G5E972,G5E972,"Lamina-associated polypeptide 2, isoforms beta/gamma",TMPO,2.60E-21,107.15,98.937,S,66,0,0,0,0,0,0,0,0,0,0,0,0,0,0,0,0,0,0,0,0
G5E972,G5E972,"Lamina-associated polypeptide 2, isoforms beta/gamma",TMPO,2.60E-21,107.15,98.937,S,67,0,0,0,0,0,0,0,0,0,0,0,0,0,0,0,0,0,0,0,0
H0Y4U1,H0Y4U1,Tensin-1,TNS1,4.17E-41,138.02,129.99,S,408,7151400,1686600,0,0,18585000,0,0,0,13115000,0,0,0,5632900,0,0,0,1943500,0,0,0
Q68CZ2,TENS3,Tensin-3,TNS3,1.20E-21,160.69,123.14,S,776,1453000,0,0,0,1725200,0,0,0,7851600,0,0,0,7553400,0,1596100,0,6885000,0,1646600,0
Q68CZ2,TENS3,Tensin-3,TNS3,5.17E-09,109.1,64.563,S,874,0,0,0,0,0,1603800,0,0,0,0,0,0,0,0,0,0,0,0,0,0
Q68CZ2,TENS3,Tensin-3,TNS3,5.17E-09,99.603,68.514,S,873,0,0,0,0,0,0,0,0,0,0,0,0,0,0,0,0,0,0,0,0
Q68CZ2,TENS3,Tensin-3,TNS3,1.30E-25,92.819,88.974,S,361,0,0,0,0,0,0,0,0,0,0,0,0,0,0,0,0,0,0,0,0
Q68CZ2,TENS3,Tensin-3,TNS3,1.30E-25,92.819,88.974,S,362,0,0,0,0,0,0,0,0,0,0,0,0,0,0,0,0,0,0,0,0
Q68CZ2,TENS3,Tensin-3,TNS3,1.30E-25,92.819,88.974,S,363,0,0,0,0,0,0,0,0,0,0,0,0,0,0,0,0,0,0,0,0
Q68CZ2,TENS3,Tensin-3,TNS3,3.34E-05,49.967,40.492,S,866,0,0,0,0,0,0,0,0,0,0,0,0,0,0,0,0,2809200,0,0,0
O60784,TOM1,Target of Myb protein 1,TOM1,8.61E-12,141.29,116.03,S,464,0,0,0,0,0,0,0,0,0,0,0,0,0,0,0,0,7283700,0,0,0
O94826,TOM70,Mitochondrial import receptor subunit TOM70,TOMM70A,6.78E-14,97.469,69.136,S,91,0,4390500,9738400,0,0,1666200,10516000,0,0,2979100,14974000,0,0,0,15904000,0,0,0,9835300,0
O94826,TOM70,Mitochondrial import receptor subunit TOM70,TOMM70A,2.29E-06,54.282,45.435,T,85,0,0,0,0,0,0,0,0,0,0,0,0,0,0,0,0,0,0,0,0
A0A0A0MSK5,A0A0A0MSK5,Torsin-1A-interacting protein 1,TOR1AIP1,2.88E-06,77.689,59.109,S,22,0,0,2180100,0,0,0,0,0,0,0,7328900,0,0,0,3990800,0,0,0,3990700,0
E9PN66,E9PN66,Tumor protein p53-inducible protein 11 (Fragment),TP53I11,1.12E-07,172.74,122.27,S,14,26113,0,0,0,26099,0,0,0,149310,0,0,0,296780,0,0,0,180140,0,0,0
P60174,TPIS,Triosephosphate isomerase,TPI1,0.00156757,134.83,90.189,S,58,0,0,0,0,3684100,0,1164200,0,6570000,0,2141100,0,5632300,0,0,0,5593300,0,0,0
Q5VZU9,Q5VZU9,Tripeptidyl-peptidase 2,TPP2,0.0152114,51.876,7.5349,S,93,0,0,2696700,0,0,0,14637000,0,0,0,9143800,0,0,0,6008600,0,0,0,459720,0
Q13595,TRA2A,Transformer-2 protein homolog alpha,TRA2A,7.04E-68,159.84,140.74,T,202,491720,587700,3129400,913420,0,620170,1750500,0,4199300,592930,0,1422800,0,629490,19370000,0,5273700,498020,12803000,0
Q13595,TRA2A,Transformer-2 protein homolog alpha,TRA2A,1.02E-58,150.89,141.51,T,204,0,0,0,0,0,0,0,0,0,0,0,532590,0,0,0,0,1488200,0,9819000,0
H7C2L4,H7C2L4,Transformer-2 protein homolog beta (Fragment),TRA2B,1.30E-20,137.32,119.89,T,21,10892000,5113400,45220000,9449500,9257900,3066700,32321000,9938700,68219000,4793700,53687000,26581000,49691000,1917900,60722000,0,28630000,1766500,56316000,158360
Q6Q0C0,TRAF7,E3 ubiquitin-protein ligase TRAF7,TRAF7,0.00772105,80.69,37.732,S,317,11993000,0,10184000,0,7966800,0,8272200,0,15768000,0,10952000,0,6365600,0,18731000,0,11196000,0,17367000,0
Q13263,TIF1B,Transcription intermediary factor 1-beta,TRIM28,1.41E-16,128.19,87.497,S,19,0,0,2012800,0,0,0,5562700,0,0,0,6805100,0,0,0,5085800,0,0,0,5706600,0
Q13263,TIF1B,Transcription intermediary factor 1-beta,TRIM28,7.29E-13,108.5,68.254,S,17,0,0,0,0,0,0,0,0,0,0,2330700,0,0,0,0,0,0,0,0,0
Q13263,TIF1B,Transcription intermediary factor 1-beta,TRIM28,1.50E-07,84.646,43.165,S,26,0,0,0,0,0,0,0,0,0,0,0,0,0,0,0,0,0,0,280640,0
Q14166,TTL12,Tubulin--tyrosine ligase-like protein 12,TTLL12,2.72E-20,100.24,94.529,S,15,0,0,0,0,0,0,0,0,0,0,0,0,0,0,0,0,0,0,0,0
Q14166,TTL12,Tubulin--tyrosine ligase-like protein 12,TTLL12,2.72E-20,100.24,94.529,S,16,0,0,0,0,0,0,0,0,0,0,0,0,0,0,0,0,0,0,0,0
Q14166,TTL12,Tubulin--tyrosine ligase-like protein 12,TTLL12,1.57E-20,99.494,90.138,T,20,0,0,0,0,0,0,0,0,0,0,0,0,0,0,0,0,0,0,0,0
Q99757,THIOM,"Thioredoxin, mitochondrial",TXN2,0.0126482,45.916,14.849,S,16,0,0,1454400,0,0,0,0,0,11263000,0,0,0,0,0,0,0,5831000,0,0,0
Q99757,THIOM,"Thioredoxin, mitochondrial",TXN2,0.0126482,45.916,14.849,S,20,0,0,1454400,0,0,0,0,0,11263000,0,0,0,0,0,0,0,5831000,0,0,0
Q99757,THIOM,"Thioredoxin, mitochondrial",TXN2,0.0126482,45.916,14.849,S,29,0,0,1454400,0,0,0,0,0,11263000,0,0,0,0,0,0,0,5831000,0,0,0
Q99757,THIOM,"Thioredoxin, mitochondrial",TXN2,0.0126482,45.916,14.849,T,28,0,0,1454400,0,0,0,0,0,11263000,0,0,0,0,0,0,0,5831000,0,0,0
F8W726,F8W726,Ubiquitin-associated protein 2-like,UBAP2L,1.42E-05,112.28,64.003,S,464,0,0,0,0,0,0,0,0,0,0,0,0,0,0,0,0,0,0,0,0
F8W726,F8W726,Ubiquitin-associated protein 2-like,UBAP2L,1.42E-05,112.28,64.003,S,465,0,0,0,0,0,0,0,0,0,0,0,0,0,0,0,0,0,0,0,0
Q9Y385,UB2J1,Ubiquitin-conjugating enzyme E2 J1,UBE2J1,9.69E-13,138.97,125.24,S,266,0,1376300,0,0,0,1869600,10742000,0,0,1076000,11756000,538330,0,588980,9462300,0,0,0,7475300,0
Q9Y385,UB2J1,Ubiquitin-conjugating enzyme E2 J1,UBE2J1,0.0136278,97.384,74.473,S,268,0,0,0,0,0,0,0,0,0,0,0,0,0,0,0,0,0,0,0,0
Q9Y385,UB2J1,Ubiquitin-conjugating enzyme E2 J1,UBE2J1,0.0136278,97.384,74.473,T,267,0,0,0,0,0,0,0,0,0,0,0,0,0,0,0,0,0,0,0,0
Q5T4S7,UBR4,E3 ubiquitin-protein ligase UBR4,UBR4,1.75E-05,122.77,99.861,S,2719,0,0,0,0,0,0,0,0,0,0,0,0,0,0,0,0,0,0,0,0
P68543,UBX2A,UBX domain-containing protein 2A,UBXN2A,0.00500229,45.099,23.15,S,142,0,0,0,0,0,0,0,0,1161800,0,0,0,607850,0,0,0,259360,0,0,0
P06133,UD2B4,UDP-glucuronosyltransferase 2B4,UGT2B4,0.0108287,91.712,22.256,T,84,0,0,0,0,831810,0,0,0,895440,0,0,0,0,0,0,0,0,0,0,0
F8W665,F8W665,UHRF1-binding protein 1-like (Fragment),UHRF1BP1L,7.03E-22,131.42,123.97,S,68,0,0,0,0,0,0,0,0,0,0,0,0,0,0,763360,0,0,0,1032400,0
Q8IZJ1,UNC5B,Netrin receptor UNC5B,UNC5B,0.00869515,52.359,12.852,S,686,0,0,0,0,0,0,0,0,0,0,0,0,0,0,0,0,0,0,0,0
Q8IZJ1,UNC5B,Netrin receptor UNC5B,UNC5B,0.00869515,52.359,12.852,S,688,0,0,0,0,0,0,0,0,0,0,0,0,0,0,0,0,0,0,0,0
P08670,VIME,Vimentin,VIM,4.80E-09,194.67,131.58,S,430,0,0,0,0,2325500,0,0,0,3103500,0,0,0,0,0,0,0,7966900,0,0,0
Q9Y6W5,WASF2,Wiskott-Aldrich syndrome protein family member 2,WASF2,1.27E-14,108.73,88.649,S,292,0,1909300,0,0,2455400,946640,0,0,0,0,0,0,0,0,0,0,0,0,0,0
Q8IZQ1,WDFY3,WD repeat and FYVE domain-containing protein 3,WDFY3,0.00993666,70.117,12.692,S,1011,0,0,6640800,0,0,0,4405500,0,0,0,7116900,0,0,0,3031600,0,0,0,0,0
Q8IZQ1,WDFY3,WD repeat and FYVE domain-containing protein 3,WDFY3,0.00993666,70.117,12.692,S,1015,0,0,6640800,0,0,0,4405500,0,0,0,7116900,0,0,0,3031600,0,0,0,0,0
Q8IZQ1,WDFY3,WD repeat and FYVE domain-containing protein 3,WDFY3,0.00993666,70.117,12.692,T,1016,0,0,6640800,0,0,0,4405500,0,0,0,7116900,0,0,0,3031600,0,0,0,0,0
E9PB87,E9PB87,WAS/WASL-interacting protein family member 1,WIPF1,4.16E-08,121.14,81.974,S,340,0,1666800,0,0,0,940870,0,0,3315200,0,0,0,0,927180,0,0,0,1075400,0,0
F5GWT4,F5GWT4,Serine/threonine-protein kinase WNK1,WNK1,1.75E-07,62.034,54.517,S,1763,0,0,0,0,0,0,0,0,0,0,0,0,0,0,0,0,0,0,0,0
F5GWT4,F5GWT4,Serine/threonine-protein kinase WNK1,WNK1,1.75E-07,62.034,54.517,S,1764,0,0,0,0,0,0,0,0,0,0,0,0,0,0,0,0,0,0,0,0
F5H8D7,F5H8D7,DNA repair protein XRCC1,XRCC1,1.98E-09,82.773,70.305,S,416,0,0,0,0,0,0,676460,0,0,0,425530,0,0,0,0,0,0,0,0,0
C9JFB2,C9JFB2,Protein YIPF (Fragment),YIPF1,0.00504071,40.067,19.603,T,64,0,0,0,0,3338500,0,0,0,2781600,0,0,0,0,0,0,0,2542400,0,0,0
Q96MU7,YTDC1,YTH domain-containing protein 1,YTHDC1,2.38E-09,84.529,69.088,S,424,1001100,0,2480200,0,0,0,3180200,0,0,0,5041400,0,0,0,2146400,0,0,0,2599300,0
Q96MU7,YTDC1,YTH domain-containing protein 1,YTHDC1,0.000294859,42.831,34.17,S,417,0,0,0,0,0,0,0,0,0,0,0,0,0,0,0,0,0,0,0,0
Q96MU7,YTDC1,YTH domain-containing protein 1,YTHDC1,0.000294859,42.831,34.17,S,419,0,0,0,0,0,0,0,0,0,0,0,0,0,0,0,0,0,0,0,0
O75152,ZC11A,Zinc finger CCCH domain-containing protein 11A,ZC3H11A,1.96E-09,96.317,78.957,S,758,0,0,0,0,0,0,1829500,0,0,0,0,0,0,0,3181100,0,0,0,2554900,0
Q9UPT8,ZC3H4,Zinc finger CCCH domain-containing protein 4,ZC3H4,4.32E-10,65.577,56.622,S,159,0,0,0,0,0,0,2997700,0,0,0,0,0,0,0,7895200,0,0,0,8051100,0
A0A087WUU9,A0A087WUU9,"Zinc finger protein 36, C3H1 type-like 2",ZFP36L2,4.98E-10,81.532,76.275,S,57,0,504510,0,0,702430,0,0,0,1184000,761530,0,0,1087900,277960,0,0,1553700,306270,2384700,0
A0A087WUU9,A0A087WUU9,"Zinc finger protein 36, C3H1 type-like 2",ZFP36L2,1.29E-06,57.144,52.776,S,59,280330,0,0,0,0,0,0,0,0,0,0,0,0,0,0,0,0,0,0,0
Q9BX82,ZN471,Zinc finger protein 471,ZNF471,0.00957426,83.823,24.906,S,416,0,0,0,0,0,0,0,0,0,0,0,0,0,0,0,0,0,0,0,0
Q9BX82,ZN471,Zinc finger protein 471,ZNF471,0.00957426,83.823,24.906,S,417,0,0,0,0,0,0,0,0,0,0,0,0,0,0,0,0,0,0,0,0
A0A087WVT1,A0A087WVT1,Zinc finger protein 48,ZNF48,0.0149847,70.089,9.8342,S,389,0,0,0,0,0,0,0,0,0,580100,0,0,0,0,0,0,0,4983500,0,0
A0A087WVT1,A0A087WVT1,Zinc finger protein 48,ZNF48,0.0149847,70.089,9.8342,T,390,0,0,0,0,0,0,0,0,0,580100,0,0,0,0,0,0,0,4983500,0,0
M0QY24,M0QY24,Zinc finger protein 546,ZNF546,0.00104743,64.522,19.981,S,623,0,0,0,0,0,0,0,0,0,1149300,0,0,0,0,0,0,3492500,0,0,0
M0QY24,M0QY24,Zinc finger protein 546,ZNF546,0.00104743,64.522,19.981,T,627,0,0,0,0,0,0,0,0,0,1149300,0,0,0,0,0,0,3492500,0,0,0
A0A096LPI0,A0A096LPI0,Zinc finger protein 638 (Fragment),ZNF638,0.000109677,73.928,59.249,S,94,0,0,0,0,0,0,0,0,0,0,0,0,0,0,26817,0,0,0,60746,0
F8WCX2,F8WCX2,Zinc finger protein 687,ZNF687,0.00383148,82.755,44.31,S,253,0,0,0,0,0,0,1235200,0,0,0,263730,0,0,0,0,0,0,0,1178100,0
Q15940,ZNF67,Putative zinc finger protein 726P1,ZNF726P1,0.00965642,66.059,35.869,S,115,0,0,27026000,0,0,0,0,0,0,0,1203200,0,0,0,19314000,0,0,0,8581300,0
Q15940,ZNF67,Putative zinc finger protein 726P1,ZNF726P1,0.00965642,66.059,35.869,T,112,0,0,27026000,0,0,0,0,0,0,0,1203200,0,0,0,19314000,0,0,0,8581300,0
Q15940,ZNF67,Putative zinc finger protein 726P1,ZNF726P1,0.00965642,66.059,35.869,T,116,0,0,27026000,0,0,0,0,0,0,0,1203200,0,0,0,19314000,0,0,0,8581300,0
Q15940,ZNF67,Putative zinc finger protein 726P1,ZNF726P1,0.00965642,66.059,35.869,T,118,0,0,27026000,0,0,0,0,0,0,0,1203200,0,0,0,19314000,0,0,0,8581300,0
Q15942,ZYX,Zyxin,ZYX,5.26E-06,147.78,69.377,S,142,0,0,0,0,0,0,0,0,10235000,0,0,0,0,0,0,0,0,0,0,0
Q15942,ZYX,Zyxin,ZYX,5.26E-06,147.78,69.377,S,143,0,0,0,0,0,0,0,0,10235000,0,0,0,0,0,0,0,0,0,0,0
Q15942,ZYX,Zyxin,ZYX,3.55E-27,132.83,120.82,S,308,1734900,0,516010,0,2526800,0,4072100,0,5860000,0,5623000,0,3669600,0,4748100,0,2699900,0,1833000,0
Q15942,ZYX,Zyxin,ZYX,0.00922939,116.9,76.634,S,259,0,0,0,0,84403,0,0,0,221480,0,0,0,223090,0,0,0,139840,0,0,0
Q15942,ZYX,Zyxin,ZYX,0.0118068,80.96,45.999,S,258,47016,0,0,0,0,0,0,0,0,0,0,0,0,0,0,0,0,0,0,0
Q15942,ZYX,Zyxin,ZYX,1.56E-06,76.759,60.409,S,344,0,0,0,0,0,0,0,0,0,0,0,0,6150400,0,0,0,8580600,0,0,0
Q15942,ZYX,Zyxin,ZYX,0.00449402,75.911,55.5,S,267,0,0,0,0,0,0,0,0,0,0,0,0,4662700,0,0,0,8894300,0,0,0
A0A0A0MSK3,A0A0A0MSK3,"HCG14925, isoform CRA",N/A,0.000531062,70.699,30.789,S,114,468930000,0,404180000,0,422380000,79071000,128100000,42572000,328660000,168350000,210590000,0,252030000,7868000,349830000,308180000,173920000,0,318870000,114960000
A0A0A0MSK3,A0A0A0MSK3,"HCG14925, isoform CRA",N/A,0.00275365,60.764,25.631,S,120,0,0,0,0,0,43335000,0,0,0,0,0,0,0,0,0,0,0,22046000,0,0
A0A0A6YYC7,A0A0A6YYC7,"HCG2042749, isoform CRA",N/A,2.17E-16,123.87,94.771,S,83,0,0,277620,0,0,0,1855500,0,0,0,1903300,0,0,0,2724100,0,0,0,2656600,0
Q6IMJ6,Q6IMJ6,NOELIN1,N/A,0.00472052,58.712,8.9465,S,19,0,0,0,0,0,0,0,0,0,0,0,0,0,0,0,0,5099500,0,0,0
Q8IWY7,Q8IWY7,Tau-tubulin kinase,N/A,0.0148967,62.203,10.637,S,436,0,0,0,0,0,0,0,0,0,0,0,0,0,0,0,0,0,0,0,0
