Gene,Module
EXOSC10,Proteasome A/B [Turqouise Up]
OAS3,Proteasome A/B [Turqouise Up]
SEPT11,Proteasome A/B [Turqouise Up]
EEF1B2,Proteasome A/B [Turqouise Up]
TRA2A,Proteasome A/B [Turqouise Up]
NOP16,Proteasome A/B [Turqouise Up]
SF3A2,Proteasome A/B [Turqouise Up]
SF3A3,Proteasome A/B [Turqouise Up]
EEF1D,Proteasome A/B [Turqouise Up]
RPL30,Proteasome A/B [Turqouise Up]
ACTL6A,Proteasome A/B [Turqouise Up]
TSC2,Proteasome A/B [Turqouise Up]
RPS23,Proteasome A/B [Turqouise Up]
CAPRIN1,Proteasome A/B [Turqouise Up]
FAU,Proteasome A/B [Turqouise Up]
AAK1,Proteasome A/B [Turqouise Up]
RPL35,Proteasome A/B [Turqouise Up]
RPS4X,Proteasome A/B [Turqouise Up]
SNRPB2,Proteasome A/B [Turqouise Up]
RPL31,Proteasome A/B [Turqouise Up]
MAP4,Proteasome A/B [Turqouise Up]
TRIM25,Proteasome A/B [Turqouise Up]
RPS15,Proteasome A/B [Turqouise Up]
PSMB7,Proteasome A/B [Turqouise Up]
ZNF44,Proteasome A/B [Turqouise Up]
DOCK10,Proteasome A/B [Turqouise Up]
RPS8,Proteasome A/B [Turqouise Up]
ZC3H15,Proteasome A/B [Turqouise Up]
HMGN2,Proteasome A/B [Turqouise Up]
ATM,Proteasome A/B [Turqouise Up]
SYF2,Proteasome A/B [Turqouise Up]
G3BP2,Proteasome A/B [Turqouise Up]
HCFC1,Proteasome A/B [Turqouise Up]
CRIP1,Proteasome A/B [Turqouise Up]
ACYP2,Proteasome A/B [Turqouise Up]
SF3B1,Proteasome A/B [Turqouise Up]
HIST1H1B,Proteasome A/B [Turqouise Up]
SF3A1,Proteasome A/B [Turqouise Up]
EIF4A2,Proteasome A/B [Turqouise Up]
FRYL,Proteasome A/B [Turqouise Up]
EIF2B3,Proteasome A/B [Turqouise Up]
SS18L1,Proteasome A/B [Turqouise Up]
TPP2,Proteasome A/B [Turqouise Up]
PSMB1,Proteasome A/B [Turqouise Up]
HP1BP3,Proteasome A/B [Turqouise Up]
EEF1G,Proteasome A/B [Turqouise Up]
CNOT2,Proteasome A/B [Turqouise Up]
HSPA1B,Proteasome A/B [Turqouise Up]
GYS1,Proteasome A/B [Turqouise Up]
TRIM33,Proteasome A/B [Turqouise Up]
PSMA6,Proteasome A/B [Turqouise Up]
GCC2,Proteasome A/B [Turqouise Up]
MICALL1,Proteasome A/B [Turqouise Up]
GNPAT,Proteasome A/B [Turqouise Up]
GATAD2B,Proteasome A/B [Turqouise Up]
SAP18,Proteasome A/B [Turqouise Up]
DHX30,Proteasome A/B [Turqouise Up]
HSPA6,Proteasome A/B [Turqouise Up]
CDC20,Proteasome A/B [Turqouise Up]
PSMA3,Proteasome A/B [Turqouise Up]
PSMA4,Proteasome A/B [Turqouise Up]
PSMA2,Proteasome A/B [Turqouise Up]
PSMA1,Proteasome A/B [Turqouise Up]
PPP4R2,Proteasome A/B [Turqouise Up]
ANAPC1,Proteasome A/B [Turqouise Up]
FCHO1,Proteasome A/B [Turqouise Up]
SF3B4,Proteasome A/B [Turqouise Up]
RAE1,Proteasome A/B [Turqouise Up]
PSMA5,Proteasome A/B [Turqouise Up]
PSMB9,Proteasome A/B [Turqouise Up]
LSM1,Proteasome A/B [Turqouise Up]
CSNK2A2,Proteasome A/B [Turqouise Up]
PSMA7,Proteasome A/B [Turqouise Up]
ARHGEF6,Proteasome A/B [Turqouise Up]
PRAM1,Proteasome A/B [Turqouise Up]
GNL3,Proteasome A/B [Turqouise Up]
RPL23,Proteasome A/B [Turqouise Up]
COX5B,Proteasome A/B [Turqouise Up]
LSM3,Proteasome A/B [Turqouise Up]
ILF2,Proteasome A/B [Turqouise Up]
WDFY4,Proteasome A/B [Turqouise Up]
SNRNP70,Proteasome A/B [Turqouise Up]
PRKACA,Proteasome A/B [Turqouise Up]
EIF2S3,Proteasome A/B [Turqouise Up]
NCAPG,Proteasome A/B [Turqouise Up]
ASAP1,Proteasome A/B [Turqouise Up]
ARHGEF7,Proteasome A/B [Turqouise Up]
NCL,Proteasome A/B [Turqouise Up]
SRSF3,Proteasome A/B [Turqouise Up]
HNRNPA2B1,Proteasome A/B [Turqouise Up]
THRAP3,Proteasome A/B [Turqouise Up]
HNRNPA3,Proteasome A/B [Turqouise Up]
RNF123,dynein [Blue Up]
MAP1S,dynein [Blue Up]
DYNLL2,dynein [Blue Up]
LRRC47,dynein [Blue Up]
NUP43,dynein [Blue Up]
GIT2,dynein [Blue Up]
KANK2,dynein [Blue Up]
PRPF8,dynein [Blue Up]
CD2BP2,dynein [Blue Up]
PTGS1,dynein [Blue Up]
SKIV2L2,dynein [Blue Up]
DOCK8,dynein [Blue Up]
SYMPK,dynein [Blue Up]
COG4,dynein [Blue Up]
GCFC2,dynein [Blue Up]
POLR2J3,dynein [Blue Up]
ANKS1A,dynein [Blue Up]
TAB1,dynein [Blue Up]
RPL24,dynein [Blue Up]
MEF2D,dynein [Blue Up]
CCDC22,dynein [Blue Up]
SNX18,dynein [Blue Up]
DNM2,dynein [Blue Up]
ARHGEF1,dynein [Blue Up]
HLA-C,dynein [Blue Up]
DNM3,dynein [Blue Up]
BAG6,dynein [Blue Up]
PDIA6,dynein [Blue Up]
PLEKHO2,dynein [Blue Up]
CLNS1A,dynein [Blue Up]
SKAP2,dynein [Blue Up]
RAB3GAP2,dynein [Blue Up]
NAP1L4,dynein [Blue Up]
NSF,dynein [Blue Up]
HSPH1,dynein [Blue Up]
PPP1R12A,dynein [Blue Up]
SUGT1,dynein [Blue Up]
GMIP,dynein [Blue Up]
PLIN3,dynein [Blue Up]
VPS16,dynein [Blue Up]
TUBB4B,tubulin [Brown Up]
INPP5D,tubulin [Brown Up]
PLA2G4A,tubulin [Brown Up]
TUBA1B,tubulin [Brown Up]
RPS27,tubulin [Brown Up]
VAT1,tubulin [Brown Up]
TUBB8,tubulin [Brown Up]
TUBB6,tubulin [Brown Up]
TUBB,tubulin [Brown Up]
EFTUD2,tubulin [Brown Up]
TUBA1A,tubulin [Brown Up]
TUBA4A,tubulin [Brown Up]
DNAJA1,tubulin [Brown Up]
DNAJA2,tubulin [Brown Up]
NCAPD2,tubulin [Brown Up]
SNX8,tubulin [Brown Up]
TRAPPC6B,tubulin [Brown Up]
WDR61,tubulin [Brown Up]
TUBB3,tubulin [Brown Up]
XRCC5,tubulin [Brown Up]
PCBP2,tubulin [Brown Up]
DOPEY2,tubulin [Brown Up]
FUBP1,tubulin [Brown Up]
UBAP2L,tubulin [Brown Up]
EIF4A1,tubulin [Brown Up]
GBF1,tubulin [Brown Up]
AIP,tubulin [Brown Up]
MTOR,tubulin [Brown Up]
APEX1,tubulin [Brown Up]
TIMM13,tubulin [Brown Up]
USP7,tubulin [Brown Up]
HEATR5B,tubulin [Brown Up]
AP2A1,tubulin [Brown Up]
PLIN2,tubulin [Brown Up]
NMT1,tubulin [Brown Up]
TRAPPC3,tubulin [Brown Up]
ARHGAP17,tubulin [Brown Up]
PARP9,PARP9 [Yellow Up]
DOCK5,PARP9 [Yellow Up]
RNF213,PARP9 [Yellow Up]
SMARCC1,PARP9 [Yellow Up]
EXOSC6,PARP9 [Yellow Up]
KARS,PARP9 [Yellow Up]
PURA,PARP9 [Yellow Up]
USP10,PARP9 [Yellow Up]
ARID1A,PARP9 [Yellow Up]
SELENOH,PARP9 [Yellow Up]
SMARCA2,PARP9 [Yellow Up]
PURB,PARP9 [Yellow Up]
CSTF3,PARP9 [Yellow Up]
VAC14,PARP9 [Yellow Up]
DDX39B,PARP9 [Yellow Up]
DARS2,PARP9 [Yellow Up]
DDX39A,PARP9 [Yellow Up]
SAMD9,PARP9 [Yellow Up]
MAGOHB,PARP9 [Yellow Up]
LSM8,PARP9 [Yellow Up]
KHDRBS1,PARP9 [Yellow Up]
DDX17,PARP9 [Yellow Up]
AARS2,COPI [Turqouise Down]
ABI1,COPI [Turqouise Down]
ACLY,COPI [Turqouise Down]
ACSL4,COPI [Turqouise Down]
ACTC1,COPI [Turqouise Down]
AMPD3,COPI [Turqouise Down]
ANKRD44,COPI [Turqouise Down]
AP3D1,COPI [Turqouise Down]
ARCN1,COPI [Turqouise Down]
ARHGAP1,COPI [Turqouise Down]
ARHGAP18,COPI [Turqouise Down]
ATP5A1,COPI [Turqouise Down]
ATP5H,COPI [Turqouise Down]
ATXN10,COPI [Turqouise Down]
BAZ1A,COPI [Turqouise Down]
BCLAF1,COPI [Turqouise Down]
C12orf57,COPI [Turqouise Down]
CAD,COPI [Turqouise Down]
CAPN1,COPI [Turqouise Down]
CCT6A,COPI [Turqouise Down]
CELF2,COPI [Turqouise Down]
CKAP5,COPI [Turqouise Down]
CLINT1,COPI [Turqouise Down]
CMAS,COPI [Turqouise Down]
COPA,COPI [Turqouise Down]
COPB1,COPI [Turqouise Down]
COPB2,COPI [Turqouise Down]
COPE,COPI [Turqouise Down]
COPG1,COPI [Turqouise Down]
COPG2,COPI [Turqouise Down]
COPZ1,COPI [Turqouise Down]
CPSF1,COPI [Turqouise Down]
CSE1L,COPI [Turqouise Down]
CSTF1,COPI [Turqouise Down]
CWC15,COPI [Turqouise Down]
CYFIP1,COPI [Turqouise Down]
DIS3,COPI [Turqouise Down]
DKC1,COPI [Turqouise Down]
DNM2,COPI [Turqouise Down]
DNM3,COPI [Turqouise Down]
DNPEP,COPI [Turqouise Down]
DOPEY2,COPI [Turqouise Down]
EDC4,COPI [Turqouise Down]
EIF3C,COPI [Turqouise Down]
EIF3H,COPI [Turqouise Down]
EIF4A3,COPI [Turqouise Down]
EIF4G1,COPI [Turqouise Down]
EIF4G3,COPI [Turqouise Down]
ELAVL1,COPI [Turqouise Down]
ELOVL1,COPI [Turqouise Down]
EXOC2,COPI [Turqouise Down]
EZR,COPI [Turqouise Down]
FAM129A,COPI [Turqouise Down]
FMNL1,COPI [Turqouise Down]
FUBP3,COPI [Turqouise Down]
GCN1,COPI [Turqouise Down]
GRSF1,COPI [Turqouise Down]
HLA-C,COPI [Turqouise Down]
HNRNPK,COPI [Turqouise Down]
HPCAL1,COPI [Turqouise Down]
HSD17B11,COPI [Turqouise Down]
HSD17B12,COPI [Turqouise Down]
IKBKB,COPI [Turqouise Down]
IKBKG,COPI [Turqouise Down]
IMPDH1,COPI [Turqouise Down]
IMPDH2,COPI [Turqouise Down]
INPPL1,COPI [Turqouise Down]
ITGA5,COPI [Turqouise Down]
ITGB2,COPI [Turqouise Down]
KNTC1,COPI [Turqouise Down]
KPNA3,COPI [Turqouise Down]
KRT1,COPI [Turqouise Down]
MATR3,COPI [Turqouise Down]
ME2,COPI [Turqouise Down]
MEF2D,COPI [Turqouise Down]
MOB1A,COPI [Turqouise Down]
MRPL18,COPI [Turqouise Down]
MRPL45,COPI [Turqouise Down]
MRPL49,COPI [Turqouise Down]
MYO9B,COPI [Turqouise Down]
NCKAP1L,COPI [Turqouise Down]
NEK9,COPI [Turqouise Down]
NUDT21,COPI [Turqouise Down]
PABPN1,COPI [Turqouise Down]
PCBP1,COPI [Turqouise Down]
PCYT1A,COPI [Turqouise Down]
PDCD2,COPI [Turqouise Down]
PDLIM7,COPI [Turqouise Down]
PDXDC1,COPI [Turqouise Down]
PFKL,COPI [Turqouise Down]
POLB,COPI [Turqouise Down]
POLDIP3,COPI [Turqouise Down]
POLR2C,COPI [Turqouise Down]
POLR2H,COPI [Turqouise Down]
PPP1R21,COPI [Turqouise Down]
PPP2R5D,COPI [Turqouise Down]
PPP6C,COPI [Turqouise Down]
PPP6R1,COPI [Turqouise Down]
PQBP1,COPI [Turqouise Down]
PRPF40A,COPI [Turqouise Down]
PSIP1,COPI [Turqouise Down]
PTBP1,COPI [Turqouise Down]
RAB11B,COPI [Turqouise Down]
RAB14,COPI [Turqouise Down]
RAB1A,COPI [Turqouise Down]
RAB3GAP2,COPI [Turqouise Down]
RAB5B,COPI [Turqouise Down]
RAB5C,COPI [Turqouise Down]
RAB7A,COPI [Turqouise Down]
RALY,COPI [Turqouise Down]
RBMS1,COPI [Turqouise Down]
RPL26L1,COPI [Turqouise Down]
RPL7,COPI [Turqouise Down]
RPS27L,COPI [Turqouise Down]
S100A10,COPI [Turqouise Down]
SART1,COPI [Turqouise Down]
SATB1,COPI [Turqouise Down]
SEC22B,COPI [Turqouise Down]
SEC23IP,COPI [Turqouise Down]
SLC25A6,COPI [Turqouise Down]
SMARCE1,COPI [Turqouise Down]
SMC1A,COPI [Turqouise Down]
SP100,COPI [Turqouise Down]
SPTBN1,COPI [Turqouise Down]
STOML2,COPI [Turqouise Down]
STRN3,COPI [Turqouise Down]
STX12,COPI [Turqouise Down]
STX7,COPI [Turqouise Down]
SULT1A1,COPI [Turqouise Down]
TARDBP,COPI [Turqouise Down]
TBC1D9B,COPI [Turqouise Down]
TCERG1,COPI [Turqouise Down]
TCP1,COPI [Turqouise Down]
TES,COPI [Turqouise Down]
TGFBRAP1,COPI [Turqouise Down]
THOC1,COPI [Turqouise Down]
TMED2,COPI [Turqouise Down]
TMED4,COPI [Turqouise Down]
TMX1,COPI [Turqouise Down]
TNS3,COPI [Turqouise Down]
TOP1,COPI [Turqouise Down]
TPP1,COPI [Turqouise Down]
TRAPPC11,COPI [Turqouise Down]
TRAPPC12,COPI [Turqouise Down]
TRAPPC3,COPI [Turqouise Down]
TUBAL3,COPI [Turqouise Down]
TUBB2B,COPI [Turqouise Down]
TUBGCP3,COPI [Turqouise Down]
TYROBP,COPI [Turqouise Down]
U2AF1,COPI [Turqouise Down]
UPF1,COPI [Turqouise Down]
VAPA,COPI [Turqouise Down]
VDAC1,COPI [Turqouise Down]
VPS11,COPI [Turqouise Down]
VPS45,COPI [Turqouise Down]
WASF2,COPI [Turqouise Down]
WASHC5,COPI [Turqouise Down]
WDR82,COPI [Turqouise Down]
XPO1,COPI [Turqouise Down]
XPO5,COPI [Turqouise Down]
ZC3H11A,COPI [Turqouise Down]
ZNF326,COPI [Turqouise Down]
ZWILCH,COPI [Turqouise Down]
KIAA1524,MAPKKK regulatory [Blue Down]
TNPO1,MAPKKK regulatory [Blue Down]
DIAPH2,MAPKKK regulatory [Blue Down]
PTPRE,MAPKKK regulatory [Blue Down]
MOB3A,MAPKKK regulatory [Blue Down]
TPD52,MAPKKK regulatory [Blue Down]
YKT6,MAPKKK regulatory [Blue Down]
GSDMD,MAPKKK regulatory [Blue Down]
MYO1F,MAPKKK regulatory [Blue Down]
AP3S1,MAPKKK regulatory [Blue Down]
C1QBP,MAPKKK regulatory [Blue Down]
METAP1,MAPKKK regulatory [Blue Down]
PRKAG1,MAPKKK regulatory [Blue Down]
STAT3,MAPKKK regulatory [Blue Down]
SDCBP,MAPKKK regulatory [Blue Down]
VPS16,MAPKKK regulatory [Blue Down]
PDLIM5,MAPKKK regulatory [Blue Down]
CAPNS1,MAPKKK regulatory [Blue Down]
PARVA,MAPKKK regulatory [Blue Down]
BAX,MAPKKK regulatory [Blue Down]
IQGAP3,MAPKKK regulatory [Blue Down]
GOLPH3,MAPKKK regulatory [Blue Down]
LPXN,MAPKKK regulatory [Blue Down]
PHAX,MAPKKK regulatory [Blue Down]
PTK2B,MAPKKK regulatory [Blue Down]
IPO4,MAPKKK regulatory [Blue Down]
PFKP,MAPKKK regulatory [Blue Down]
ARRB1,MAPKKK regulatory [Blue Down]
SHMT2,MAPKKK regulatory [Blue Down]
ILK,MAPKKK regulatory [Blue Down]
ARHGAP27,MAPKKK regulatory [Blue Down]
UNC45A,MAPKKK regulatory [Blue Down]
PARVG,MAPKKK regulatory [Blue Down]
ANKRD28,MAPKKK regulatory [Blue Down]
KCMF1,MAPKKK regulatory [Blue Down]
ARMC8,MAPKKK regulatory [Blue Down]
NECAP2,MAPKKK regulatory [Blue Down]
DYNC1H1,MAPKKK regulatory [Blue Down]
VPS28,MAPKKK regulatory [Blue Down]
SKIV2L,MAPKKK regulatory [Blue Down]
MSN,MAPKKK regulatory [Blue Down]
STAT2,MAPKKK regulatory [Blue Down]
UBR4,MAPKKK regulatory [Blue Down]
CCDC88A,MAPKKK regulatory [Blue Down]
DDX46,MAPKKK regulatory [Blue Down]
CCAR2,MAPKKK regulatory [Blue Down]
RTCA,MAPKKK regulatory [Blue Down]
RAB6A,MAPKKK regulatory [Blue Down]
PRKAR2A,MAPKKK regulatory [Blue Down]
CTTNBP2NL,MAPKKK regulatory [Blue Down]
MRPL46,MAPKKK regulatory [Blue Down]
MYL6,MAPKKK regulatory [Blue Down]
ANKS1A,MAPKKK regulatory [Blue Down]
H3F3A,MAPKKK regulatory [Blue Down]
APPL1,MAPKKK regulatory [Blue Down]
SNAP29,MAPKKK regulatory [Blue Down]
ARRB2,MAPKKK regulatory [Blue Down]
AIMP2,Proteasome C/D [Brown Down]
CEP170,Proteasome C/D [Brown Down]
EEF1G,Proteasome C/D [Brown Down]
EIF2B4,Proteasome C/D [Brown Down]
EIF3B,Proteasome C/D [Brown Down]
EIF3G,Proteasome C/D [Brown Down]
EIF3I,Proteasome C/D [Brown Down]
EML3,Proteasome C/D [Brown Down]
EPRS,Proteasome C/D [Brown Down]
FASN,Proteasome C/D [Brown Down]
HDAC6,Proteasome C/D [Brown Down]
HSP90AB2P,Proteasome C/D [Brown Down]
LARS,Proteasome C/D [Brown Down]
PDCD10,Proteasome C/D [Brown Down]
PSMC1,Proteasome C/D [Brown Down]
PSMC2,Proteasome C/D [Brown Down]
PSMD11,Proteasome C/D [Brown Down]
PSMD12,Proteasome C/D [Brown Down]
PSMD13,Proteasome C/D [Brown Down]
PSMD14,Proteasome C/D [Brown Down]
PSMD2,Proteasome C/D [Brown Down]
PSMD4,Proteasome C/D [Brown Down]
PSMD7,Proteasome C/D [Brown Down]
SND1,Proteasome C/D [Brown Down]
SNRPA,Proteasome C/D [Brown Down]
SNRPA1,Proteasome C/D [Brown Down]
SNRPG,Proteasome C/D [Brown Down]
SPTAN1,Proteasome C/D [Brown Down]
STK24,Proteasome C/D [Brown Down]
TMOD3,Proteasome C/D [Brown Down]
TPP2,Proteasome C/D [Brown Down]
ZC3H14,Proteasome C/D [Brown Down]
YPEL5,ribosomal [Yellow Down]
MYL1,ribosomal [Yellow Down]
RANGAP1,ribosomal [Yellow Down]
DERA,ribosomal [Yellow Down]
RPS17,ribosomal [Yellow Down]
CAPZA2,ribosomal [Yellow Down]
STRAP,ribosomal [Yellow Down]
DYNLRB1,ribosomal [Yellow Down]
WNK1,ribosomal [Yellow Down]
APOBR,ribosomal [Yellow Down]
HNRNPD,ribosomal [Yellow Down]
SNRPN,ribosomal [Yellow Down]
ELOC,ribosomal [Yellow Down]
PATL1,ribosomal [Yellow Down]
COX5B,ribosomal [Yellow Down]
HDLBP,ribosomal [Yellow Down]
RPS29,ribosomal [Yellow Down]
DYNC1LI1,ribosomal [Yellow Down]
SF3B5,ribosomal [Yellow Down]
RPS18,ribosomal [Yellow Down]
RPS5,ribosomal [Yellow Down]
RPS25,ribosomal [Yellow Down]
RPS20,ribosomal [Yellow Down]
RPS16,ribosomal [Yellow Down]
RPS10,ribosomal [Yellow Down]
GTF2I,ribosomal [Yellow Down]
PPP2R1A,ribosomal [Yellow Down]
RPS15,ribosomal [Yellow Down]
EIF3F,ribosomal [Yellow Down]
RPS28,ribosomal [Yellow Down]
TTC1,ribosomal [Yellow Down]
PSMC6,immunoproteasome [Green Down]
PSMC3,immunoproteasome [Green Down]
MRPL24,immunoproteasome [Green Down]
LRRFIP1,immunoproteasome [Green Down]
EIF3E,immunoproteasome [Green Down]
UCHL5,immunoproteasome [Green Down]
STRN,immunoproteasome [Green Down]
HECTD3,immunoproteasome [Green Down]
DCTN5,immunoproteasome [Green Down]
CAPZA1,immunoproteasome [Green Down]
MTA1,immunoproteasome [Green Down]
GLUL,immunoproteasome [Green Down]
P3H1,immunoproteasome [Green Down]
PSME2,immunoproteasome [Green Down]
PSME1,immunoproteasome [Green Down]
FLNB,immunoproteasome [Green Down]
DCP1A,immunoproteasome [Green Down]
MAP4,immunoproteasome [Green Down]
HTATSF1,immunoproteasome [Green Down]
TWF2,immunoproteasome [Green Down]
PURB,immunoproteasome [Green Down]
WASHC2C,immunoproteasome [Green Down]
YWHAB,immunoproteasome [Green Down]
PPIB,immunoproteasome [Green Down]
RABEP1,immunoproteasome [Green Down]
RABEP2,immunoproteasome [Green Down]
ACTG1,mitochondrial proteasome [Red Down]
AQR,mitochondrial proteasome [Red Down]
COG4,mitochondrial proteasome [Red Down]
DNAJB11,mitochondrial proteasome [Red Down]
FAM98A,mitochondrial proteasome [Red Down]
GRWD1,mitochondrial proteasome [Red Down]
GSK3B,mitochondrial proteasome [Red Down]
KPNA1,mitochondrial proteasome [Red Down]
MRPL15,mitochondrial proteasome [Red Down]
MRPL21,mitochondrial proteasome [Red Down]
MRPL39,mitochondrial proteasome [Red Down]
PLP2,mitochondrial proteasome [Red Down]
PPP2R5A,mitochondrial proteasome [Red Down]
RPL11,mitochondrial proteasome [Red Down]
RPL14,mitochondrial proteasome [Red Down]
RPL35A,mitochondrial proteasome [Red Down]
UBA52,mitochondrial proteasome [Red Down]
