Uniprot,Protein,FASTA header,Gene,AA,site,veh - unstim - rep1,veh - LPS - rep1,PJ34 - unstim - rep1,PJ34 - LPS - rep1,veh - unstim - rep2,veh - LPS - rep2,PJ34 - unstim - rep2,PJ34 - LPS - rep2,
Q8TBZ2,MYBPP,MYCBP-associated protein,MYCBPAP,S,320,Y,Y,,,Y,Y,,,
P82970,HMGN5,High mobility group nucleosome-binding domain-containing protein 5,HMGN5,T,31,,,,Y,Y,Y,Y,,
Q4AC99,1A1L2,Probable inactive 1-aminocyclopropane-1-carboxylate synthase-like protein 2,ACCSL,S,2,,,,,Y,Y,Y,,
Q8IVC4,ZN584,Zinc finger protein 584,ZNF584,T,191,,,,,Y,Y,Y,,
Q7Z460,CLAP1,CLIP-associating protein 1,CLASP1,S,158,,,,,Y,Y,Y,,
Q4AC99,1A1L2,Probable inactive 1-aminocyclopropane-1-carboxylate synthase-like protein 2,ACCSL,S,5,,,,,Y,Y,Y,,
Q4AC99,1A1L2,Probable inactive 1-aminocyclopropane-1-carboxylate synthase-like protein 2,ACCSL,T,7,,,,,Y,Y,Y,,
Q99909,SSX3,Protein SSX3,SSX3,T,100,,,Y,,Y,Y,Y,,
Q8WWQ0,PHIP,PH-interacting protein,PHIP,T,1498,,,,,Y,Y,,,
Q8WWQ0,PHIP,PH-interacting protein,PHIP,T,1506,,,,,Y,Y,,,
P09417,DHPR,Dihydropteridine reductase,QDPR,T,233,,,,,Y,Y,,,
O75631,UPK3A,Uroplakin-3a,UPK3A,T,56,,,,,Y,Y,,,
O75631,UPK3A,Uroplakin-3a,UPK3A,T,58,,,,,Y,Y,,,
Q9UMS6,SYNP2,Synaptopodin-2,SYNPO2,S,212,Y,,,Y,,Y,,,
Q8WZ42,TITIN,Titin,TTN,S,12631,,,,,,Y,Y,,
Q8WZ42,TITIN,Titin,TTN,S,12635,,,,,,Y,Y,,
Q7Z460,CLAP1,CLIP-associating protein 1,CLASP1,T,164,,,,,,Y,Y,,
Q12967,GNDS,Ral guanine nucleotide dissociation stimulator,RALGDS,T,115,,,Y,,,Y,,,
Q92974,ARHG2,Rho guanine nucleotide exchange factor 2,ARHGEF2,T,679,,,,,,Y,,,
O00515,LAD1,Ladinin-1,LAD1,S,369,,,,,,Y,,,
O00515,LAD1,Ladinin-1,LAD1,S,370,,,,,,Y,,,
P23528,COF1,Cofilin-1,CFL1,S,3,,,,,,Y,,,
Q8TD16,BICD2,Protein bicaudal D homolog 2,BICD2,T,246,,,,,,Y,,,
Q8TD16,BICD2,Protein bicaudal D homolog 2,BICD2,T,249,,,,,,Y,,,
Q14592,ZN460,Zinc finger protein 460,ZNF460,S,433,,,,,,Y,,,
Q14592,ZN460,Zinc finger protein 460,ZNF460,T,436,,,,,,Y,,,
Q14183,DOC2A,Double C2-like domain-containing protein alpha,DOC2A,S,226,,,,,,Y,,,
Q14183,DOC2A,Double C2-like domain-containing protein alpha,DOC2A,S,233,,,,,,Y,,,
P46100,ATRX,Transcriptional regulator ATRX,ATRX,S,827,,,,,,Y,,,
Q5VXU9,SHOC1,Protein shortage in chiasmata 1 ortholog,SHOC1,S,76,,,,,,Y,,,
Q96NG3,TTC25,Tetratricopeptide repeat protein 25,TTC25,S,360,,,,,,Y,,,
P59020,DSCR9,Down syndrome critical region protein 9,DSCR9,T,58,,,,,,Y,,,
Q6ZT21,TMPPE,Transmembrane protein with metallophosphoesterase domain,TMPPE,S,155,,,,,,Y,,,
P16066,ANPRA,Atrial natriuretic peptide receptor 1,NPR1,S,818,,,,,,Y,,,
Q8N8K9,K1958,Uncharacterized protein KIAA1958,KIAA1958,S,477,,,,,,Y,,,
Q8N8K9,K1958,Uncharacterized protein KIAA1958,KIAA1958,T,476,,,,,,Y,,,
Q9NUB1,ACS2L,"Acetyl-coenzyme A synthetase 2-like, mitochondrial",ACSS1,T,389,,,,,,Y,,,
Q13469,NFAC2,"Nuclear factor of activated T-cells, cytoplasmic 2",NFATC2,S,107,,,,,,Y,,,
Q9H2R5,KLK15,Kallikrein-15,KLK15,S,13,,,,,,Y,,,
Q9H2R5,KLK15,Kallikrein-15,KLK15,T,14,,,,,,Y,,,
Q9P1A2,PP4RL,Putative serine/threonine-protein phosphatase 4 regulatory subunit 1-like,PPP4R1L,S,232,,,,,,Y,,,
Q9P1A2,PP4RL,Putative serine/threonine-protein phosphatase 4 regulatory subunit 1-like,PPP4R1L,S,233,,,,,,Y,,,
Q9P1A2,PP4RL,Putative serine/threonine-protein phosphatase 4 regulatory subunit 1-like,PPP4R1L,S,234,,,,,,Y,,,
Q9P1A2,PP4RL,Putative serine/threonine-protein phosphatase 4 regulatory subunit 1-like,PPP4R1L,T,227,,,,,,Y,,,
O14607,UTY,Histone demethylase UTY,UTY,S,385,,,,,,Y,,,
O15069,NACAD,NAC-alpha domain-containing protein 1,NACAD,S,1148,,,,,,Y,,,
O15069,NACAD,NAC-alpha domain-containing protein 1,NACAD,S,1155,,,,,,Y,,,
O15069,NACAD,NAC-alpha domain-containing protein 1,NACAD,S,1156,,,,,,Y,,,
O15069,NACAD,NAC-alpha domain-containing protein 1,NACAD,S,1161,,,,,,Y,,,
O15069,NACAD,NAC-alpha domain-containing protein 1,NACAD,S,1162,,,,,,Y,,,
O15069,NACAD,NAC-alpha domain-containing protein 1,NACAD,T,1145,,,,,,Y,,,
Q8WXA3,RUFY2,RUN and FYVE domain-containing protein 2,RUFY2,S,233,,,,,,Y,,,
Q8NEZ4,KMT2C,Histone-lysine N-methyltransferase 2C,KMT2C,S,3531,,,,,,Y,,,
P13639,EF2,Elongation factor 2,EEF2,S,33,,,,,,Y,,,
P13639,EF2,Elongation factor 2,EEF2,S,48,,,,,,Y,,,
P13639,EF2,Elongation factor 2,EEF2,T,34,,,,,,Y,,,
P13639,EF2,Elongation factor 2,EEF2,T,36,,,,,,Y,,,
Q9UKJ1,PILRA,Paired immunoglobulin-like type 2 receptor alpha,PILRA,T,232,,,,,,Y,,,
O60641,AP180,Clathrin coat assembly protein AP180,SNAP91,T,158,,,,,,Y,,,
Q7Z7F7,RM55,"39S ribosomal protein L55, mitochondrial",MRPL55,S,6,,,,Y,,Y,,,
A8MUU9,YV023,Putative uncharacterized protein ENSP00000383309,ENSP00000383309,T,211,,,,,,Y,,,
A8MUU9,YV023,Putative uncharacterized protein ENSP00000383309,ENSP00000383309,T,213,,,,,,Y,,,
P58005,SESN3,Sestrin-3,SESN3,T,439,,,,,,Y,,,
P58005,SESN3,Sestrin-3,SESN3,T,441,,,,,,Y,,,
Q96BI1,S22AI,Solute carrier family 22 member 18,SLC22A18,S,358,,,,,,Y,,,
Q96BI1,S22AI,Solute carrier family 22 member 18,SLC22A18,S,360,,,,,,Y,,,
Q96BI1,S22AI,Solute carrier family 22 member 18,SLC22A18,T,359,,,,,,Y,,,
O14513,NCKP5,Nck-associated protein 5,NCKAP5,S,273,,,,,,Y,,,
O43240,KLK10,Kallikrein-10,KLK10,T,112,,,,,,Y,,,
O43240,KLK10,Kallikrein-10,KLK10,T,113,,,,,,Y,,,
Q53EL6,PDCD4,Programmed cell death protein 4,PDCD4,S,49,,,,,Y,,Y,,
O43184,ADA12,Disintegrin and metalloproteinase domain-containing protein 12,ADAM12,T,740,,,Y,Y,Y,,,,
Q99435,NELL2,Protein kinase C-binding protein NELL2,NELL2,S,252,,,,,Y,,,,
Q99435,NELL2,Protein kinase C-binding protein NELL2,NELL2,T,251,,,,,Y,,,,
P57103,NAC3,Sodium/calcium exchanger 3,SLC8A3,T,687,,,,Y,Y,,,,
Q96MP5,ZSWM3,Zinc finger SWIM domain-containing protein 3,ZSWIM3,S,463,,,,,Y,,,,
Q9UL58,ZN215,Zinc finger protein 215,ZNF215,S,5,,,,,Y,,,,
O75071,EFC14,EF-hand calcium-binding domain-containing protein 14,EFCAB14,S,362,,,,,Y,,,,
O75071,EFC14,EF-hand calcium-binding domain-containing protein 14,EFCAB14,S,363,,,,,Y,,,,
Q8WWQ0,PHIP,PH-interacting protein,PHIP,S,1500,,,,,Y,,,,
Q8WWQ0,PHIP,PH-interacting protein,PHIP,S,1501,,,,,Y,,,,
Q8WWQ0,PHIP,PH-interacting protein,PHIP,S,1502,,,,,Y,,,,
A5PKW4,PSD1,PH and SEC7 domain-containing protein 1,PSD,S,284,,,,,Y,,,,
Q2LD37,K1109,Transmembrane protein KIAA1109,KIAA1109,S,2931,,,,,Y,,,,
Q2LD37,K1109,Transmembrane protein KIAA1109,KIAA1109,T,2932,,,,,Y,,,,
P10914,IRF1,Interferon regulatory factor 1,IRF1,T,116,,,,,Y,,,,
P37173,TGFR2,TGF-beta receptor type-2,TGFBR2,S,486,,,,,Y,,,,
Q8WTX9,ZDHC1,Probable palmitoyltransferase ZDHHC1,ZDHHC1,T,14,,,,,Y,,,,
O95393,BMP10,Bone morphogenetic protein 10,BMP10,T,97,,,,,Y,,,,
Q8IX94,CTGE4,cTAGE family member 4,CTAGE4,T,388;388;388;388,,,,,Y,,,,
Q14642,I5P1,"Type I inositol 1,4,5-trisphosphate 5-phosphatase",INPP5A,T,143,,,,,Y,,,,
Q96M66,YP010,Putative uncharacterized protein FLJ32790,FLJ32790,T,66,,,,,Y,,,,
Q7Z460,CLAP1,CLIP-associating protein 1,CLASP1,T,162,,,,,Y,,,,
P0CF97,F200B,Protein FAM200B,FAM200B,T,466,,,,,Y,,,,
Q8NFJ8,BHE22,Class E basic helix-loop-helix protein 22,BHLHE22,S,368,,,,,Y,,,,
Q8NFJ8,BHE22,Class E basic helix-loop-helix protein 22,BHLHE22,S,371,,,,,Y,,,,
Q8NFJ8,BHE22,Class E basic helix-loop-helix protein 22,BHLHE22,S,372,,,,,Y,,,,
Q8NFJ8,BHE22,Class E basic helix-loop-helix protein 22,BHLHE22,T,378,,,,,Y,,,,
Q16831,UPP1,Uridine phosphorylase 1,UPP1,S,61,,,,,Y,,,,
Q16831,UPP1,Uridine phosphorylase 1,UPP1,S,63,,,,,Y,,,,
Q02224,CENPE,Centromere-associated protein E,CENPE,T,1492,Y,Y,Y,Y,,,,,
O75462,CRLF1,Cytokine receptor-like factor 1,CRLF1,S,398,Y,Y,Y,,,,,,
O75462,CRLF1,Cytokine receptor-like factor 1,CRLF1,T,401,Y,Y,Y,,,,,,
Q8TDB6,DTX3L,E3 ubiquitin-protein ligase DTX3L,DTX3L,S,9,Y,Y,,Y,,,,,
Q08378,GOGA3,Golgin subfamily A member 3,GOLGA3,S,983,Y,Y,Y,Y,,,,,
Q6UVM3,KCNT2,Potassium channel subfamily T member 2,KCNT2,T,793,Y,Y,,,,,,,
P27816,MAP4,Microtubule-associated protein 4,MAP4,S,1037,Y,Y,Y,Y,,,,,
Q8TBZ2,MYBPP,MYCBP-associated protein,MYCBPAP,T,324,Y,Y,,,,,,,
Q8TE77,SSH3,Protein phosphatase Slingshot homolog 3,SSH3,S,286,Y,Y,,Y,,,,,
Q8TE77,SSH3,Protein phosphatase Slingshot homolog 3,SSH3,S,293,Y,Y,,Y,,,,,
Q8TAF3,WDR48,WD repeat-containing protein 48,WDR48,T,279,Y,Y,,,,,,,
Q9UJX6,ANC2,Anaphase-promoting complex subunit 2,ANAPC2,S,697,,Y,Y,,,,,,
Q16720,AT2B3,Plasma membrane calcium-transporting ATPase 3,ATP2B3,T,711,,Y,,,,,,,
Q6ZU67,BEND4,BEN domain-containing protein 4,BEND4,S,13,,Y,Y,,,,,,
Q8NFC6,BD1L1,Biorientation of chromosomes in cell division protein 1-like 1,BOD1L1,S,635,,Y,,,,,,,
Q8NFC6,BD1L1,Biorientation of chromosomes in cell division protein 1-like 1,BOD1L1,S,637,,Y,,,,,,,
Q5VV42,CDKAL,Threonylcarbamoyladenosine tRNA methylthiotransferase,CDKAL1,S,421,,Y,,,,,,,
Q5VV42,CDKAL,Threonylcarbamoyladenosine tRNA methylthiotransferase,CDKAL1,T,417,,Y,,,,,,,
Q86X95,CIR1,Corepressor interacting with RBPJ 1,CIR1,S,33,,Y,Y,,,,,,
Q8NFW1,COMA1,Collagen alpha-1(XXII) chain,COL22A1,S,128,,Y,,,,,,,
Q8NFW1,COMA1,Collagen alpha-1(XXII) chain,COL22A1,T,125,,Y,,,,,,,
P05997,CO5A2,Collagen alpha-2(V) chain,COL5A2,T,1295,,Y,,,,,,,
Q9UI17,M2GD,"Dimethylglycine dehydrogenase, mitochondrial",DMGDH,S,472,,Y,,,,,,,
Q9UI17,M2GD,"Dimethylglycine dehydrogenase, mitochondrial",DMGDH,T,468,,Y,,,,,,,
Q14204,DYHC1,Cytoplasmic dynein 1 heavy chain 1,DYNC1H1,S,4603,,Y,Y,Y,,,,,
Q14204,DYHC1,Cytoplasmic dynein 1 heavy chain 1,DYNC1H1,T,4606,,Y,,Y,,,,,
Q14204,DYHC1,Cytoplasmic dynein 1 heavy chain 1,DYNC1H1,T,4614,,Y,Y,Y,,,,,
Q9P035,HACD3,Very-long-chain (3R)-3-hydroxyacyl-CoA dehydratase 3,HACD3,S,114,,Y,,,,,,,
P20700,LMNB1,Lamin-B1,LMNB1,S,401,,Y,,,,,,,
P20700,LMNB1,Lamin-B1,LMNB1,S,404,,Y,,,,,,,
P20700,LMNB1,Lamin-B1,LMNB1,S,405,,Y,,,,,,,
P20700,LMNB1,Lamin-B1,LMNB1,S,406,,Y,,,,,,,
Q9NYL2,M3K20,Mitogen-activated protein kinase kinase kinase 20,MAP3K20,S,635,,Y,,,,,,,
Q9NYL2,M3K20,Mitogen-activated protein kinase kinase kinase 20,MAP3K20,S,636,,Y,,,,,,,
Q9NYL2,M3K20,Mitogen-activated protein kinase kinase kinase 20,MAP3K20,S,637,,Y,,,,,,,
P23508,CRCM,Colorectal mutant cancer protein,MCC,S,820,,Y,,,,,,,
Q9BYD3,RM04,"39S ribosomal protein L4, mitochondrial",MRPL4,T,179,,Y,,,,,,,
Q00872,MYPC1,"Myosin-binding protein C, slow-type",MYBPC1,S,890,,Y,,,,,,,
Q00872,MYPC1,"Myosin-binding protein C, slow-type",MYBPC1,T,892,,Y,,,,,,,
P30414,NKTR,NK-tumor recognition protein,NKTR,S,660,,Y,,,,,,,
P30414,NKTR,NK-tumor recognition protein,NKTR,S,662,,Y,,,,,,,
P30414,NKTR,NK-tumor recognition protein,NKTR,S,663,,Y,,,,,,,
P20594,ANPRB,Atrial natriuretic peptide receptor 2,NPR2,S,942,,Y,,,,,,,
P41143,OPRD,Delta-type opioid receptor,OPRD1,S,255,,Y,,,,,,,
P41143,OPRD,Delta-type opioid receptor,OPRD1,T,260,,Y,,,,,,,
O75417,DPOLQ,DNA polymerase theta,POLQ,S,492,,Y,,,,,,,
O75417,DPOLQ,DNA polymerase theta,POLQ,T,488,,Y,,,,,,,
Q06190,P2R3A,Serine/threonine-protein phosphatase 2A regulatory subunit B'' subunit alpha,PPP2R3A,S,558,,Y,Y,,,,,,
Q06190,P2R3A,Serine/threonine-protein phosphatase 2A regulatory subunit B'' subunit alpha,PPP2R3A,S,561,,Y,Y,,,,,,
Q06190,P2R3A,Serine/threonine-protein phosphatase 2A regulatory subunit B'' subunit alpha,PPP2R3A,S,562,,Y,Y,,,,,,
Q06190,P2R3A,Serine/threonine-protein phosphatase 2A regulatory subunit B'' subunit alpha,PPP2R3A,S,570,,Y,Y,,,,,,
P23468,PTPRD,Receptor-type tyrosine-protein phosphatase delta,PTPRD,T,1455,,Y,,,,,,,
Q3YEC7,RABL6,Rab-like protein 6,RABL6,S,535,,Y,Y,,,,,,
Q9H6T3,RPAP3,RNA polymerase II-associated protein 3,RPAP3,S,649,,Y,Y,,,,,,
Q9H6T3,RPAP3,RNA polymerase II-associated protein 3,RPAP3,S,654,,Y,Y,,,,,,
Q9H6T3,RPAP3,RNA polymerase II-associated protein 3,RPAP3,S,655,,Y,Y,,,,,,
Q5VT52,RPRD2,Regulation of nuclear pre-mRNA domain-containing protein 2,RPRD2,S,396,,Y,,,,,,,
Q5VT52,RPRD2,Regulation of nuclear pre-mRNA domain-containing protein 2,RPRD2,S,399,,Y,,,,,,,
Q5VT52,RPRD2,Regulation of nuclear pre-mRNA domain-containing protein 2,RPRD2,S,401,,Y,,,,,,,
Q5VT52,RPRD2,Regulation of nuclear pre-mRNA domain-containing protein 2,RPRD2,T,400,,Y,,,,,,,
O60721,NCKX1,Sodium/potassium/calcium exchanger 1,SLC24A1,S,898,,Y,,,,,,,
O60721,NCKX1,Sodium/potassium/calcium exchanger 1,SLC24A1,T,904,,Y,,,,,,,
Q9NTJ3,SMC4,Structural maintenance of chromosomes protein 4,SMC4,S,511,,Y,,,,,,,
O95759,TBCD8,TBC1 domain family member 8,TBC1D8,T,42,,Y,,,,,,,
Q9P273,TEN3,Teneurin-3,TENM3,T,2365,,Y,,Y,,,,,
Q9P273,TEN3,Teneurin-3,TENM3,T,2366,,Y,,Y,,,,,
Q6ZMP0,THSD4,Thrombospondin type-1 domain-containing protein 4,THSD4,T,151,,Y,,,,,,,
Q6PL24,TMED8,Protein TMED8,TMED8,S,173,,Y,,,,,,,
Q02880,TOP2B,DNA topoisomerase 2-beta,TOP2B,S,223,,Y,,,,,,,
Q02880,TOP2B,DNA topoisomerase 2-beta,TOP2B,T,222,,Y,,,,,,,
Q9H2D6,TARA,TRIO and F-actin-binding protein,TRIOBP,S,2053,,Y,,,,,,,
Q9H2D6,TARA,TRIO and F-actin-binding protein,TRIOBP,T,2047,,Y,,,,,,,
Q9NZQ8,TRPM5,Transient receptor potential cation channel subfamily M member 5,TRPM5,S,127,,Y,,,,,,,
Q9NZQ8,TRPM5,Transient receptor potential cation channel subfamily M member 5,TRPM5,T,128,,Y,,,,,,,
Q8N3P4,VPS8,Vacuolar protein sorting-associated protein 8 homolog,VPS8,S,1095,,Y,,,,,,,
P52744,ZN138,Zinc finger protein 138,ZNF138,S,118,,Y,,,,,,,
P52744,ZN138,Zinc finger protein 138,ZNF138,T,126,,Y,,,,,,,
Q96NG8,ZN582,Zinc finger protein 582,ZNF582,S,408,,Y,,,,,,,
Q01433,AMPD2,AMP deaminase 2,AMPD2,T,784,Y,,,,,,,,
P30049,ATPD,"ATP synthase subunit delta, mitochondrial",ATP5F1D,T,144,Y,,Y,Y,,,,,
P30049,ATPD,"ATP synthase subunit delta, mitochondrial",ATP5F1D,T,149,Y,,Y,Y,,,,,
Q06055,AT5G2,"ATP synthase F(0) complex subunit C2, mitochondrial",ATP5MC2,S,9,Y,,,,,,,,
Q14008,CKAP5,Cytoskeleton-associated protein 5,CKAP5,S,153,Y,,,Y,,,,,
Q14008,CKAP5,Cytoskeleton-associated protein 5,CKAP5,S,157,Y,,,Y,,,,,
P09543,CN37,"2',3'-cyclic-nucleotide 3'-phosphodiesterase",CNP,S,22,Y,,Y,Y,,,,,
P09543,CN37,"2',3'-cyclic-nucleotide 3'-phosphodiesterase",CNP,S,23,Y,,Y,Y,,,,,
P09543,CN37,"2',3'-cyclic-nucleotide 3'-phosphodiesterase",CNP,S,24,Y,,Y,Y,,,,,
Q8NCQ2,CNAS1,Uncharacterized protein CSNK1G2-AS1,CSNK1G2-AS1,S,90,Y,,,,,,,,
Q8NCQ2,CNAS1,Uncharacterized protein CSNK1G2-AS1,CSNK1G2-AS1,S,92,Y,,,,,,,,
Q8NCQ2,CNAS1,Uncharacterized protein CSNK1G2-AS1,CSNK1G2-AS1,S,95,Y,,,,,,,,
Q8NCQ2,CNAS1,Uncharacterized protein CSNK1G2-AS1,CSNK1G2-AS1,T,89,Y,,,,,,,,
P26358,DNMT1,DNA (cytosine-5)-methyltransferase 1,DNMT1,S,895,Y,,,,,,,,
Q96N67,DOCK7,Dedicator of cytokinesis protein 7,DOCK7,T,1841,Y,,,,,,,,
P68104,EF1A1,Elongation factor 1-alpha 1,EEF1A1,T,6;6;6,Y,,Y,,,,,,
Q8NA70,FA47B,Protein FAM47B,FAM47B,S,563;710;953,Y,,Y,Y,,,,,
Q9NZI5,GRHL1,Grainyhead-like protein 1 homolog,GRHL1,S,302,Y,,,,,,,,
P28161,GSTM2,Glutathione S-transferase Mu 2,GSTM2,T,67,Y,,,Y,,,,,
Q9UN81,LORF1,LINE-1 retrotransposable element ORF1 protein,L1RE1,T,222,Y,,,,,,,,
Q9H1L0,MI1HG,Uncharacterized protein MIR1-1HG,MIR1-1HG,S,42,Y,,,Y,,,,,
Q9H1L0,MI1HG,Uncharacterized protein MIR1-1HG,MIR1-1HG,S,46,Y,,,Y,,,,,
Q9Y217,MTMR6,Myotubularin-related protein 6,MTMR6,T,6,Y,,,,,,,,
Q9Y217,MTMR6,Myotubularin-related protein 6,MTMR6,T,7,Y,,,,,,,,
Q6ZNB6,NFXL1,NF-X1-type zinc finger protein NFXL1,NFXL1,T,286,Y,,,Y,,,,,
Q6ZNB6,NFXL1,NF-X1-type zinc finger protein NFXL1,NFXL1,T,287,Y,,Y,Y,,,,,
Q96P20,NLRP3,"NACHT, LRR and PYD domains-containing protein 3",NLRP3,T,349,Y,,,,,,,,
Q96P20,NLRP3,"NACHT, LRR and PYD domains-containing protein 3",NLRP3,T,350,Y,,,,,,,,
Q5VST9,OBSCN,Obscurin,OBSCN,S,77,Y,,,Y,,,,,
Q5VST9,OBSCN,Obscurin,OBSCN,T,68,Y,,,Y,,,,,
Q9Y6V0,PCLO,Protein piccolo,PCLO,S,785,Y,,,Y,,,,,
Q9Y6V0,PCLO,Protein piccolo,PCLO,S,832,Y,,,,,,,,
O95267,GRP1,RAS guanyl-releasing protein 1,RASGRP1,S,656,Y,,,,,,,,
O95267,GRP1,RAS guanyl-releasing protein 1,RASGRP1,T,649,Y,,,,,,,,
Q8NDX2,VGLU3,Vesicular glutamate transporter 3,SLC17A8,T,385,Y,,,,,,,,
Q8NDX2,VGLU3,Vesicular glutamate transporter 3,SLC17A8,T,386,Y,,,,,,,,
Q6Q759,SPG17,Sperm-associated antigen 17,SPAG17,S,610,Y,,,,,,,,
P11277,SPTB1,"Spectrin beta chain, erythrocytic",SPTB,S,671,Y,,,,,,,,
P11277,SPTB1,"Spectrin beta chain, erythrocytic",SPTB,T,670,Y,,,,,,,,
Q92750,TAF4B,Transcription initiation factor TFIID subunit 4B,TAF4B,T,822,Y,,,,,,,,
Q92750,TAF4B,Transcription initiation factor TFIID subunit 4B,TAF4B,T,824,Y,,,,,,,,
Q8IYT8,ULK2,Serine/threonine-protein kinase ULK2,ULK2,S,140,Y,,,,,,,,
O43915,VEGFD,Vascular endothelial growth factor D,VEGFD,S,230,Y,,,,,,,,
Q6UXI7,VITRN,Vitrin,VIT,T,364,Y,,,,,,,,
Q9NUD5,ZCHC3,Zinc finger CCHC domain-containing protein 3,ZCCHC3,T,3,Y,,,,,,,,
Q9UG01,IF172,Intraflagellar transport protein 172 homolog,IFT172,S,1545,,,,,,,,Y,
P51589,CP2J2,Cytochrome P450 2J2,CYP2J2,T,403,,,,,,,,Y,
Q86Y38,XYLT1,Xylosyltransferase 1,XYLT1,S,245,,,,,,,,Y,
Q9UPT6,JIP3,C-Jun-amino-terminal kinase-interacting protein 3,MAPK8IP3,S,770,,,,,,,,Y,
Q9UPT6,JIP3,C-Jun-amino-terminal kinase-interacting protein 3,MAPK8IP3,S,771,,,,,,,,Y,
P24387,CRHBP,Corticotropin-releasing factor-binding protein,CRHBP,T,73,,,,,,,,Y,
P60709,ACTB,"Actin, cytoplasmic 1",ACTB,S,14,,,,,,,Y,,
Q92772,CDKL2,Cyclin-dependent kinase-like 2,CDKL2,S,312,,,,,,,Y,,
Q92772,CDKL2,Cyclin-dependent kinase-like 2,CDKL2,S,314,,,,,,,Y,,
Q92772,CDKL2,Cyclin-dependent kinase-like 2,CDKL2,S,317,,,,,,,Y,,
Q9H8S9,MOB1A,MOB kinase activator 1A,MOB1A,S,146;146,,,,,,,Y,,
Q9H8S9,MOB1A,MOB kinase activator 1A,MOB1A,T,150;150,,,,,,,Y,,
O96013,PAK4,Serine/threonine-protein kinase PAK 4,PAK4,S,46,,,,,,,Y,,
Q15849,UT2,Urea transporter 2,SLC14A2,S,549,,,,,,,Y,,
O60309,L37A3,Leucine-rich repeat-containing protein 37A3,LRRC37A3,S,1519,,,,,,,Y,,
O60309,L37A3,Leucine-rich repeat-containing protein 37A3,LRRC37A3,T,1521,,,,,,,Y,,
Q9NYL2,M3K20,Mitogen-activated protein kinase kinase kinase 20,MAP3K20,S,302,,,,,,,Y,,
Q6ZMS4,ZN852,Zinc finger protein 852,ZNF852,S,281,,,,,,,Y,,
P60484,PTEN,"Phosphatidylinositol 3,4,5-trisphosphate 3-phosphatase and dual-specificity protein phosphatase PTEN",PTEN,T,131,,,,,,,Y,,
Q2VY69,ZN284,Zinc finger protein 284,ZNF284,T,493,,,,,,,Y,,
A4UGR9,XIRP2,Xin actin-binding repeat-containing protein 2,XIRP2,T,1735,,,,,,,Y,,
Q9NZJ4,SACS,Sacsin,SACS,S,2824,,,,,,,Y,,
Q9NZJ4,SACS,Sacsin,SACS,S,2827,,,,,,,Y,,
Q9NZJ4,SACS,Sacsin,SACS,S,2828,,,,,,,Y,,
Q9NZJ4,SACS,Sacsin,SACS,S,2838,,,,,,,Y,,
Q9HBG6,IF122,Intraflagellar transport protein 122 homolog,IFT122,S,701,,,,,,,Y,,
Q9HBG6,IF122,Intraflagellar transport protein 122 homolog,IFT122,T,690,,,,,,,Y,,
Q9ULV0,MYO5B,Unconventional myosin-Vb,MYO5B,S,696,,,,,,,Y,,
Q9ULV0,MYO5B,Unconventional myosin-Vb,MYO5B,T,686,,,,,,,Y,,
P15622,ZN250,Zinc finger protein 250,ZNF250,S,91,,,,,,,Y,,
Q96JB1,DYH8,"Dynein heavy chain 8, axonemal",DNAH8,T,2460,,,,,,,Y,,
Q13616,CUL1,Cullin-1,CUL1,S,414,,,,,,,Y,,
Q13616,CUL1,Cullin-1,CUL1,S,415,,,,,,,Y,,
Q13616,CUL1,Cullin-1,CUL1,S,416,,,,,,,Y,,
P11532,DMD,Dystrophin,DMD,S,3224,,,,,,,Y,,
P11532,DMD,Dystrophin,DMD,S,3225,,,,,,,Y,,
P11532,DMD,Dystrophin,DMD,T,3226,,,,,,,Y,,
Q8NEM8,CBPC3,Cytosolic carboxypeptidase 3,AGBL3,S,479,,,,Y,,,,,
Q02952,AKA12,A-kinase anchor protein 12,AKAP12,T,195,,,,Y,,,,,
Q02952,AKA12,A-kinase anchor protein 12,AKAP12,T,200,,,,Y,,,,,
Q8TCU4,ALMS1,Alstrom syndrome protein 1,ALMS1,S,4040,,,Y,,,,,,
O14727,APAF,Apoptotic protease-activating factor 1,APAF1,T,604,,,,Y,,,,,
P25054,APC,Adenomatous polyposis coli protein,APC,S,142,,,Y,,,,,,
Q9HDC9,APMAP,Adipocyte plasma membrane-associated protein,APMAP,T,131,,,,Y,,,,,
Q9NZN5,ARHGC,Rho guanine nucleotide exchange factor 12,ARHGEF12,T,932,,,Y,,,,,,
Q9NZN5,ARHGC,Rho guanine nucleotide exchange factor 12,ARHGEF12,T,938,,,Y,,,,,,
Q8TER5,ARH40,Rho guanine nucleotide exchange factor 40,ARHGEF40,S,589,,,Y,,,,,,
Q96NS5,ASB16,Ankyrin repeat and SOCS box protein 16,ASB16,T,109,,,,Y,,,,,
Q96NS5,ASB16,Ankyrin repeat and SOCS box protein 16,ASB16,T,112,,,,Y,,,,,
Q8N888,BCOR2,Putative BCoR-like protein 2,BCORP1,S,100,,,,Y,,,,,
Q9NR09,BIRC6,Baculoviral IAP repeat-containing protein 6,BIRC6,S,4519,,,Y,,,,,,
Q13895,BYST,Bystin,BYSL,T,146,,,,Y,,,,,
Q02224,CENPE,Centromere-associated protein E,CENPE,S,2135,,,,Y,,,,,
Q5T655,CFA58,Cilia- and flagella-associated protein 58,CFAP58,T,741,,,,Y,,,,,
O15247,CLIC2,Chloride intracellular channel protein 2,CLIC2,T,51,,,,Y,,,,,
O15528,CP27B,"25-hydroxyvitamin D-1 alpha hydroxylase, mitochondrial",CYP27B1,T,491,,,Y,,,,,,
O15528,CP27B,"25-hydroxyvitamin D-1 alpha hydroxylase, mitochondrial",CYP27B1,T,493,,,Y,,,,,,
Q3SXM0,DC4L1,DDB1- and CUL4-associated factor 4-like protein 1,DCAF4L1,S,166,,,,Y,,,,,
Q3SXM0,DC4L1,DDB1- and CUL4-associated factor 4-like protein 1,DCAF4L1,T,169,,,,Y,,,,,
O75140,DEPD5,GATOR complex protein DEPDC5,DEPDC5,S,68,,,Y,,,,,,
O75140,DEPD5,GATOR complex protein DEPDC5,DEPDC5,T,72,,,Y,,,,,,
O75140,DEPD5,GATOR complex protein DEPDC5,DEPDC5,T,74,,,Y,,,,,,
Q7L7V1,DHX32,Putative pre-mRNA-splicing factor ATP-dependent RNA helicase DHX32,DHX32,S,11,,,,Y,,,,,
Q7L7V1,DHX32,Putative pre-mRNA-splicing factor ATP-dependent RNA helicase DHX32,DHX32,S,12,,,,Y,,,,,
Q7L7V1,DHX32,Putative pre-mRNA-splicing factor ATP-dependent RNA helicase DHX32,DHX32,S,13,,,Y,,,,,,
A4FU69,EFCB5,EF-hand calcium-binding domain-containing protein 5,EFCAB5,S,258,,,Y,,,,,,
Q8NDI1,EHBP1,EH domain-binding protein 1,EHBP1,S,1007,,,Y,,,,,,
Q9P2K8,E2AK4,eIF-2-alpha kinase GCN2,EIF2AK4,S,327,,,Y,Y,,,,,
Q9P2K8,E2AK4,eIF-2-alpha kinase GCN2,EIF2AK4,T,326,,,Y,Y,,,,,
Q9H777,RNZ1,Zinc phosphodiesterase ELAC protein 1,ELAC1,S,315,,,,Y,,,,,
Q9H777,RNZ1,Zinc phosphodiesterase ELAC protein 1,ELAC1,T,312,,,,Y,,,,,
Q9Y2J2,E41L3,Band 4.1-like protein 3,EPB41L3,S,5,,,Y,,,,,,
Q9Y2J2,E41L3,Band 4.1-like protein 3,EPB41L3,T,3,,,Y,,,,,,
P28715,ERCC5,DNA repair protein complementing XP-G cells,ERCC5,T,1061,,,,Y,,,,,
P28715,ERCC5,DNA repair protein complementing XP-G cells,ERCC5,T,1063,,,,Y,,,,,
Q7L0X2,ERIP6,Glutamate-rich protein 6,ERICH6,S,372,,,,Y,,,,,
Q7L0X2,ERIP6,Glutamate-rich protein 6,ERICH6,T,365,,,,Y,,,,,
Q9UNN5,FAF1,FAS-associated factor 1,FAF1,T,625,,,Y,,,,,,
Q96CS3,FAF2,FAS-associated factor 2,FAF2,T,229,,,,Y,,,,,
A6NE01,F186A,Protein FAM186A,FAM186A,T,929,,,Y,,,,,,
Q8TDW7,FAT3,Protocadherin Fat 3,FAT3,S,3723,,,,Y,,,,,
Q92914,FGF11,Fibroblast growth factor 11,FGF11,S,7,,,Y,,,,,,
Q9HCT0,FGF22,Fibroblast growth factor 22,FGF22,S,106,,,,Y,,,,,
Q96QD9,UIF,UAP56-interacting factor,FYTTD1,S,33,,,Y,,,,,,
Q7Z4T8,GLTL5,Inactive polypeptide N-acetylgalactosaminyltransferase-like protein 5,GALNTL5,T,263,,,Y,,,,,,
Q92538,GBF1,Golgi-specific brefeldin A-resistance guanine nucleotide exchange factor 1,GBF1,T,1566,,,Y,,,,,,
Q8NEA9,GMCL2,Germ cell-less protein-like 2,GMCL2,S,3,,,Y,,,,,,
Q1KMD3,HNRL2,Heterogeneous nuclear ribonucleoprotein U-like protein 2,HNRNPUL2,S,13,,,Y,,,,,,
Q1KMD3,HNRL2,Heterogeneous nuclear ribonucleoprotein U-like protein 2,HNRNPUL2,T,9,,,Y,,,,,,
P34931,HS71L,Heat shock 70 kDa protein 1-like,HSPA1L,S,581,,,,Y,,,,,
Q8WWN9,ICEF1,Interactor protein for cytohesin exchange factors 1,IPCEF1,T,361;823,,,Y,,,,,,
Q8WWN9,ICEF1,Interactor protein for cytohesin exchange factors 1,IPCEF1,T,365;827,,,Y,,,,,,
Q13349,ITAD,Integrin alpha-D,ITGAD,S,269,,,Y,,,,,,
Q5JUK3,KCNT1,Potassium channel subfamily T member 1,KCNT1,T,973,,,,Y,,,,,
P29375,KDM5A,Lysine-specific demethylase 5A,KDM5A,S,1218,,,Y,,,,,,
Q6ZU52,K0408,Uncharacterized protein KIAA0408,KIAA0408,S,516,,,,Y,,,,,
Q6ZU52,K0408,Uncharacterized protein KIAA0408,KIAA0408,S,529,,,,Y,,,,,
Q6ZU52,K0408,Uncharacterized protein KIAA0408,KIAA0408,T,517,,,,Y,,,,,
Q2LD37,K1109,Transmembrane protein KIAA1109,KIAA1109,S,3827,,,,Y,,,,,
Q2LD37,K1109,Transmembrane protein KIAA1109,KIAA1109,S,3828,,,,Y,,,,,
Q2LD37,K1109,Transmembrane protein KIAA1109,KIAA1109,S,3830,,,,Y,,,,,
O60333,KIF1B,Kinesin-like protein KIF1B,KIF1B,T,823,,,Y,,,,,,
Q6KB66,K2C80,"Keratin, type II cytoskeletal 80",KRT80,T,382,,,,Y,,,,,
A6NIV6,LRIQ4,Leucine-rich repeat and IQ domain-containing protein 4,LRRIQ4,S,7,,,,Y,,,,,
P20794,MAK,Serine/threonine-protein kinase MAK,MAK,T,157,,,Y,,,,,,
Q96L34,MARK4,MAP/microtubule affinity-regulating kinase 4,MARK4,T,300,,,Y,,,,,,
O15232,MATN3,Matrilin-3,MATN3,T,387,,,,Y,,,,,
Q9H1L0,MI1HG,Uncharacterized protein MIR1-1HG,MIR1-1HG,T,48,,,,Y,,,,,
Q9H306,MMP27,Matrix metalloproteinase-27,MMP27,T,459,,,,Y,,,,,
P42285,MTREX,Exosome RNA helicase MTR4,MTREX,T,71,,,Y,,,,,,
Q9UKN1,MUC12,Mucin-12,MUC12,T,5171,,,Y,,,,,,
Q9UKX3,MYH13,Myosin-13,MYH13,S,1928,,,Y,,,,,,
Q5VTT5,MYOM3,Myomesin-3,MYOM3,S,329,,,Y,,,,,,
Q9UL68,MYT1L,Myelin transcription factor 1-like protein,MYT1L,S,1044,,,,Y,,,,,
Q8IVL1,NAV2,Neuron navigator 2,NAV2,S,12,,,,Y,,,,,
Q14596,NBR1,Next to BRCA1 gene 1 protein,NBR1,T,6,,,,Y,,,,,
Q9NQS3,NECT3,Nectin-3,NECTIN3,T,4,,,Y,,,,,,
P21359,NF1,Neurofibromin,NF1,S,2543,,,,Y,,,,,
P21359,NF1,Neurofibromin,NF1,S,2549,,,,Y,,,,,
Q96P26,5NT1B,Cytosolic 5'-nucleotidase 1B,NT5C1B,S,17,,,Y,,,,,,
Q96P26,5NT1B,Cytosolic 5'-nucleotidase 1B,NT5C1B,S,18,,,Y,,,,,,
Q8NFH3,NUP43,Nucleoporin Nup43,NUP43,S,344,,,,Y,,,,,
Q8NFH3,NUP43,Nucleoporin Nup43,NUP43,S,348,,,,Y,,,,,
Q8NFH3,NUP43,Nucleoporin Nup43,NUP43,T,343,,,,Y,,,,,
Q15612,OR1Q1,Olfactory receptor 1Q1,OR1Q1,T,133,,,Y,,,,,,
Q6ZRI0,OTOG,Otogelin,OTOG,S,2201,,,Y,,,,,,
Q9HBI1,PARVB,Beta-parvin,PARVB,S,7,,,,Y,,,,,
O95613,PCNT,Pericentrin,PCNT,S,780,,,Y,Y,,,,,
O95613,PCNT,Pericentrin,PCNT,T,784,,,Y,Y,,,,,
Q13371,PHLP,Phosducin-like protein,PDCL,T,2,,,Y,,,,,,
Q13371,PHLP,Phosducin-like protein,PDCL,T,3,,,Y,,,,,,
Q8NCN5,PDPR,"Pyruvate dehydrogenase phosphatase regulatory subunit, mitochondrial",PDPR,S,498,,,,Y,,,,,
Q9BVI0,PHF20,PHD finger protein 20,PHF20,S,516,,,,Y,,,,,
Q9BVI0,PHF20,PHD finger protein 20,PHF20,S,519,,,,Y,,,,,
Q9BVI0,PHF20,PHD finger protein 20,PHF20,T,522,,,,Y,,,,,
Q9ULM0,PKHH1,Pleckstrin homology domain-containing family H member 1,PLEKHH1,S,1115,,,Y,,,,,,
Q9ULM0,PKHH1,Pleckstrin homology domain-containing family H member 1,PLEKHH1,S,1118,,,Y,,,,,,
Q9ULM0,PKHH1,Pleckstrin homology domain-containing family H member 1,PLEKHH1,T,1117,,,Y,,,,,,
Q53GL0,PKHO1,Pleckstrin homology domain-containing family O member 1,PLEKHO1,T,247,,,,Y,,,,,
Q6ZV29,PLPL7,Patatin-like phospholipase domain-containing protein 7,PNPLA7,S,610,,,Y,,,,,,
Q7Z3K3,POGZ,Pogo transposable element with ZNF domain,POGZ,T,1082,,,Y,,,,,,
Q7Z3K3,POGZ,Pogo transposable element with ZNF domain,POGZ,T,1092,,,Y,,,,,,
Q969Q6,P2R3C,Serine/threonine-protein phosphatase 2A regulatory subunit B'' subunit gamma,PPP2R3C,T,235,,,,Y,,,,,
P23219,PGH1,Prostaglandin G/H synthase 1,PTGS1,T,220,,,Y,,,,,,
P18031,PTN1,Tyrosine-protein phosphatase non-receptor type 1,PTPN1,S,378,,,Y,,,,,,
P18031,PTN1,Tyrosine-protein phosphatase non-receptor type 1,PTPN1,S,386,,,Y,,,,,,
Q16849,PTPRN,Receptor-type tyrosine-protein phosphatase-like N,PTPRN,S,36,,,Y,,,,,,
Q9Y4C8,RBM19,Probable RNA-binding protein 19,RBM19,T,830,,,,Y,,,,,
Q9Y4C8,RBM19,Probable RNA-binding protein 19,RBM19,T,831,,,,Y,,,,,
Q13950,RUNX2,Runt-related transcription factor 2,RUNX2,S,378,,,,Y,,,,,
Q13950,RUNX2,Runt-related transcription factor 2,RUNX2,S,380,,,,Y,,,,,
Q8N488,RYBP,RING1 and YY1-binding protein,RYBP,S,8,,,,Y,,,,,
Q9UP95,S12A4,Solute carrier family 12 member 4,SLC12A4,T,1021,,,Y,,,,,,
Q4G0N8,SL9C1,Sodium/hydrogen exchanger 10,SLC9C1,T,573,,,Y,,,,,,
Q4G0N8,SL9C1,Sodium/hydrogen exchanger 10,SLC9C1,T,575,,,Y,,,,,,
A7XYQ1,SOBP,Sine oculis-binding protein homolog,SOBP,S,168,,,,Y,,,,,
Q9C0H9,SRCN1,SRC kinase signaling inhibitor 1,SRCIN1,T,821,,,Y,,,,,,
Q7Z6B7,SRGP1,SLIT-ROBO Rho GTPase-activating protein 1,SRGAP1,S,413,,,,Y,,,,,
Q7Z6B7,SRGP1,SLIT-ROBO Rho GTPase-activating protein 1,SRGAP1,S,416,,,,Y,,,,,
Q7Z6B7,SRGP1,SLIT-ROBO Rho GTPase-activating protein 1,SRGAP1,T,414,,,,Y,,,,,
Q8TE77,SSH3,Protein phosphatase Slingshot homolog 3,SSH3,T,292,,,,Y,,,,,
Q8N434,SVOPL,Putative transporter SVOPL,SVOPL,T,21,,,Y,,,,,,
Q13488,VPP3,V-type proton ATPase 116 kDa subunit a isoform 3,TCIRG1,T,64,,,Y,,,,,,
Q8NBL3,T178A,Transmembrane protein 178A,TMEM178A,S,70,,,,Y,,,,,
P19438,TNR1A,Tumor necrosis factor receptor superfamily member 1A,TNFRSF1A,S,103,,,Y,,,,,,
Q8N6T0,TO6BL,Type 2 DNA topoisomerase 6 subunit B-like,TOP6BL,S,451,,,,Y,,,,,
Q12931,TRAP1,"Heat shock protein 75 kDa, mitochondrial",TRAP1,T,249,,,Y,,,,,,
Q12931,TRAP1,"Heat shock protein 75 kDa, mitochondrial",TRAP1,T,251,,,Y,,,,,,
O75962,TRIO,Triple functional domain protein,TRIO,S,2886,,,,Y,,,,,
Q8NB66,UN13C,Protein unc-13 homolog C,UNC13C,T,1164,,,,Y,,,,,
Q8NB66,UN13C,Protein unc-13 homolog C,UNC13C,T,1166,,,,Y,,,,,
O75445,USH2A,Usherin,USH2A,T,1515,,,Y,,,,,,
O60763,USO1,General vesicular transport factor p115,USO1,S,751,,,,Y,,,,,
O60763,USO1,General vesicular transport factor p115,USO1,T,754,,,,Y,,,,,
P46939,UTRO,Utrophin,UTRN,T,1494,,,,Y,,,,,
Q5THJ4,VP13D,Vacuolar protein sorting-associated protein 13D,VPS13D,S,2120,,,Y,,,,,,
Q5THJ4,VP13D,Vacuolar protein sorting-associated protein 13D,VPS13D,S,2127,,,Y,,,,,,
Q5THJ4,VP13D,Vacuolar protein sorting-associated protein 13D,VPS13D,T,2126,,,Y,,,,,,
Q5THJ4,VP13D,Vacuolar protein sorting-associated protein 13D,VPS13D,T,2128,,,Y,,,,,,
Q6P4I2,WDR73,WD repeat-containing protein 73,WDR73,S,165,,,,Y,,,,,
P30291,WEE1,Wee1-like protein kinase,WEE1,S,211,,,Y,,,,,,
P30291,WEE1,Wee1-like protein kinase,WEE1,S,212,,,Y,,,,,,
P30291,WEE1,Wee1-like protein kinase,WEE1,T,217,,,Y,,,,,,
Q9H1B5,XYLT2,Xylosyltransferase 2,XYLT2,S,4,,,Y,,,,,,
P54577,SYYC,"Tyrosine--tRNA ligase, cytoplasmic",YARS,T,15,,,,Y,,,,,
Q96DT7,ZBT10,Zinc finger and BTB domain-containing protein 10,ZBTB10,S,792,,,,Y,,,,,
Q9H5U6,ZCHC4,rRNA N6-adenosine-methyltransferase ZCCHC4,ZCCHC4,S,212,,,Y,,,,,,
Q9H5U6,ZCHC4,rRNA N6-adenosine-methyltransferase ZCCHC4,ZCCHC4,T,210,,,Y,,,,,,
O95405,ZFYV9,Zinc finger FYVE domain-containing protein 9,ZFYVE9,S,1201,,,,Y,,,,,
O95405,ZFYV9,Zinc finger FYVE domain-containing protein 9,ZFYVE9,T,1198,,,,Y,,,,,
Q96RE9,ZN300,Zinc finger protein 300,ZNF300,S,123,,,,Y,,,,,
Q96RE9,ZN300,Zinc finger protein 300,ZNF300,T,116,,,,Y,,,,,
Q96JG9,ZN469,Zinc finger protein 469,ZNF469,S,2372,,,Y,,,,,,
Q96JG9,ZN469,Zinc finger protein 469,ZNF469,T,2373,,,Y,,,,,,
Q8TBZ5,ZN502,Zinc finger protein 502,ZNF502,S,107,,,,Y,,,,,
Q8TBZ5,ZN502,Zinc finger protein 502,ZNF502,T,116,,,,Y,,,,,
Q6NX49,ZN544,Zinc finger protein 544,ZNF544,S,616,,,Y,,,,,,
Q6NX49,ZN544,Zinc finger protein 544,ZNF544,T,617,,,Y,,,,,,
Q14966,ZN638,Zinc finger protein 638,ZNF638,T,1076,,,,Y,,,,,
Q8N972,ZN709,Zinc finger protein 709,ZNF709,T,359,,,,Y,,,,,
O95218,ZRAB2,Zinc finger Ran-binding domain-containing protein 2,ZRANB2,S,233,,,Y,,,,,,
O95218,ZRAB2,Zinc finger Ran-binding domain-containing protein 2,ZRANB2,S,234,,,Y,,,,,,
O95218,ZRAB2,Zinc finger Ran-binding domain-containing protein 2,ZRANB2,S,235,,,Y,,,,,,
O95218,ZRAB2,Zinc finger Ran-binding domain-containing protein 2,ZRANB2,S,236,,,Y,,,,,,
O95218,ZRAB2,Zinc finger Ran-binding domain-containing protein 2,ZRANB2,S,241,,,Y,,,,,,
Q8IWY8,ZSC29,Zinc finger and SCAN domain-containing protein 29,ZSCAN29,T,723,,,,Y,,,,,
