<?xml version="1.0" encoding="UTF-8"?>
<beans xmlns="http://www.springframework.org/schema/beans"
       xmlns:xsi="http://www.w3.org/2001/XMLSchema-instance"
       xmlns:p="http://www.springframework.org/schema/p"
       xmlns:mvc="http://www.springframework.org/schema/mvc"
       xsi:schemaLocation="http://www.springframework.org/schema/beans
	   		http://www.springframework.org/schema/beans/spring-beans-3.2.xsd
	   		http://www.springframework.org/schema/mvc
	   		http://www.springframework.org/schema/mvc/spring-mvc-3.2.xsd">

    <mvc:resources mapping="/js/**" location="/js/" />
    <mvc:resources mapping="/css/**" location="/css/" />
    <mvc:resources mapping="/resources/**" location="/resources/" />
    <mvc:resources mapping="/images/**" location="/images/" />
    <mvc:resources mapping="/tmp/**" location="/tmp/" />
    <mvc:resources mapping="/html/**" location="/html/" />
    <mvc:resources mapping="/download/**" location="/download/" />



    <!-- Declare a view resolver -->
    <!--   <bean id="viewResolver1"
  		class="org.springframework.web.servlet.view.InternalResourceViewResolver"
  		p:prefix="/WEB-INF/jsp/" p:suffix=".jsp" /> -->


    <!--bean id="localeResolver"
        class="org.displaytag.localization.I18nSpringAdapter"
      / -->
    <bean id="viewResolver"
          class="org.springframework.web.servlet.view.UrlBasedViewResolver">
        <property name="viewClass">
            <value>
                org.springframework.web.servlet.view.tiles3.TilesView
            </value>
        </property>
    </bean>
    <bean id="tilesConfigurer"
          class="org.springframework.web.servlet.view.tiles3.TilesConfigurer">
        <property name="definitions">
            <list>
                <value>/WEB-INF/tiles.xml</value>
            </list>
        </property>
    </bean>

</beans>

