<?xml version="1.0" encoding="UTF-8"?>
<beans xmlns="http://www.springframework.org/schema/beans"
	xmlns:xsi="http://www.w3.org/2001/XMLSchema-instance"
    xmlns:security="http://www.springframework.org/schema/security"
	xsi:schemaLocation="http://www.springframework.org/schema/beans
	   		http://www.springframework.org/schema/beans/spring-beans-3.2.xsd
			http://www.springframework.org/schema/security
			http://www.springframework.org/schema/security/spring-security-3.1.xsd">

	<!-- This is where we configure Spring-Security  -->
	<security:http auto-config="true" use-expressions="true" access-denied-page="/denied" >
		<security:intercept-url pattern="/login" access="permitAll"/>
		<security:intercept-url pattern="/whatsSAGE" access="permitAll"/>
		<security:intercept-url pattern="/FAQ" access="permitAll"/>
		<security:intercept-url pattern="/disclaimer" access="permitAll"/>
		<security:intercept-url pattern="/contactUs" access="permitAll"/>
		<security:intercept-url pattern="/submitContactUs" access="permitAll"/>

		<security:intercept-url pattern="/createNewAccount" access="permitAll"/>
		<security:intercept-url pattern="/submitCreateNewAccount" access="permitAll"/>

		<security:intercept-url pattern="/downloadDemoFiles" access="permitAll"/>

		<security:intercept-url pattern="/forgetPassword" access="permitAll"/>
		<security:intercept-url pattern="/submitForgetPassword" access="permitAll"/>

		<security:intercept-url pattern="/download" access="permitAll"/>

		<security:intercept-url pattern="/" access="hasRole('ROLE_USER')"/>
		<security:intercept-url pattern="/*" access="hasRole('ROLE_USER')"/>
		<security:intercept-url pattern="/service/*" access="hasRole('ROLE_USER')"/>
		<security:intercept-url pattern="/main/admin" access="hasRole('ROLE_ADMIN')"/>

	 	<security:session-management session-fixation-protection="migrateSession">
	 		<security:concurrency-control max-sessions="1" error-if-maximum-exceeded="true"/>
	 	</security:session-management>

		<security:form-login
				login-page="/login"
				authentication-failure-url="/login?error=true"
				default-target-url="/"/>

		<security:logout
				invalidate-session="true"
				logout-success-url="/login"
				logout-url="/logout"/>

	</security:http>

	<!-- Declare an authentication-manager to use a custom userDetailsService -->
	<security:authentication-manager>
	        <security:authentication-provider user-service-ref="customUserDetailsService">
	        		<security:password-encoder ref="passwordEncoder"/>
	        </security:authentication-provider>
	</security:authentication-manager>

	<!-- Use a Md5 encoder since the user's passwords are stored as Md5 in the database -->
	<bean class="org.springframework.security.authentication.encoding.Md5PasswordEncoder" id="passwordEncoder"/>

	<!-- A custom service where Spring will retrieve users and their corresponding access levels  -->
	<!-- 	<bean id="customUserDetailsService" class="wren.service.CustomUserDetailsService"/>-->
 	<bean id="customUserDetailsService" class="wren.service.UserService"/>

</beans>
