<?xml version="1.0" encoding="UTF-8" ?>
<!DOCTYPE tiles-definitions PUBLIC
      "-//Apache Software Foundation//DTD Tiles Configuration 3.0//EN" 
      "http://tiles.apache.org/dtds/tiles-config_3_0.dtd">
      
<tiles-definitions>
    <definition name="base.definition"
        template="/WEB-INF/jsp/layout.jsp">
        <put-attribute name="title" value="SAGE - Simplified Analysis of Gene Expression | Software for rapidly analyzing and archiving qPCR data" />
        <put-attribute name="header" value="/WEB-INF/jsp/header.jsp" />
        <put-attribute name="body" value="" />
        <put-attribute name="footer" value="/WEB-INF/jsp/footer.jsp" />
    </definition>
 
    <definition name="loginpage" extends="base.definition">
        <put-attribute name="body" value="/WEB-INF/jsp/loginpage.jsp" />
    </definition>
    
    <definition name="index" extends="base.definition">
        <put-attribute name="body" value="/WEB-INF/jsp/index.jsp" />
    </definition>
    
    <definition name="wren" extends="base.definition">
        <put-attribute name="body" value="/WEB-INF/jsp/wren.jsp" />
    </definition>
    
    <definition name="listExperiments" extends="base.definition">
        <put-attribute name="body" value="/WEB-INF/jsp/listExperiments.jsp" />
    </definition>
    
    <definition name="browseExperiments" extends="base.definition">
        <put-attribute name="body" value="/WEB-INF/jsp/listExperiments.jsp?myAction=listExperimentDetail" />
    </definition>
    
    <definition name="listLayouts" extends="base.definition">
        <put-attribute name="body" value="/WEB-INF/jsp/listLayouts.jsp" />
    </definition>
    
    <definition name="listExperimentDetail" extends="base.definition">
        <put-attribute name="body" value="/WEB-INF/jsp/listExperimentDetail.jsp" />
    </definition>
    
    <definition name="viewLayoutWebOutput" extends="base.definition">
        <put-attribute name="body" value="/WEB-INF/jsp/viewLayoutWebOutput.jsp" />
    </definition>
    
    <definition name="newExpMenu" extends="base.definition">
        <put-attribute name="body" value="/WEB-INF/jsp/newExpMenu.jsp" />
    </definition>
    
    <definition name="modifyExpMenu" extends="base.definition">
        <put-attribute name="body" value="/WEB-INF/jsp/modifyExpMenu.jsp" />
    </definition>
    
    <definition name="whatsSAGE" extends="base.definition">
        <put-attribute name="body" value="/WEB-INF/jsp/whatsSAGE.jsp" />
    </definition>
    <definition name="FAQ" extends="base.definition">
        <put-attribute name="body" value="/WEB-INF/jsp/FAQ.jsp" />
    </definition>
    <definition name="disclaimer" extends="base.definition">
        <put-attribute name="body" value="/WEB-INF/jsp/disclaimer.jsp" />
    </definition>
    <definition name="contactUs" extends="base.definition">
        <put-attribute name="body" value="/WEB-INF/jsp/contactUs.jsp" />
    </definition>
    <definition name="createNewAccount" extends="base.definition">
        <put-attribute name="body" value="/WEB-INF/jsp/createNewAccount.jsp" />
    </definition>
    <definition name="showMessage" extends="base.definition">
        <put-attribute name="body" value="/WEB-INF/jsp/showMessage.jsp" />
    </definition>
   <definition name="submitContactUs" extends="base.definition">
        <put-attribute name="body" value="/WEB-INF/jsp/submitContactUs.jsp" />
    </definition>
    
    <definition name="submitCreateNewAccount" extends="base.definition">
        <put-attribute name="body" value="/WEB-INF/jsp/submitCreateNewAccount.jsp" />
    </definition>
    <definition name="downloadDemoFiles" extends="base.definition">
        <put-attribute name="body" value="/WEB-INF/jsp/downloadDemoFiles.jsp" />
    </definition>
    <definition name="forgetPassword" extends="base.definition">
        <put-attribute name="body" value="/WEB-INF/jsp/forgetPassword.jsp" />
    </definition>
        <definition name="submitForgetPassword" extends="base.definition">
        <put-attribute name="body" value="/WEB-INF/jsp/submitForgetPassword.jsp" />
    </definition>
    
    
</tiles-definitions>