{
  "projectName": "Untitled Project",
  "missingValue": 40,
  "coVarianceValue": 2,
  "batchCreationValue": 8,
  "groups": [
    {
      "id": 78424,
      "name": "WT-LIV",
      "type": 0,
      "controlID": -1,
      "color": "A8EB92",
      "claimedTiles": []
    },
    {
      "id": 5198,
      "name": "WT-LUNG",
      "type": 1,
      "controlID": 78424,
      "color": "ff9999",
      "claimedTiles": []
    },
    {
      "id": 98130,
      "name": "Group 3",
      "type": 1,
      "controlID": 78424,
      "color": "9a94eb",
      "claimedTiles": []
    },
    {
      "id": 20273,
      "name": "Group 4",
      "type": 1,
      "controlID": 78424,
      "color": "ffff33",
      "claimedTiles": []
    },
    {
      "id": 19301,
      "name": "Group 5",
      "type": 1,
      "controlID": 78424,
      "color": "66ccff",
      "claimedTiles": []
    },
    {
      "id": 2827,
      "name": "Group 6",
      "type": 1,
      "controlID": 78424,
      "color": "cc6600",
      "claimedTiles": []
    },
    {
      "id": 88940,
      "name": "Group 7",
      "type": 1,
      "controlID": 78424,
      "color": "669900",
      "claimedTiles": []
    },
    {
      "id": 97131,
      "name": "Group 8",
      "type": 1,
      "controlID": 78424,
      "color": "6633ff",
      "claimedTiles": []
    },
    {
      "id": 34639,
      "name": "Group 9",
      "type": 1,
      "controlID": 78424,
      "color": "ff9990",
      "claimedTiles": []
    },
    {
      "id": 98944,
      "name": "Group 10",
      "type": 1,
      "controlID": 78424,
      "color": "9a94e0",
      "claimedTiles": []
    },
    {
      "id": 75119,
      "name": "Group 11",
      "type": 1,
      "controlID": 78424,
      "color": "ffff30",
      "claimedTiles": []
    },
    {
      "id": 24719,
      "name": "Group 12",
      "type": 1,
      "controlID": 78424,
      "color": "66ccf0",
      "claimedTiles": []
    },
    {
      "id": 74265,
      "name": "Group 13",
      "type": 1,
      "controlID": 78424,
      "color": "cc292e",
      "claimedTiles": []
    },
    {
      "id": 26356,
      "name": "Group 14",
      "type": "0",
      "controlID": 78424,
      "color": "669909",
      "claimedTiles": [],
      "0": -1
    },
    {
      "id": 27517,
      "name": "Group 15",
      "type": 1,
      "controlID": 26356,
      "color": "6633f0",
      "claimedTiles": []
    },
    {
      "id": 86930,
      "name": "Group 16",
      "type": 1,
      "controlID": 26356,
      "color": "ff9999",
      "claimedTiles": []
    },
    {
      "id": 25694,
      "name": "Group 17",
      "type": 1,
      "controlID": 26356,
      "color": "9a94eb",
      "claimedTiles": []
    },
    {
      "id": 6344,
      "name": "Group 18",
      "type": 1,
      "controlID": 26356,
      "color": "ffff33",
      "claimedTiles": []
    },
    {
      "id": 14274,
      "name": "Group 19",
      "type": "1",
      "controlID": "26356",
      "color": "66ccff",
      "claimedTiles": [],
      "o": "26356"
    },
    {
      "id": 66829,
      "name": "Group 20",
      "type": 1,
      "controlID": 26356,
      "color": "cc6600",
      "claimedTiles": []
    },
    {
      "id": 77734,
      "name": "Group 21",
      "type": 1,
      "controlID": 26356,
      "color": "669900",
      "claimedTiles": []
    }
  ],
  "genes": [
    {
      "id": 44493,
      "name": "Gene 1",
      "type": 0,
      "controlID": -1,
      "replicates": 1,
      "patternType": 3
    },
    {
      "id": 74903,
      "name": "Gene 2",
      "type": 1,
      "controlID": 44493,
      "replicates": 1,
      "patternType": 4,
      "color": "6633ff"
    }
  ],
  "templateTable": {
    "type": 0,
    "row": 8,
    "col": 12,
    "idNum": 13893,
    "id": "#13893_table",
    "tiles": [
      [
        78424,
        78424,
        78424,
        5198,
        5198,
        26356,
        26356,
        26356,
        27517,
        27517,
        66829,
        66829
      ],
      [
        98130,
        98130,
        98130,
        98130,
        98130,
        98130,
        98130,
        98130,
        98130,
        20273,
        20273,
        20273
      ],
      [
        20273,
        19301,
        19301,
        19301,
        19301,
        19301,
        2827,
        2827,
        2827,
        2827,
        2827,
        2827
      ],
      [
        88940,
        88940,
        88940,
        86930,
        86930,
        86930,
        86930,
        86930,
        86930,
        25694,
        25694,
        25694
      ],
      [
        25694,
        25694,
        25694,
        6344,
        6344,
        6344,
        6344,
        6344,
        14274,
        14274,
        77734,
        77734
      ],
      [
        97131,
        97131,
        97131,
        97131,
        24719,
        97131,
        97131,
        24719,
        74265,
        34639,
        34639,
        34639
      ],
      [
        34639,
        34639,
        74265,
        34639,
        98944,
        98944,
        98944,
        24719,
        98944,
        98944,
        98944,
        98944
      ],
      [
        24719,
        98944,
        75119,
        75119,
        75119,
        75119,
        75119,
        75119,
        75119,
        75119,
        0,
        0
      ]
    ],
    "layoutTiles": [
      [
        0,
        0,
        0,
        0,
        0,
        0,
        0,
        0,
        0,
        0,
        0,
        0
      ],
      [
        0,
        0,
        0,
        0,
        0,
        0,
        0,
        0,
        0,
        0,
        0,
        0
      ],
      [
        0,
        0,
        0,
        0,
        0,
        0,
        0,
        0,
        0,
        0,
        0,
        0
      ],
      [
        0,
        0,
        0,
        0,
        0,
        0,
        0,
        0,
        0,
        0,
        0,
        0
      ],
      [
        0,
        0,
        0,
        0,
        0,
        0,
        0,
        0,
        0,
        0,
        0,
        0
      ],
      [
        0,
        0,
        0,
        0,
        0,
        0,
        0,
        0,
        0,
        0,
        0,
        0
      ],
      [
        0,
        0,
        0,
        0,
        0,
        0,
        0,
        0,
        0,
        0,
        0,
        0
      ],
      [
        0,
        0,
        0,
        0,
        0,
        0,
        0,
        0,
        0,
        0,
        0,
        0
      ]
    ],
    "replicateTiles": [
      [
        0,
        0,
        0,
        0,
        0,
        0,
        0,
        0,
        0,
        0,
        0,
        0
      ],
      [
        0,
        0,
        0,
        0,
        0,
        0,
        0,
        0,
        0,
        0,
        0,
        0
      ],
      [
        0,
        0,
        0,
        0,
        0,
        0,
        0,
        0,
        0,
        0,
        0,
        0
      ],
      [
        0,
        0,
        0,
        0,
        0,
        0,
        0,
        0,
        0,
        0,
        0,
        0
      ],
      [
        0,
        0,
        0,
        0,
        0,
        0,
        0,
        0,
        0,
        0,
        0,
        0
      ],
      [
        0,
        0,
        0,
        0,
        0,
        0,
        0,
        0,
        0,
        0,
        0,
        0
      ],
      [
        0,
        0,
        0,
        0,
        0,
        0,
        0,
        0,
        0,
        0,
        0,
        0
      ],
      [
        0,
        0,
        0,
        0,
        0,
        0,
        0,
        0,
        0,
        0,
        0,
        0
      ]
    ],
    "geneID": -1,
    "nextLine": 0,
    "module": {
      "selector": "7_template_module",
      "accordion": {
        "module": {
          "$ref": "#templateTable.module"
        },
        "selector": "#7_template_module_accordion"
      },
      "table": {
        "$ref": "#templateTable"
      },
      "data": {
        "$ref": "#groups"
      },
      "dataID": {
        "78424": 0,
        "5198": 1,
        "98130": 2,
        "20273": 3,
        "19301": 4,
        "2827": 5,
        "88940": 6,
        "97131": 7,
        "34639": 8,
        "98944": 9,
        "75119": 10,
        "24719": 11,
        "74265": 12,
        "26356": 13,
        "27517": 14,
        "86930": 15,
        "25694": 16,
        "6344": 17,
        "14274": 18,
        "66829": 19,
        "77734": 20
      },
      "dataIndex": {
        "0": 78424,
        "1": 5198,
        "2": 98130,
        "3": 20273,
        "4": 19301,
        "5": 2827,
        "6": 88940,
        "7": 97131,
        "8": 34639,
        "9": 98944,
        "10": 75119,
        "11": 24719,
        "12": 74265,
        "13": 26356,
        "14": 27517,
        "15": 86930,
        "16": 25694,
        "17": 6344,
        "18": 14274,
        "19": 66829,
        "20": 77734
      },
      "claimedTiles": [
        [
          "#0_0_13893",
          "#0_1_13893",
          "#0_2_13893"
        ],
        [
          "#0_3_13893",
          "#0_4_13893"
        ],
        [
          "#1_0_13893",
          "#1_1_13893",
          "#1_2_13893",
          "#1_3_13893",
          "#1_4_13893",
          "#1_5_13893",
          "#1_6_13893",
          "#1_7_13893",
          "#1_8_13893"
        ],
        [
          "#1_9_13893",
          "#1_10_13893",
          "#1_11_13893",
          "#2_0_13893"
        ],
        [
          "#2_1_13893",
          "#2_2_13893",
          "#2_3_13893",
          "#2_4_13893",
          "#2_5_13893"
        ],
        [
          "#2_6_13893",
          "#2_7_13893",
          "#2_8_13893",
          "#2_9_13893",
          "#2_10_13893",
          "#2_11_13893"
        ],
        [
          "#3_0_13893",
          "#3_1_13893",
          "#3_2_13893"
        ],
        [
          "#5_0_13893",
          "#5_1_13893",
          "#5_2_13893",
          "#5_3_13893",
          "#5_5_13893",
          "#5_6_13893"
        ],
        [
          "#5_9_13893",
          "#5_10_13893",
          "#5_11_13893",
          "#6_0_13893",
          "#6_1_13893",
          "#6_3_13893"
        ],
        [
          "#6_4_13893",
          "#6_5_13893",
          "#6_6_13893",
          "#6_8_13893",
          "#6_9_13893",
          "#6_10_13893",
          "#6_11_13893",
          "#7_1_13893"
        ],
        [
          "#7_2_13893",
          "#7_3_13893",
          "#7_4_13893",
          "#7_5_13893",
          "#7_6_13893",
          "#7_7_13893",
          "#7_8_13893",
          "#7_9_13893"
        ],
        [
          "#7_0_13893",
          "#6_7_13893",
          "#5_7_13893",
          "#5_4_13893"
        ],
        [
          "#5_8_13893",
          "#6_2_13893"
        ],
        [
          "#0_5_13893",
          "#0_6_13893",
          "#0_7_13893"
        ],
        [
          "#0_8_13893",
          "#0_9_13893"
        ],
        [
          "#3_3_13893",
          "#3_4_13893",
          "#3_5_13893",
          "#3_6_13893",
          "#3_7_13893",
          "#3_8_13893"
        ],
        [
          "#3_9_13893",
          "#3_10_13893",
          "#3_11_13893",
          "#4_0_13893",
          "#4_1_13893",
          "#4_2_13893"
        ],
        [
          "#4_3_13893",
          "#4_4_13893",
          "#4_5_13893",
          "#4_6_13893",
          "#4_7_13893"
        ],
        [
          "#4_8_13893",
          "#4_9_13893"
        ],
        [
          "#0_10_13893",
          "#0_11_13893"
        ],
        [
          "#4_10_13893",
          "#4_11_13893"
        ]
      ],
      "layoutTiles": [
        [
          "#0_0_72061",
          "#0_2_72061",
          "#0_4_72061",
          "#1_0_72061",
          "#1_2_72061",
          "#1_4_72061",
          "#0_0_72061",
          "#0_1_72061",
          "#0_2_72061",
          "#0_3_72061",
          "#0_4_72061",
          "#0_5_72061",
          "#1_0_72061",
          "#1_1_72061",
          "#1_2_72061",
          "#1_3_72061",
          "#1_4_72061",
          "#1_5_72061"
        ],
        [
          "#0_6_72061",
          "#0_8_72061",
          "#1_6_72061",
          "#1_8_72061",
          "#0_6_72061",
          "#0_7_72061",
          "#0_8_72061",
          "#0_9_72061",
          "#1_6_72061",
          "#1_7_72061",
          "#1_8_72061",
          "#1_9_72061"
        ],
        [
          "#2_0_72061",
          "#2_2_72061",
          "#2_4_72061",
          "#2_6_72061",
          "#2_8_72061",
          "#2_10_72061",
          "#2_12_72061",
          "#2_14_72061",
          "#2_16_72061",
          "#3_0_72061",
          "#3_2_72061",
          "#3_4_72061",
          "#3_6_72061",
          "#3_8_72061",
          "#3_10_72061",
          "#3_12_72061",
          "#3_14_72061",
          "#3_16_72061",
          "#2_0_72061",
          "#2_1_72061",
          "#2_2_72061",
          "#2_3_72061",
          "#2_4_72061",
          "#2_5_72061",
          "#2_6_72061",
          "#2_7_72061",
          "#2_8_72061",
          "#2_9_72061",
          "#2_10_72061",
          "#2_11_72061",
          "#2_12_72061",
          "#2_13_72061",
          "#2_14_72061",
          "#2_15_72061",
          "#2_16_72061",
          "#2_17_72061",
          "#3_0_72061",
          "#3_1_72061",
          "#3_2_72061",
          "#3_3_72061",
          "#3_4_72061",
          "#3_5_72061",
          "#3_6_72061",
          "#3_7_72061",
          "#3_8_72061",
          "#3_9_72061",
          "#3_10_72061",
          "#3_11_72061",
          "#3_12_72061",
          "#3_13_72061",
          "#3_14_72061",
          "#3_15_72061",
          "#3_16_72061",
          "#3_17_72061"
        ],
        [
          "#2_18_72061",
          "#2_20_72061",
          "#2_22_72061",
          "#3_18_72061",
          "#3_20_72061",
          "#3_22_72061",
          "#4_0_72061",
          "#5_0_72061",
          "#2_18_72061",
          "#2_19_72061",
          "#2_20_72061",
          "#2_21_72061",
          "#2_22_72061",
          "#2_23_72061",
          "#3_18_72061",
          "#3_19_72061",
          "#3_20_72061",
          "#3_21_72061",
          "#3_22_72061",
          "#3_23_72061",
          "#4_0_72061",
          "#4_1_72061",
          "#5_0_72061",
          "#5_1_72061"
        ],
        [
          "#4_2_72061",
          "#4_4_72061",
          "#4_6_72061",
          "#4_8_72061",
          "#4_10_72061",
          "#5_2_72061",
          "#5_4_72061",
          "#5_6_72061",
          "#5_8_72061",
          "#5_10_72061",
          "#4_2_72061",
          "#4_3_72061",
          "#4_4_72061",
          "#4_5_72061",
          "#4_6_72061",
          "#4_7_72061",
          "#4_8_72061",
          "#4_9_72061",
          "#4_10_72061",
          "#4_11_72061",
          "#5_2_72061",
          "#5_3_72061",
          "#5_4_72061",
          "#5_5_72061",
          "#5_6_72061",
          "#5_7_72061",
          "#5_8_72061",
          "#5_9_72061",
          "#5_10_72061",
          "#5_11_72061"
        ],
        [
          "#4_12_72061",
          "#4_14_72061",
          "#4_16_72061",
          "#4_18_72061",
          "#4_20_72061",
          "#4_22_72061",
          "#5_12_72061",
          "#5_14_72061",
          "#5_16_72061",
          "#5_18_72061",
          "#5_20_72061",
          "#5_22_72061",
          "#4_12_72061",
          "#4_13_72061",
          "#4_14_72061",
          "#4_15_72061",
          "#4_16_72061",
          "#4_17_72061",
          "#4_18_72061",
          "#4_19_72061",
          "#4_20_72061",
          "#4_21_72061",
          "#4_22_72061",
          "#4_23_72061",
          "#5_12_72061",
          "#5_13_72061",
          "#5_14_72061",
          "#5_15_72061",
          "#5_16_72061",
          "#5_17_72061",
          "#5_18_72061",
          "#5_19_72061",
          "#5_20_72061",
          "#5_21_72061",
          "#5_22_72061",
          "#5_23_72061"
        ],
        [
          "#6_0_72061",
          "#6_2_72061",
          "#6_4_72061",
          "#7_0_72061",
          "#7_2_72061",
          "#7_4_72061",
          "#6_0_72061",
          "#6_1_72061",
          "#6_2_72061",
          "#6_3_72061",
          "#6_4_72061",
          "#6_5_72061",
          "#7_0_72061",
          "#7_1_72061",
          "#7_2_72061",
          "#7_3_72061",
          "#7_4_72061",
          "#7_5_72061"
        ],
        [
          "#10_0_72061",
          "#10_2_72061",
          "#10_4_72061",
          "#10_6_72061",
          "#10_10_72061",
          "#10_12_72061",
          "#11_0_72061",
          "#11_2_72061",
          "#11_4_72061",
          "#11_6_72061",
          "#11_10_72061",
          "#11_12_72061",
          "#10_0_72061",
          "#10_1_72061",
          "#10_2_72061",
          "#10_3_72061",
          "#10_4_72061",
          "#10_5_72061",
          "#10_6_72061",
          "#10_7_72061",
          "#10_10_72061",
          "#10_11_72061",
          "#10_12_72061",
          "#10_13_72061",
          "#11_0_72061",
          "#11_1_72061",
          "#11_2_72061",
          "#11_3_72061",
          "#11_4_72061",
          "#11_5_72061",
          "#11_6_72061",
          "#11_7_72061",
          "#11_10_72061",
          "#11_11_72061",
          "#11_12_72061",
          "#11_13_72061"
        ],
        [
          "#10_18_72061",
          "#10_20_72061",
          "#10_22_72061",
          "#11_18_72061",
          "#11_20_72061",
          "#11_22_72061",
          "#12_0_72061",
          "#12_2_72061",
          "#12_6_72061",
          "#13_0_72061",
          "#13_2_72061",
          "#13_6_72061",
          "#10_18_72061",
          "#10_19_72061",
          "#10_20_72061",
          "#10_21_72061",
          "#10_22_72061",
          "#10_23_72061",
          "#11_18_72061",
          "#11_19_72061",
          "#11_20_72061",
          "#11_21_72061",
          "#11_22_72061",
          "#11_23_72061",
          "#12_0_72061",
          "#12_1_72061",
          "#12_2_72061",
          "#12_3_72061",
          "#12_6_72061",
          "#12_7_72061",
          "#13_0_72061",
          "#13_1_72061",
          "#13_2_72061",
          "#13_3_72061",
          "#13_6_72061",
          "#13_7_72061"
        ],
        [
          "#12_8_72061",
          "#12_10_72061",
          "#12_12_72061",
          "#12_16_72061",
          "#12_18_72061",
          "#12_20_72061",
          "#12_22_72061",
          "#13_8_72061",
          "#13_10_72061",
          "#13_12_72061",
          "#13_16_72061",
          "#13_18_72061",
          "#13_20_72061",
          "#13_22_72061",
          "#14_2_72061",
          "#15_2_72061",
          "#12_8_72061",
          "#12_9_72061",
          "#12_10_72061",
          "#12_11_72061",
          "#12_12_72061",
          "#12_13_72061",
          "#12_16_72061",
          "#12_17_72061",
          "#12_18_72061",
          "#12_19_72061",
          "#12_20_72061",
          "#12_21_72061",
          "#12_22_72061",
          "#12_23_72061",
          "#13_8_72061",
          "#13_9_72061",
          "#13_10_72061",
          "#13_11_72061",
          "#13_12_72061",
          "#13_13_72061",
          "#13_16_72061",
          "#13_17_72061",
          "#13_18_72061",
          "#13_19_72061",
          "#13_20_72061",
          "#13_21_72061",
          "#13_22_72061",
          "#13_23_72061",
          "#14_2_72061",
          "#14_3_72061",
          "#15_2_72061",
          "#15_3_72061"
        ],
        [
          "#14_4_72061",
          "#14_6_72061",
          "#14_8_72061",
          "#14_10_72061",
          "#14_12_72061",
          "#14_14_72061",
          "#14_16_72061",
          "#14_18_72061",
          "#15_4_72061",
          "#15_6_72061",
          "#15_8_72061",
          "#15_10_72061",
          "#15_12_72061",
          "#15_14_72061",
          "#15_16_72061",
          "#15_18_72061",
          "#14_4_72061",
          "#14_5_72061",
          "#14_6_72061",
          "#14_7_72061",
          "#14_8_72061",
          "#14_9_72061",
          "#14_10_72061",
          "#14_11_72061",
          "#14_12_72061",
          "#14_13_72061",
          "#14_14_72061",
          "#14_15_72061",
          "#14_16_72061",
          "#14_17_72061",
          "#14_18_72061",
          "#14_19_72061",
          "#15_4_72061",
          "#15_5_72061",
          "#15_6_72061",
          "#15_7_72061",
          "#15_8_72061",
          "#15_9_72061",
          "#15_10_72061",
          "#15_11_72061",
          "#15_12_72061",
          "#15_13_72061",
          "#15_14_72061",
          "#15_15_72061",
          "#15_16_72061",
          "#15_17_72061",
          "#15_18_72061",
          "#15_19_72061"
        ],
        [
          "#10_8_72061",
          "#10_14_72061",
          "#11_8_72061",
          "#11_14_72061",
          "#12_14_72061",
          "#13_14_72061",
          "#14_0_72061",
          "#15_0_72061",
          "#10_8_72061",
          "#10_9_72061",
          "#10_14_72061",
          "#10_15_72061",
          "#11_8_72061",
          "#11_9_72061",
          "#11_14_72061",
          "#11_15_72061",
          "#12_14_72061",
          "#12_15_72061",
          "#13_14_72061",
          "#13_15_72061",
          "#14_0_72061",
          "#14_1_72061",
          "#15_0_72061",
          "#15_1_72061"
        ],
        [
          "#10_16_72061",
          "#11_16_72061",
          "#12_4_72061",
          "#13_4_72061",
          "#10_16_72061",
          "#10_17_72061",
          "#11_16_72061",
          "#11_17_72061",
          "#12_4_72061",
          "#12_5_72061",
          "#13_4_72061",
          "#13_5_72061"
        ],
        [
          "#0_10_72061",
          "#0_12_72061",
          "#0_14_72061",
          "#1_10_72061",
          "#1_12_72061",
          "#1_14_72061",
          "#0_10_72061",
          "#0_11_72061",
          "#0_12_72061",
          "#0_13_72061",
          "#0_14_72061",
          "#0_15_72061",
          "#1_10_72061",
          "#1_11_72061",
          "#1_12_72061",
          "#1_13_72061",
          "#1_14_72061",
          "#1_15_72061"
        ],
        [
          "#0_16_72061",
          "#0_18_72061",
          "#1_16_72061",
          "#1_18_72061",
          "#0_16_72061",
          "#0_17_72061",
          "#0_18_72061",
          "#0_19_72061",
          "#1_16_72061",
          "#1_17_72061",
          "#1_18_72061",
          "#1_19_72061"
        ],
        [
          "#6_6_72061",
          "#6_8_72061",
          "#6_10_72061",
          "#6_12_72061",
          "#6_14_72061",
          "#6_16_72061",
          "#7_6_72061",
          "#7_8_72061",
          "#7_10_72061",
          "#7_12_72061",
          "#7_14_72061",
          "#7_16_72061",
          "#6_6_72061",
          "#6_7_72061",
          "#6_8_72061",
          "#6_9_72061",
          "#6_10_72061",
          "#6_11_72061",
          "#6_12_72061",
          "#6_13_72061",
          "#6_14_72061",
          "#6_15_72061",
          "#6_16_72061",
          "#6_17_72061",
          "#7_6_72061",
          "#7_7_72061",
          "#7_8_72061",
          "#7_9_72061",
          "#7_10_72061",
          "#7_11_72061",
          "#7_12_72061",
          "#7_13_72061",
          "#7_14_72061",
          "#7_15_72061",
          "#7_16_72061",
          "#7_17_72061"
        ],
        [
          "#6_18_72061",
          "#6_20_72061",
          "#6_22_72061",
          "#7_18_72061",
          "#7_20_72061",
          "#7_22_72061",
          "#8_0_72061",
          "#8_2_72061",
          "#8_4_72061",
          "#9_0_72061",
          "#9_2_72061",
          "#9_4_72061",
          "#6_18_72061",
          "#6_19_72061",
          "#6_20_72061",
          "#6_21_72061",
          "#6_22_72061",
          "#6_23_72061",
          "#7_18_72061",
          "#7_19_72061",
          "#7_20_72061",
          "#7_21_72061",
          "#7_22_72061",
          "#7_23_72061",
          "#8_0_72061",
          "#8_1_72061",
          "#8_2_72061",
          "#8_3_72061",
          "#8_4_72061",
          "#8_5_72061",
          "#9_0_72061",
          "#9_1_72061",
          "#9_2_72061",
          "#9_3_72061",
          "#9_4_72061",
          "#9_5_72061"
        ],
        [
          "#8_6_72061",
          "#8_8_72061",
          "#8_10_72061",
          "#8_12_72061",
          "#8_14_72061",
          "#9_6_72061",
          "#9_8_72061",
          "#9_10_72061",
          "#9_12_72061",
          "#9_14_72061",
          "#8_6_72061",
          "#8_7_72061",
          "#8_8_72061",
          "#8_9_72061",
          "#8_10_72061",
          "#8_11_72061",
          "#8_12_72061",
          "#8_13_72061",
          "#8_14_72061",
          "#8_15_72061",
          "#9_6_72061",
          "#9_7_72061",
          "#9_8_72061",
          "#9_9_72061",
          "#9_10_72061",
          "#9_11_72061",
          "#9_12_72061",
          "#9_13_72061",
          "#9_14_72061",
          "#9_15_72061"
        ],
        [
          "#8_16_72061",
          "#8_18_72061",
          "#9_16_72061",
          "#9_18_72061",
          "#8_16_72061",
          "#8_17_72061",
          "#8_18_72061",
          "#8_19_72061",
          "#9_16_72061",
          "#9_17_72061",
          "#9_18_72061",
          "#9_19_72061"
        ],
        [
          "#0_20_72061",
          "#0_22_72061",
          "#1_20_72061",
          "#1_22_72061",
          "#0_20_72061",
          "#0_21_72061",
          "#0_22_72061",
          "#0_23_72061",
          "#1_20_72061",
          "#1_21_72061",
          "#1_22_72061",
          "#1_23_72061"
        ],
        [
          "#8_20_72061",
          "#8_22_72061",
          "#9_20_72061",
          "#9_22_72061",
          "#8_20_72061",
          "#8_21_72061",
          "#8_22_72061",
          "#8_23_72061",
          "#9_20_72061",
          "#9_21_72061",
          "#9_22_72061",
          "#9_23_72061"
        ]
      ],
      "active": 13,
      "activeID": -1,
      "firstRun": true,
      "activePatternID": 26356,
      "stop": false,
      "hue": 105,
      "activeElement": {
        "$ref": "#groups.13"
      }
    }
  },
  "layoutTable": {
    "type": 1,
    "row": 16,
    "col": 24,
    "idNum": 72061,
    "id": "#72061_table",
    "tiles": [
      [
        78424,
        78424,
        78424,
        78424,
        78424,
        78424,
        5198,
        5198,
        5198,
        5198,
        26356,
        26356,
        26356,
        26356,
        26356,
        26356,
        27517,
        27517,
        27517,
        27517,
        66829,
        66829,
        66829,
        66829
      ],
      [
        78424,
        78424,
        78424,
        78424,
        78424,
        78424,
        5198,
        5198,
        5198,
        5198,
        26356,
        26356,
        26356,
        26356,
        26356,
        26356,
        27517,
        27517,
        27517,
        27517,
        66829,
        66829,
        66829,
        66829
      ],
      [
        98130,
        98130,
        98130,
        98130,
        98130,
        98130,
        98130,
        98130,
        98130,
        98130,
        98130,
        98130,
        98130,
        98130,
        98130,
        98130,
        98130,
        98130,
        20273,
        20273,
        20273,
        20273,
        20273,
        20273
      ],
      [
        98130,
        98130,
        98130,
        98130,
        98130,
        98130,
        98130,
        98130,
        98130,
        98130,
        98130,
        98130,
        98130,
        98130,
        98130,
        98130,
        98130,
        98130,
        20273,
        20273,
        20273,
        20273,
        20273,
        20273
      ],
      [
        20273,
        20273,
        19301,
        19301,
        19301,
        19301,
        19301,
        19301,
        19301,
        19301,
        19301,
        19301,
        2827,
        2827,
        2827,
        2827,
        2827,
        2827,
        2827,
        2827,
        2827,
        2827,
        2827,
        2827
      ],
      [
        20273,
        20273,
        19301,
        19301,
        19301,
        19301,
        19301,
        19301,
        19301,
        19301,
        19301,
        19301,
        2827,
        2827,
        2827,
        2827,
        2827,
        2827,
        2827,
        2827,
        2827,
        2827,
        2827,
        2827
      ],
      [
        88940,
        88940,
        88940,
        88940,
        88940,
        88940,
        86930,
        86930,
        86930,
        86930,
        86930,
        86930,
        86930,
        86930,
        86930,
        86930,
        86930,
        86930,
        25694,
        25694,
        25694,
        25694,
        25694,
        25694
      ],
      [
        88940,
        88940,
        88940,
        88940,
        88940,
        88940,
        86930,
        86930,
        86930,
        86930,
        86930,
        86930,
        86930,
        86930,
        86930,
        86930,
        86930,
        86930,
        25694,
        25694,
        25694,
        25694,
        25694,
        25694
      ],
      [
        25694,
        25694,
        25694,
        25694,
        25694,
        25694,
        6344,
        6344,
        6344,
        6344,
        6344,
        6344,
        6344,
        6344,
        6344,
        6344,
        14274,
        14274,
        14274,
        14274,
        77734,
        77734,
        77734,
        77734
      ],
      [
        25694,
        25694,
        25694,
        25694,
        25694,
        25694,
        6344,
        6344,
        6344,
        6344,
        6344,
        6344,
        6344,
        6344,
        6344,
        6344,
        14274,
        14274,
        14274,
        14274,
        77734,
        77734,
        77734,
        77734
      ],
      [
        97131,
        97131,
        97131,
        97131,
        97131,
        97131,
        97131,
        97131,
        24719,
        24719,
        97131,
        97131,
        97131,
        97131,
        24719,
        24719,
        74265,
        74265,
        34639,
        34639,
        34639,
        34639,
        34639,
        34639
      ],
      [
        97131,
        97131,
        97131,
        97131,
        97131,
        97131,
        97131,
        97131,
        24719,
        24719,
        97131,
        97131,
        97131,
        97131,
        24719,
        24719,
        74265,
        74265,
        34639,
        34639,
        34639,
        34639,
        34639,
        34639
      ],
      [
        34639,
        34639,
        34639,
        34639,
        74265,
        74265,
        34639,
        34639,
        98944,
        98944,
        98944,
        98944,
        98944,
        98944,
        24719,
        24719,
        98944,
        98944,
        98944,
        98944,
        98944,
        98944,
        98944,
        98944
      ],
      [
        34639,
        34639,
        34639,
        34639,
        74265,
        74265,
        34639,
        34639,
        98944,
        98944,
        98944,
        98944,
        98944,
        98944,
        24719,
        24719,
        98944,
        98944,
        98944,
        98944,
        98944,
        98944,
        98944,
        98944
      ],
      [
        24719,
        24719,
        98944,
        98944,
        75119,
        75119,
        75119,
        75119,
        75119,
        75119,
        75119,
        75119,
        75119,
        75119,
        75119,
        75119,
        75119,
        75119,
        75119,
        75119,
        0,
        0,
        0,
        0
      ],
      [
        24719,
        24719,
        98944,
        98944,
        75119,
        75119,
        75119,
        75119,
        75119,
        75119,
        75119,
        75119,
        75119,
        75119,
        75119,
        75119,
        75119,
        75119,
        75119,
        75119,
        0,
        0,
        0,
        0
      ]
    ],
    "layoutTiles": [
      [
        44493,
        74903,
        44493,
        74903,
        44493,
        74903,
        44493,
        74903,
        44493,
        74903,
        44493,
        74903,
        44493,
        74903,
        44493,
        74903,
        44493,
        74903,
        44493,
        74903,
        44493,
        74903,
        44493,
        74903
      ],
      [
        44493,
        74903,
        44493,
        74903,
        44493,
        74903,
        44493,
        74903,
        44493,
        74903,
        44493,
        74903,
        44493,
        74903,
        44493,
        74903,
        44493,
        74903,
        44493,
        74903,
        44493,
        74903,
        44493,
        74903
      ],
      [
        44493,
        74903,
        44493,
        74903,
        44493,
        74903,
        44493,
        74903,
        44493,
        74903,
        44493,
        74903,
        44493,
        74903,
        44493,
        74903,
        44493,
        74903,
        44493,
        74903,
        44493,
        74903,
        44493,
        74903
      ],
      [
        44493,
        74903,
        44493,
        74903,
        44493,
        74903,
        44493,
        74903,
        44493,
        74903,
        44493,
        74903,
        44493,
        74903,
        44493,
        74903,
        44493,
        74903,
        44493,
        74903,
        44493,
        74903,
        44493,
        74903
      ],
      [
        44493,
        74903,
        44493,
        74903,
        44493,
        74903,
        44493,
        74903,
        44493,
        74903,
        44493,
        74903,
        44493,
        74903,
        44493,
        74903,
        44493,
        74903,
        44493,
        74903,
        44493,
        74903,
        44493,
        74903
      ],
      [
        44493,
        74903,
        44493,
        74903,
        44493,
        74903,
        44493,
        74903,
        44493,
        74903,
        44493,
        74903,
        44493,
        74903,
        44493,
        74903,
        44493,
        74903,
        44493,
        74903,
        44493,
        74903,
        44493,
        74903
      ],
      [
        44493,
        74903,
        44493,
        74903,
        44493,
        74903,
        44493,
        74903,
        44493,
        74903,
        44493,
        74903,
        44493,
        74903,
        44493,
        74903,
        44493,
        74903,
        44493,
        74903,
        44493,
        74903,
        44493,
        74903
      ],
      [
        44493,
        74903,
        44493,
        74903,
        44493,
        74903,
        44493,
        74903,
        44493,
        74903,
        44493,
        74903,
        44493,
        74903,
        44493,
        74903,
        44493,
        74903,
        44493,
        74903,
        44493,
        74903,
        44493,
        74903
      ],
      [
        44493,
        74903,
        44493,
        74903,
        44493,
        74903,
        44493,
        74903,
        44493,
        74903,
        44493,
        74903,
        44493,
        74903,
        44493,
        74903,
        44493,
        74903,
        44493,
        74903,
        44493,
        74903,
        44493,
        74903
      ],
      [
        44493,
        74903,
        44493,
        74903,
        44493,
        74903,
        44493,
        74903,
        44493,
        74903,
        44493,
        74903,
        44493,
        74903,
        44493,
        74903,
        44493,
        74903,
        44493,
        74903,
        44493,
        74903,
        44493,
        74903
      ],
      [
        44493,
        74903,
        44493,
        74903,
        44493,
        74903,
        44493,
        74903,
        44493,
        74903,
        44493,
        74903,
        44493,
        74903,
        44493,
        74903,
        44493,
        74903,
        44493,
        74903,
        44493,
        74903,
        44493,
        74903
      ],
      [
        44493,
        74903,
        44493,
        74903,
        44493,
        74903,
        44493,
        74903,
        44493,
        74903,
        44493,
        74903,
        44493,
        74903,
        44493,
        74903,
        44493,
        74903,
        44493,
        74903,
        44493,
        74903,
        44493,
        74903
      ],
      [
        44493,
        74903,
        44493,
        74903,
        44493,
        74903,
        44493,
        74903,
        44493,
        74903,
        44493,
        74903,
        44493,
        74903,
        44493,
        74903,
        44493,
        74903,
        44493,
        74903,
        44493,
        74903,
        44493,
        74903
      ],
      [
        44493,
        74903,
        44493,
        74903,
        44493,
        74903,
        44493,
        74903,
        44493,
        74903,
        44493,
        74903,
        44493,
        74903,
        44493,
        74903,
        44493,
        74903,
        44493,
        74903,
        44493,
        74903,
        44493,
        74903
      ],
      [
        44493,
        74903,
        44493,
        74903,
        44493,
        74903,
        44493,
        74903,
        44493,
        74903,
        44493,
        74903,
        44493,
        74903,
        44493,
        74903,
        44493,
        74903,
        44493,
        74903,
        0,
        0,
        0,
        0
      ],
      [
        44493,
        74903,
        44493,
        74903,
        44493,
        74903,
        44493,
        74903,
        44493,
        74903,
        44493,
        74903,
        44493,
        74903,
        44493,
        74903,
        44493,
        74903,
        44493,
        74903,
        0,
        0,
        0,
        0
      ]
    ],
    "replicateTiles": [
      [
        0,
        0,
        0,
        0,
        0,
        0,
        0,
        0,
        0,
        0,
        0,
        0,
        0,
        0,
        0,
        0,
        0,
        0,
        0,
        0,
        0,
        0,
        0,
        0
      ],
      [
        1,
        1,
        1,
        1,
        1,
        1,
        1,
        1,
        1,
        1,
        1,
        1,
        1,
        1,
        1,
        1,
        1,
        1,
        1,
        1,
        1,
        1,
        1,
        1
      ],
      [
        0,
        0,
        0,
        0,
        0,
        0,
        0,
        0,
        0,
        0,
        0,
        0,
        0,
        0,
        0,
        0,
        0,
        0,
        0,
        0,
        0,
        0,
        0,
        0
      ],
      [
        1,
        1,
        1,
        1,
        1,
        1,
        1,
        1,
        1,
        1,
        1,
        1,
        1,
        1,
        1,
        1,
        1,
        1,
        1,
        1,
        1,
        1,
        1,
        1
      ],
      [
        0,
        0,
        0,
        0,
        0,
        0,
        0,
        0,
        0,
        0,
        0,
        0,
        0,
        0,
        0,
        0,
        0,
        0,
        0,
        0,
        0,
        0,
        0,
        0
      ],
      [
        1,
        1,
        1,
        1,
        1,
        1,
        1,
        1,
        1,
        1,
        1,
        1,
        1,
        1,
        1,
        1,
        1,
        1,
        1,
        1,
        1,
        1,
        1,
        1
      ],
      [
        0,
        0,
        0,
        0,
        0,
        0,
        0,
        0,
        0,
        0,
        0,
        0,
        0,
        0,
        0,
        0,
        0,
        0,
        0,
        0,
        0,
        0,
        0,
        0
      ],
      [
        1,
        1,
        1,
        1,
        1,
        1,
        1,
        1,
        1,
        1,
        1,
        1,
        1,
        1,
        1,
        1,
        1,
        1,
        1,
        1,
        1,
        1,
        1,
        1
      ],
      [
        0,
        0,
        0,
        0,
        0,
        0,
        0,
        0,
        0,
        0,
        0,
        0,
        0,
        0,
        0,
        0,
        0,
        0,
        0,
        0,
        0,
        0,
        0,
        0
      ],
      [
        1,
        1,
        1,
        1,
        1,
        1,
        1,
        1,
        1,
        1,
        1,
        1,
        1,
        1,
        1,
        1,
        1,
        1,
        1,
        1,
        1,
        1,
        1,
        1
      ],
      [
        0,
        0,
        0,
        0,
        0,
        0,
        0,
        0,
        0,
        0,
        0,
        0,
        0,
        0,
        0,
        0,
        0,
        0,
        0,
        0,
        0,
        0,
        0,
        0
      ],
      [
        1,
        1,
        1,
        1,
        1,
        1,
        1,
        1,
        1,
        1,
        1,
        1,
        1,
        1,
        1,
        1,
        1,
        1,
        1,
        1,
        1,
        1,
        1,
        1
      ],
      [
        0,
        0,
        0,
        0,
        0,
        0,
        0,
        0,
        0,
        0,
        0,
        0,
        0,
        0,
        0,
        0,
        0,
        0,
        0,
        0,
        0,
        0,
        0,
        0
      ],
      [
        1,
        1,
        1,
        1,
        1,
        1,
        1,
        1,
        1,
        1,
        1,
        1,
        1,
        1,
        1,
        1,
        1,
        1,
        1,
        1,
        1,
        1,
        1,
        1
      ],
      [
        0,
        0,
        0,
        0,
        0,
        0,
        0,
        0,
        0,
        0,
        0,
        0,
        0,
        0,
        0,
        0,
        0,
        0,
        0,
        0,
        0,
        0,
        0,
        0
      ],
      [
        1,
        1,
        1,
        1,
        1,
        1,
        1,
        1,
        1,
        1,
        1,
        1,
        1,
        1,
        1,
        1,
        1,
        1,
        1,
        1,
        0,
        0,
        0,
        0
      ]
    ],
    "geneID": 74903,
    "nextLine": 15,
    "module": {
      "selector": "71_layout_module",
      "accordion": {
        "module": {
          "$ref": "#layoutTable.module"
        },
        "selector": "#71_layout_module_accordion"
      },
      "table": {
        "$ref": "#layoutTable"
      },
      "data": {
        "$ref": "#genes"
      },
      "dataID": {
        "44493": 0,
        "74903": 1
      },
      "dataIndex": {
        "0": 44493,
        "1": 74903
      },
      "claimedTiles": [
        [],
        []
      ],
      "layoutTiles": [
        [],
        []
      ],
      "active": 0,
      "activeID": -1,
      "firstRun": true,
      "activePatternID": 74903,
      "stop": false,
      "hue": 105,
      "activeElement": {
        "$ref": "#genes.0"
      }
    }
  },
  "exclusionsTable": {
    "type": 1,
    "row": 16,
    "col": 24,
    "idNum": 36063,
    "id": "#36063_table",
    "tiles": [
      [
        0,
        0,
        0,
        0,
        0,
        0,
        0,
        0,
        0,
        0,
        0,
        0,
        0,
        0,
        0,
        0,
        0,
        0,
        0,
        0,
        0,
        0,
        0,
        0
      ],
      [
        0,
        0,
        0,
        0,
        0,
        0,
        0,
        0,
        0,
        0,
        0,
        0,
        0,
        0,
        0,
        0,
        0,
        0,
        0,
        0,
        0,
        0,
        0,
        0
      ],
      [
        0,
        0,
        0,
        0,
        0,
        0,
        0,
        0,
        0,
        0,
        0,
        0,
        0,
        0,
        0,
        0,
        0,
        0,
        0,
        0,
        0,
        0,
        0,
        0
      ],
      [
        0,
        0,
        0,
        0,
        0,
        0,
        0,
        0,
        0,
        0,
        0,
        0,
        0,
        0,
        0,
        0,
        0,
        0,
        0,
        0,
        0,
        0,
        0,
        0
      ],
      [
        0,
        0,
        0,
        0,
        0,
        0,
        0,
        0,
        0,
        0,
        0,
        0,
        0,
        0,
        0,
        0,
        0,
        0,
        0,
        0,
        0,
        0,
        0,
        0
      ],
      [
        0,
        0,
        0,
        0,
        0,
        0,
        0,
        0,
        0,
        0,
        0,
        0,
        0,
        0,
        0,
        0,
        0,
        0,
        0,
        0,
        0,
        0,
        0,
        0
      ],
      [
        0,
        0,
        0,
        0,
        0,
        0,
        0,
        0,
        0,
        0,
        0,
        0,
        0,
        0,
        0,
        0,
        0,
        0,
        0,
        0,
        0,
        0,
        0,
        0
      ],
      [
        0,
        0,
        0,
        0,
        0,
        0,
        0,
        0,
        0,
        0,
        0,
        0,
        0,
        0,
        0,
        0,
        0,
        0,
        0,
        0,
        0,
        0,
        0,
        0
      ],
      [
        0,
        0,
        0,
        0,
        0,
        0,
        0,
        0,
        0,
        0,
        0,
        0,
        0,
        0,
        0,
        0,
        0,
        0,
        0,
        0,
        0,
        0,
        0,
        0
      ],
      [
        0,
        0,
        0,
        0,
        0,
        0,
        0,
        0,
        0,
        0,
        0,
        0,
        0,
        0,
        0,
        0,
        0,
        0,
        0,
        0,
        0,
        0,
        0,
        0
      ],
      [
        0,
        0,
        0,
        0,
        0,
        0,
        0,
        0,
        0,
        0,
        0,
        0,
        0,
        0,
        0,
        0,
        0,
        0,
        0,
        0,
        0,
        0,
        0,
        0
      ],
      [
        0,
        0,
        0,
        0,
        0,
        0,
        0,
        0,
        0,
        0,
        0,
        0,
        0,
        0,
        0,
        0,
        0,
        0,
        0,
        0,
        0,
        0,
        0,
        0
      ],
      [
        0,
        0,
        0,
        0,
        0,
        0,
        0,
        0,
        0,
        0,
        0,
        0,
        0,
        0,
        0,
        0,
        0,
        0,
        0,
        0,
        0,
        0,
        0,
        0
      ],
      [
        0,
        0,
        0,
        0,
        0,
        0,
        0,
        0,
        0,
        0,
        0,
        0,
        0,
        0,
        0,
        0,
        0,
        0,
        0,
        0,
        0,
        0,
        0,
        0
      ],
      [
        0,
        0,
        0,
        0,
        0,
        0,
        0,
        0,
        0,
        0,
        0,
        0,
        0,
        0,
        0,
        0,
        0,
        0,
        0,
        0,
        0,
        0,
        0,
        0
      ],
      [
        0,
        0,
        0,
        0,
        0,
        0,
        0,
        0,
        0,
        0,
        0,
        0,
        0,
        0,
        0,
        0,
        0,
        0,
        0,
        0,
        0,
        0,
        0,
        0
      ]
    ],
    "layoutTiles": [
      [
        0,
        0,
        0,
        0,
        0,
        0,
        0,
        0,
        0,
        0,
        0,
        0,
        0,
        0,
        0,
        0,
        0,
        0,
        0,
        0,
        0,
        0,
        0,
        0
      ],
      [
        0,
        0,
        0,
        0,
        0,
        0,
        0,
        0,
        0,
        0,
        0,
        0,
        0,
        0,
        0,
        0,
        0,
        0,
        0,
        0,
        0,
        0,
        0,
        0
      ],
      [
        0,
        0,
        0,
        0,
        0,
        0,
        0,
        0,
        0,
        0,
        0,
        0,
        0,
        0,
        0,
        0,
        0,
        0,
        0,
        0,
        0,
        0,
        0,
        0
      ],
      [
        0,
        0,
        0,
        0,
        0,
        0,
        0,
        0,
        0,
        0,
        0,
        0,
        0,
        0,
        0,
        0,
        0,
        0,
        0,
        0,
        0,
        0,
        0,
        0
      ],
      [
        0,
        0,
        0,
        0,
        0,
        0,
        0,
        0,
        0,
        0,
        0,
        0,
        0,
        0,
        0,
        0,
        0,
        0,
        0,
        0,
        0,
        0,
        0,
        0
      ],
      [
        0,
        0,
        0,
        0,
        0,
        0,
        0,
        0,
        0,
        0,
        0,
        0,
        0,
        0,
        0,
        0,
        0,
        0,
        0,
        0,
        0,
        0,
        0,
        0
      ],
      [
        0,
        0,
        0,
        0,
        0,
        0,
        0,
        0,
        0,
        0,
        0,
        0,
        0,
        0,
        0,
        0,
        0,
        0,
        0,
        0,
        0,
        0,
        0,
        0
      ],
      [
        0,
        0,
        0,
        0,
        0,
        0,
        0,
        0,
        0,
        0,
        0,
        0,
        0,
        0,
        0,
        0,
        0,
        0,
        0,
        0,
        0,
        0,
        0,
        0
      ],
      [
        0,
        0,
        0,
        0,
        0,
        0,
        0,
        0,
        0,
        0,
        0,
        0,
        0,
        0,
        0,
        0,
        0,
        0,
        0,
        0,
        0,
        0,
        0,
        0
      ],
      [
        0,
        0,
        0,
        0,
        0,
        0,
        0,
        0,
        0,
        0,
        0,
        0,
        0,
        0,
        0,
        0,
        0,
        0,
        0,
        0,
        0,
        0,
        0,
        0
      ],
      [
        0,
        0,
        0,
        0,
        0,
        0,
        0,
        0,
        0,
        0,
        0,
        0,
        0,
        0,
        0,
        0,
        0,
        0,
        0,
        0,
        0,
        0,
        0,
        0
      ],
      [
        0,
        0,
        0,
        0,
        0,
        0,
        0,
        0,
        0,
        0,
        0,
        0,
        0,
        0,
        0,
        0,
        0,
        0,
        0,
        0,
        0,
        0,
        0,
        0
      ],
      [
        0,
        0,
        0,
        0,
        0,
        0,
        0,
        0,
        0,
        0,
        0,
        0,
        0,
        0,
        0,
        0,
        0,
        0,
        0,
        0,
        0,
        0,
        0,
        0
      ],
      [
        0,
        0,
        0,
        0,
        0,
        0,
        0,
        0,
        0,
        0,
        0,
        0,
        0,
        0,
        0,
        0,
        0,
        0,
        0,
        0,
        0,
        0,
        0,
        0
      ],
      [
        0,
        0,
        0,
        0,
        0,
        0,
        0,
        0,
        0,
        0,
        0,
        0,
        0,
        0,
        0,
        0,
        0,
        0,
        0,
        0,
        0,
        0,
        0,
        0
      ],
      [
        0,
        0,
        0,
        0,
        0,
        0,
        0,
        0,
        0,
        0,
        0,
        0,
        0,
        0,
        0,
        0,
        0,
        0,
        0,
        0,
        0,
        0,
        0,
        0
      ]
    ],
    "replicateTiles": [
      [
        0,
        0,
        0,
        0,
        0,
        0,
        0,
        0,
        0,
        0,
        0,
        0,
        0,
        0,
        0,
        0,
        0,
        0,
        0,
        0,
        0,
        0,
        0,
        0
      ],
      [
        0,
        0,
        0,
        0,
        0,
        0,
        0,
        0,
        0,
        0,
        0,
        0,
        0,
        0,
        0,
        0,
        0,
        0,
        0,
        0,
        0,
        0,
        0,
        0
      ],
      [
        0,
        0,
        0,
        0,
        0,
        0,
        0,
        0,
        0,
        0,
        0,
        0,
        0,
        0,
        0,
        0,
        0,
        0,
        0,
        0,
        0,
        0,
        0,
        0
      ],
      [
        0,
        0,
        0,
        0,
        0,
        0,
        0,
        0,
        0,
        0,
        0,
        0,
        0,
        0,
        0,
        0,
        0,
        0,
        0,
        0,
        0,
        0,
        0,
        0
      ],
      [
        0,
        0,
        0,
        0,
        0,
        0,
        0,
        0,
        0,
        0,
        0,
        0,
        0,
        0,
        0,
        0,
        0,
        0,
        0,
        0,
        0,
        0,
        0,
        0
      ],
      [
        0,
        0,
        0,
        0,
        0,
        0,
        0,
        0,
        0,
        0,
        0,
        0,
        0,
        0,
        0,
        0,
        0,
        0,
        0,
        0,
        0,
        0,
        0,
        0
      ],
      [
        0,
        0,
        0,
        0,
        0,
        0,
        0,
        0,
        0,
        0,
        0,
        0,
        0,
        0,
        0,
        0,
        0,
        0,
        0,
        0,
        0,
        0,
        0,
        0
      ],
      [
        0,
        0,
        0,
        0,
        0,
        0,
        0,
        0,
        0,
        0,
        0,
        0,
        0,
        0,
        0,
        0,
        0,
        0,
        0,
        0,
        0,
        0,
        0,
        0
      ],
      [
        0,
        0,
        0,
        0,
        0,
        0,
        0,
        0,
        0,
        0,
        0,
        0,
        0,
        0,
        0,
        0,
        0,
        0,
        0,
        0,
        0,
        0,
        0,
        0
      ],
      [
        0,
        0,
        0,
        0,
        0,
        0,
        0,
        0,
        0,
        0,
        0,
        0,
        0,
        0,
        0,
        0,
        0,
        0,
        0,
        0,
        0,
        0,
        0,
        0
      ],
      [
        0,
        0,
        0,
        0,
        0,
        0,
        0,
        0,
        0,
        0,
        0,
        0,
        0,
        0,
        0,
        0,
        0,
        0,
        0,
        0,
        0,
        0,
        0,
        0
      ],
      [
        0,
        0,
        0,
        0,
        0,
        0,
        0,
        0,
        0,
        0,
        0,
        0,
        0,
        0,
        0,
        0,
        0,
        0,
        0,
        0,
        0,
        0,
        0,
        0
      ],
      [
        0,
        0,
        0,
        0,
        0,
        0,
        0,
        0,
        0,
        0,
        0,
        0,
        0,
        0,
        0,
        0,
        0,
        0,
        0,
        0,
        0,
        0,
        0,
        0
      ],
      [
        0,
        0,
        0,
        0,
        0,
        0,
        0,
        0,
        0,
        0,
        0,
        0,
        0,
        0,
        0,
        0,
        0,
        0,
        0,
        0,
        0,
        0,
        0,
        0
      ],
      [
        0,
        0,
        0,
        0,
        0,
        0,
        0,
        0,
        0,
        0,
        0,
        0,
        0,
        0,
        0,
        0,
        0,
        0,
        0,
        0,
        0,
        0,
        0,
        0
      ],
      [
        0,
        0,
        0,
        0,
        0,
        0,
        0,
        0,
        0,
        0,
        0,
        0,
        0,
        0,
        0,
        0,
        0,
        0,
        0,
        0,
        0,
        0,
        0,
        0
      ]
    ],
    "geneID": -1,
    "nextLine": 0,
    "module": {
      "selector": "25_exclusions_module",
      "table": {
        "$ref": "#exclusionsTable"
      },
      "data": [
        {
          "id": 22944,
          "name": "Exclusion 0",
          "type": 1,
          "controlID": -1,
          "color": "eb6767"
        }
      ],
      "dataID": {
        "22944": 0
      },
      "dataIndex": {
        "0": 22944
      },
      "claimedTiles": [
        []
      ],
      "layoutTiles": [
        []
      ],
      "active": -1,
      "activeID": -1,
      "firstRun": true,
      "activePatternID": -1,
      "stop": false,
      "hue": 105,
      "activeElement": {
        "$ref": "#exclusionsTable.module.data.0"
      },
      "refresh": true
    }
  },
  "calculationsTable": {
    "type": 1,
    "row": 16,
    "col": 24,
    "idNum": 95963,
    "id": "#95963_table",
    "tiles": [
      [
        0,
        0,
        0,
        0,
        0,
        0,
        0,
        0,
        0,
        0,
        0,
        0,
        0,
        0,
        0,
        0,
        0,
        0,
        0,
        0,
        0,
        0,
        0,
        0
      ],
      [
        0,
        0,
        0,
        0,
        0,
        0,
        0,
        0,
        0,
        0,
        0,
        0,
        0,
        0,
        0,
        0,
        0,
        0,
        0,
        0,
        0,
        0,
        0,
        0
      ],
      [
        0,
        0,
        0,
        0,
        0,
        0,
        0,
        0,
        0,
        0,
        0,
        0,
        0,
        0,
        0,
        0,
        0,
        0,
        0,
        0,
        0,
        0,
        0,
        0
      ],
      [
        0,
        0,
        0,
        0,
        0,
        0,
        0,
        0,
        0,
        0,
        0,
        0,
        0,
        0,
        0,
        0,
        0,
        0,
        0,
        0,
        0,
        0,
        0,
        0
      ],
      [
        0,
        0,
        0,
        0,
        0,
        0,
        0,
        0,
        0,
        0,
        0,
        0,
        0,
        0,
        0,
        0,
        0,
        0,
        0,
        0,
        0,
        0,
        0,
        0
      ],
      [
        0,
        0,
        0,
        0,
        0,
        0,
        0,
        0,
        0,
        0,
        0,
        0,
        0,
        0,
        0,
        0,
        0,
        0,
        0,
        0,
        0,
        0,
        0,
        0
      ],
      [
        0,
        0,
        0,
        0,
        0,
        0,
        0,
        0,
        0,
        0,
        0,
        0,
        0,
        0,
        0,
        0,
        0,
        0,
        0,
        0,
        0,
        0,
        0,
        0
      ],
      [
        0,
        0,
        0,
        0,
        0,
        0,
        0,
        0,
        0,
        0,
        0,
        0,
        0,
        0,
        0,
        0,
        0,
        0,
        0,
        0,
        0,
        0,
        0,
        0
      ],
      [
        0,
        0,
        0,
        0,
        0,
        0,
        0,
        0,
        0,
        0,
        0,
        0,
        0,
        0,
        0,
        0,
        0,
        0,
        0,
        0,
        0,
        0,
        0,
        0
      ],
      [
        0,
        0,
        0,
        0,
        0,
        0,
        0,
        0,
        0,
        0,
        0,
        0,
        0,
        0,
        0,
        0,
        0,
        0,
        0,
        0,
        0,
        0,
        0,
        0
      ],
      [
        0,
        0,
        0,
        0,
        0,
        0,
        0,
        0,
        0,
        0,
        0,
        0,
        0,
        0,
        0,
        0,
        0,
        0,
        0,
        0,
        0,
        0,
        0,
        0
      ],
      [
        0,
        0,
        0,
        0,
        0,
        0,
        0,
        0,
        0,
        0,
        0,
        0,
        0,
        0,
        0,
        0,
        0,
        0,
        0,
        0,
        0,
        0,
        0,
        0
      ],
      [
        0,
        0,
        0,
        0,
        0,
        0,
        0,
        0,
        0,
        0,
        0,
        0,
        0,
        0,
        0,
        0,
        0,
        0,
        0,
        0,
        0,
        0,
        0,
        0
      ],
      [
        0,
        0,
        0,
        0,
        0,
        0,
        0,
        0,
        0,
        0,
        0,
        0,
        0,
        0,
        0,
        0,
        0,
        0,
        0,
        0,
        0,
        0,
        0,
        0
      ],
      [
        0,
        0,
        0,
        0,
        0,
        0,
        0,
        0,
        0,
        0,
        0,
        0,
        0,
        0,
        0,
        0,
        0,
        0,
        0,
        0,
        0,
        0,
        0,
        0
      ],
      [
        0,
        0,
        0,
        0,
        0,
        0,
        0,
        0,
        0,
        0,
        0,
        0,
        0,
        0,
        0,
        0,
        0,
        0,
        0,
        0,
        0,
        0,
        0,
        0
      ]
    ],
    "layoutTiles": [
      [
        0,
        0,
        0,
        0,
        0,
        0,
        0,
        0,
        0,
        0,
        0,
        0,
        0,
        0,
        0,
        0,
        0,
        0,
        0,
        0,
        0,
        0,
        0,
        0
      ],
      [
        0,
        0,
        0,
        0,
        0,
        0,
        0,
        0,
        0,
        0,
        0,
        0,
        0,
        0,
        0,
        0,
        0,
        0,
        0,
        0,
        0,
        0,
        0,
        0
      ],
      [
        0,
        0,
        0,
        0,
        0,
        0,
        0,
        0,
        0,
        0,
        0,
        0,
        0,
        0,
        0,
        0,
        0,
        0,
        0,
        0,
        0,
        0,
        0,
        0
      ],
      [
        0,
        0,
        0,
        0,
        0,
        0,
        0,
        0,
        0,
        0,
        0,
        0,
        0,
        0,
        0,
        0,
        0,
        0,
        0,
        0,
        0,
        0,
        0,
        0
      ],
      [
        0,
        0,
        0,
        0,
        0,
        0,
        0,
        0,
        0,
        0,
        0,
        0,
        0,
        0,
        0,
        0,
        0,
        0,
        0,
        0,
        0,
        0,
        0,
        0
      ],
      [
        0,
        0,
        0,
        0,
        0,
        0,
        0,
        0,
        0,
        0,
        0,
        0,
        0,
        0,
        0,
        0,
        0,
        0,
        0,
        0,
        0,
        0,
        0,
        0
      ],
      [
        0,
        0,
        0,
        0,
        0,
        0,
        0,
        0,
        0,
        0,
        0,
        0,
        0,
        0,
        0,
        0,
        0,
        0,
        0,
        0,
        0,
        0,
        0,
        0
      ],
      [
        0,
        0,
        0,
        0,
        0,
        0,
        0,
        0,
        0,
        0,
        0,
        0,
        0,
        0,
        0,
        0,
        0,
        0,
        0,
        0,
        0,
        0,
        0,
        0
      ],
      [
        0,
        0,
        0,
        0,
        0,
        0,
        0,
        0,
        0,
        0,
        0,
        0,
        0,
        0,
        0,
        0,
        0,
        0,
        0,
        0,
        0,
        0,
        0,
        0
      ],
      [
        0,
        0,
        0,
        0,
        0,
        0,
        0,
        0,
        0,
        0,
        0,
        0,
        0,
        0,
        0,
        0,
        0,
        0,
        0,
        0,
        0,
        0,
        0,
        0
      ],
      [
        0,
        0,
        0,
        0,
        0,
        0,
        0,
        0,
        0,
        0,
        0,
        0,
        0,
        0,
        0,
        0,
        0,
        0,
        0,
        0,
        0,
        0,
        0,
        0
      ],
      [
        0,
        0,
        0,
        0,
        0,
        0,
        0,
        0,
        0,
        0,
        0,
        0,
        0,
        0,
        0,
        0,
        0,
        0,
        0,
        0,
        0,
        0,
        0,
        0
      ],
      [
        0,
        0,
        0,
        0,
        0,
        0,
        0,
        0,
        0,
        0,
        0,
        0,
        0,
        0,
        0,
        0,
        0,
        0,
        0,
        0,
        0,
        0,
        0,
        0
      ],
      [
        0,
        0,
        0,
        0,
        0,
        0,
        0,
        0,
        0,
        0,
        0,
        0,
        0,
        0,
        0,
        0,
        0,
        0,
        0,
        0,
        0,
        0,
        0,
        0
      ],
      [
        0,
        0,
        0,
        0,
        0,
        0,
        0,
        0,
        0,
        0,
        0,
        0,
        0,
        0,
        0,
        0,
        0,
        0,
        0,
        0,
        0,
        0,
        0,
        0
      ],
      [
        0,
        0,
        0,
        0,
        0,
        0,
        0,
        0,
        0,
        0,
        0,
        0,
        0,
        0,
        0,
        0,
        0,
        0,
        0,
        0,
        0,
        0,
        0,
        0
      ]
    ],
    "replicateTiles": [
      [
        0,
        0,
        0,
        0,
        0,
        0,
        0,
        0,
        0,
        0,
        0,
        0,
        0,
        0,
        0,
        0,
        0,
        0,
        0,
        0,
        0,
        0,
        0,
        0
      ],
      [
        0,
        0,
        0,
        0,
        0,
        0,
        0,
        0,
        0,
        0,
        0,
        0,
        0,
        0,
        0,
        0,
        0,
        0,
        0,
        0,
        0,
        0,
        0,
        0
      ],
      [
        0,
        0,
        0,
        0,
        0,
        0,
        0,
        0,
        0,
        0,
        0,
        0,
        0,
        0,
        0,
        0,
        0,
        0,
        0,
        0,
        0,
        0,
        0,
        0
      ],
      [
        0,
        0,
        0,
        0,
        0,
        0,
        0,
        0,
        0,
        0,
        0,
        0,
        0,
        0,
        0,
        0,
        0,
        0,
        0,
        0,
        0,
        0,
        0,
        0
      ],
      [
        0,
        0,
        0,
        0,
        0,
        0,
        0,
        0,
        0,
        0,
        0,
        0,
        0,
        0,
        0,
        0,
        0,
        0,
        0,
        0,
        0,
        0,
        0,
        0
      ],
      [
        0,
        0,
        0,
        0,
        0,
        0,
        0,
        0,
        0,
        0,
        0,
        0,
        0,
        0,
        0,
        0,
        0,
        0,
        0,
        0,
        0,
        0,
        0,
        0
      ],
      [
        0,
        0,
        0,
        0,
        0,
        0,
        0,
        0,
        0,
        0,
        0,
        0,
        0,
        0,
        0,
        0,
        0,
        0,
        0,
        0,
        0,
        0,
        0,
        0
      ],
      [
        0,
        0,
        0,
        0,
        0,
        0,
        0,
        0,
        0,
        0,
        0,
        0,
        0,
        0,
        0,
        0,
        0,
        0,
        0,
        0,
        0,
        0,
        0,
        0
      ],
      [
        0,
        0,
        0,
        0,
        0,
        0,
        0,
        0,
        0,
        0,
        0,
        0,
        0,
        0,
        0,
        0,
        0,
        0,
        0,
        0,
        0,
        0,
        0,
        0
      ],
      [
        0,
        0,
        0,
        0,
        0,
        0,
        0,
        0,
        0,
        0,
        0,
        0,
        0,
        0,
        0,
        0,
        0,
        0,
        0,
        0,
        0,
        0,
        0,
        0
      ],
      [
        0,
        0,
        0,
        0,
        0,
        0,
        0,
        0,
        0,
        0,
        0,
        0,
        0,
        0,
        0,
        0,
        0,
        0,
        0,
        0,
        0,
        0,
        0,
        0
      ],
      [
        0,
        0,
        0,
        0,
        0,
        0,
        0,
        0,
        0,
        0,
        0,
        0,
        0,
        0,
        0,
        0,
        0,
        0,
        0,
        0,
        0,
        0,
        0,
        0
      ],
      [
        0,
        0,
        0,
        0,
        0,
        0,
        0,
        0,
        0,
        0,
        0,
        0,
        0,
        0,
        0,
        0,
        0,
        0,
        0,
        0,
        0,
        0,
        0,
        0
      ],
      [
        0,
        0,
        0,
        0,
        0,
        0,
        0,
        0,
        0,
        0,
        0,
        0,
        0,
        0,
        0,
        0,
        0,
        0,
        0,
        0,
        0,
        0,
        0,
        0
      ],
      [
        0,
        0,
        0,
        0,
        0,
        0,
        0,
        0,
        0,
        0,
        0,
        0,
        0,
        0,
        0,
        0,
        0,
        0,
        0,
        0,
        0,
        0,
        0,
        0
      ],
      [
        0,
        0,
        0,
        0,
        0,
        0,
        0,
        0,
        0,
        0,
        0,
        0,
        0,
        0,
        0,
        0,
        0,
        0,
        0,
        0,
        0,
        0,
        0,
        0
      ]
    ],
    "geneID": -1,
    "nextLine": 0
  },
  "template": {
    "$ref": "#templateTable.module"
  },
  "layout": {
    "$ref": "#layoutTable.module"
  },
  "exclusion": {
    "$ref": "#exclusionsTable.module"
  },
  "tableType": 1,
  "data": {},
  "colorArray": [
    "ff9999",
    "9a94eb",
    "ffff33",
    "66ccff",
    "cc6600",
    "669900",
    "6633ff",
    "ff9990",
    "9a94e0",
    "ffff30",
    "66ccf0",
    "cc66099",
    "669909",
    "6633f0"
  ],
  "colorIndex": 7,
  "groupIndex": 22,
  "geneIndex": 3
}