{
  "projectName": "Untitled Project",
  "missingValue": 40,
  "coVarianceValue": 2,
  "batchCreationValue": 8,
  "groups": [
    {
      "id": 78424,
      "name": "WT-LIV",
      "type": 0,
      "controlID": -1,
      "color": "A8EB92",
      "claimedTiles": []
    },
    {
      "id": 5198,
      "name": "WT-LUNG",
      "type": 1,
      "controlID": 78424,
      "color": "ff9999",
      "claimedTiles": []
    },
    {
      "id": 98130,
      "name": "Group 3",
      "type": 1,
      "controlID": 78424,
      "color": "9a94eb",
      "claimedTiles": []
    },
    {
      "id": 20273,
      "name": "Group 4",
      "type": 1,
      "controlID": 78424,
      "color": "ffff33",
      "claimedTiles": []
    },
    {
      "id": 19301,
      "name": "Group 5",
      "type": 1,
      "controlID": 78424,
      "color": "66ccff",
      "claimedTiles": []
    },
    {
      "id": 2827,
      "name": "Group 6",
      "type": 1,
      "controlID": 78424,
      "color": "cc6600",
      "claimedTiles": []
    },
    {
      "id": 88940,
      "name": "Group 7",
      "type": 1,
      "controlID": 78424,
      "color": "669900",
      "claimedTiles": []
    },
    {
      "id": 97131,
      "name": "Group 8",
      "type": 1,
      "controlID": 78424,
      "color": "6633ff",
      "claimedTiles": []
    },
    {
      "id": 34639,
      "name": "Group 9",
      "type": 1,
      "controlID": 78424,
      "color": "ff9990",
      "claimedTiles": []
    },
    {
      "id": 98944,
      "name": "Group 10",
      "type": 1,
      "controlID": 78424,
      "color": "9a94e0",
      "claimedTiles": []
    },
    {
      "id": 75119,
      "name": "Group 11",
      "type": 1,
      "controlID": 78424,
      "color": "ffff30",
      "claimedTiles": []
    },
    {
      "id": 24719,
      "name": "Group 12",
      "type": 1,
      "controlID": 78424,
      "color": "66ccf0",
      "claimedTiles": []
    },
    {
      "id": 74265,
      "name": "Group 13",
      "type": 1,
      "controlID": 78424,
      "color": "cc292e",
      "claimedTiles": []
    },
    {
      "id": 26356,
      "name": "Group 14",
      "type": "0",
      "controlID": -1,
      "color": "669909",
      "claimedTiles": []
    },
    {
      "id": 27517,
      "name": "Group 15",
      "type": 1,
      "controlID": 26356,
      "color": "6633f0",
      "claimedTiles": []
    },
    {
      "id": 86930,
      "name": "Group 16",
      "type": 1,
      "controlID": 26356,
      "color": "ff9999",
      "claimedTiles": []
    },
    {
      "id": 25694,
      "name": "Group 17",
      "type": 1,
      "controlID": 26356,
      "color": "9a94eb",
      "claimedTiles": []
    },
    {
      "id": 6344,
      "name": "Group 18",
      "type": 1,
      "controlID": 26356,
      "color": "ffff33",
      "claimedTiles": []
    },
    {
      "id": 14274,
      "name": "Group 19",
      "type": "1",
      "controlID": 26356,
      "color": "66ccff",
      "claimedTiles": []
    },
    {
      "id": 66829,
      "name": "Group 20",
      "type": 1,
      "controlID": 26356,
      "color": "cc6600",
      "claimedTiles": []
    },
    {
      "id": 77734,
      "name": "Group 21",
      "type": 1,
      "controlID": 26356,
      "color": "669900",
      "claimedTiles": []
    }
  ],
  "genes": [
    {
      "id": 44493,
      "name": "Gene 1",
      "type": 0,
      "controlID": -1,
      "color": "ff9999",
      "claimedTiles": [],
      "hidden": true
    },
    {
      "id": 48475,
      "name": "timp2",
      "type": 1,
      "controlID": 44493,
      "replicates": 1,
      "patternType": 3,
      "color": "ff9999"
    },
    {
      "id": 25812,
      "name": "inos",
      "type": 1,
      "controlID": 44493,
      "replicates": 1,
      "patternType": 4,
      "color": "9a94eb"
    }
  ],
  "templateTable": {
    "type": 0,
    "row": 8,
    "col": 12,
    "idNum": 93654,
    "id": "#93654_table",
    "tiles": [
      [
        78424,
        78424,
        78424,
        5198,
        5198,
        26356,
        26356,
        26356,
        27517,
        27517,
        66829,
        66829
      ],
      [
        98130,
        98130,
        98130,
        98130,
        98130,
        98130,
        98130,
        98130,
        98130,
        20273,
        20273,
        20273
      ],
      [
        20273,
        19301,
        19301,
        19301,
        19301,
        19301,
        2827,
        2827,
        2827,
        2827,
        2827,
        2827
      ],
      [
        88940,
        88940,
        88940,
        86930,
        86930,
        86930,
        86930,
        86930,
        86930,
        25694,
        25694,
        25694
      ],
      [
        25694,
        25694,
        25694,
        6344,
        6344,
        6344,
        6344,
        6344,
        14274,
        14274,
        77734,
        77734
      ],
      [
        97131,
        97131,
        97131,
        97131,
        24719,
        97131,
        97131,
        24719,
        74265,
        34639,
        34639,
        34639
      ],
      [
        34639,
        34639,
        74265,
        34639,
        98944,
        98944,
        98944,
        24719,
        98944,
        98944,
        98944,
        98944
      ],
      [
        24719,
        98944,
        75119,
        75119,
        75119,
        75119,
        75119,
        75119,
        75119,
        75119,
        0,
        0
      ]
    ],
    "layoutTiles": [
      [
        0,
        0,
        0,
        0,
        0,
        0,
        0,
        0,
        0,
        0,
        0,
        0
      ],
      [
        0,
        0,
        0,
        0,
        0,
        0,
        0,
        0,
        0,
        0,
        0,
        0
      ],
      [
        0,
        0,
        0,
        0,
        0,
        0,
        0,
        0,
        0,
        0,
        0,
        0
      ],
      [
        0,
        0,
        0,
        0,
        0,
        0,
        0,
        0,
        0,
        0,
        0,
        0
      ],
      [
        0,
        0,
        0,
        0,
        0,
        0,
        0,
        0,
        0,
        0,
        0,
        0
      ],
      [
        0,
        0,
        0,
        0,
        0,
        0,
        0,
        0,
        0,
        0,
        0,
        0
      ],
      [
        0,
        0,
        0,
        0,
        0,
        0,
        0,
        0,
        0,
        0,
        0,
        0
      ],
      [
        0,
        0,
        0,
        0,
        0,
        0,
        0,
        0,
        0,
        0,
        0,
        0
      ],
      [],
      [],
      [],
      [],
      [],
      [],
      [],
      [],
      [],
      [],
      [],
      [],
      [],
      [],
      [],
      [],
      [],
      [],
      [],
      [],
      [],
      []
    ],
    "replicateTiles": [
      [
        0,
        0,
        0,
        0,
        0,
        0,
        0,
        0,
        0,
        0,
        0,
        0
      ],
      [
        0,
        0,
        0,
        0,
        0,
        0,
        0,
        0,
        0,
        0,
        0,
        0
      ],
      [
        0,
        0,
        0,
        0,
        0,
        0,
        0,
        0,
        0,
        0,
        0,
        0
      ],
      [
        0,
        0,
        0,
        0,
        0,
        0,
        0,
        0,
        0,
        0,
        0,
        0
      ],
      [
        0,
        0,
        0,
        0,
        0,
        0,
        0,
        0,
        0,
        0,
        0,
        0
      ],
      [
        0,
        0,
        0,
        0,
        0,
        0,
        0,
        0,
        0,
        0,
        0,
        0
      ],
      [
        0,
        0,
        0,
        0,
        0,
        0,
        0,
        0,
        0,
        0,
        0,
        0
      ],
      [
        0,
        0,
        0,
        0,
        0,
        0,
        0,
        0,
        0,
        0,
        0,
        0
      ]
    ],
    "geneID": -1,
    "nextLine": 0,
    "module": {
      "selector": "84_template_module",
      "accordion": {
        "module": {
          "$ref": "#templateTable.module"
        },
        "selector": "#84_template_module_accordion"
      },
      "table": {
        "$ref": "#templateTable"
      },
      "data": {
        "$ref": "#groups"
      },
      "dataID": {
        "78424": 0,
        "5198": 1,
        "98130": 2,
        "20273": 3,
        "19301": 4,
        "2827": 5,
        "88940": 6,
        "97131": 7,
        "34639": 8,
        "98944": 9,
        "75119": 10,
        "24719": 11,
        "74265": 12,
        "26356": 13,
        "27517": 14,
        "86930": 15,
        "25694": 16,
        "6344": 17,
        "14274": 18,
        "66829": 19,
        "77734": 20
      },
      "dataIndex": {
        "0": 78424,
        "1": 5198,
        "2": 98130,
        "3": 20273,
        "4": 19301,
        "5": 2827,
        "6": 88940,
        "7": 97131,
        "8": 34639,
        "9": 98944,
        "10": 75119,
        "11": 24719,
        "12": 74265,
        "13": 26356,
        "14": 27517,
        "15": 86930,
        "16": 25694,
        "17": 6344,
        "18": 14274,
        "19": 66829,
        "20": 77734
      },
      "claimedTiles": [
        [
          "#0_0_93654",
          "#0_1_93654",
          "#0_2_93654"
        ],
        [
          "#0_3_93654",
          "#0_4_93654"
        ],
        [
          "#1_0_93654",
          "#1_1_93654",
          "#1_2_93654",
          "#1_3_93654",
          "#1_4_93654",
          "#1_5_93654",
          "#1_6_93654",
          "#1_7_93654",
          "#1_8_93654"
        ],
        [
          "#1_9_93654",
          "#1_10_93654",
          "#1_11_93654",
          "#2_0_93654"
        ],
        [
          "#2_1_93654",
          "#2_2_93654",
          "#2_3_93654",
          "#2_4_93654",
          "#2_5_93654"
        ],
        [
          "#2_6_93654",
          "#2_7_93654",
          "#2_8_93654",
          "#2_9_93654",
          "#2_10_93654",
          "#2_11_93654"
        ],
        [
          "#3_0_93654",
          "#3_1_93654",
          "#3_2_93654"
        ],
        [
          "#5_0_93654",
          "#5_1_93654",
          "#5_2_93654",
          "#5_3_93654",
          "#5_5_93654",
          "#5_6_93654"
        ],
        [
          "#5_9_93654",
          "#5_10_93654",
          "#5_11_93654",
          "#6_0_93654",
          "#6_1_93654",
          "#6_3_93654"
        ],
        [
          "#6_4_93654",
          "#6_5_93654",
          "#6_6_93654",
          "#6_8_93654",
          "#6_9_93654",
          "#6_10_93654",
          "#6_11_93654",
          "#7_1_93654"
        ],
        [
          "#7_2_93654",
          "#7_3_93654",
          "#7_4_93654",
          "#7_5_93654",
          "#7_6_93654",
          "#7_7_93654",
          "#7_8_93654",
          "#7_9_93654"
        ],
        [
          "#5_4_93654",
          "#5_7_93654",
          "#6_7_93654",
          "#7_0_93654"
        ],
        [
          "#5_8_93654",
          "#6_2_93654"
        ],
        [
          "#0_5_93654",
          "#0_6_93654",
          "#0_7_93654"
        ],
        [
          "#0_8_93654",
          "#0_9_93654"
        ],
        [
          "#3_3_93654",
          "#3_4_93654",
          "#3_5_93654",
          "#3_6_93654",
          "#3_7_93654",
          "#3_8_93654"
        ],
        [
          "#3_9_93654",
          "#3_10_93654",
          "#3_11_93654",
          "#4_0_93654",
          "#4_1_93654",
          "#4_2_93654"
        ],
        [
          "#4_3_93654",
          "#4_4_93654",
          "#4_5_93654",
          "#4_6_93654",
          "#4_7_93654"
        ],
        [
          "#4_8_93654",
          "#4_9_93654"
        ],
        [
          "#0_10_93654",
          "#0_11_93654"
        ],
        [
          "#4_10_93654",
          "#4_11_93654"
        ]
      ],
      "layoutTiles": [
        [
          "#0_0_25344",
          "#0_2_25344",
          "#0_4_25344",
          "#1_0_25344",
          "#1_2_25344",
          "#1_4_25344",
          "#0_0_25344",
          "#0_1_25344",
          "#0_2_25344",
          "#0_3_25344",
          "#0_4_25344",
          "#0_5_25344",
          "#1_0_25344",
          "#1_1_25344",
          "#1_2_25344",
          "#1_3_25344",
          "#1_4_25344",
          "#1_5_25344"
        ],
        [
          "#0_6_25344",
          "#0_8_25344",
          "#1_6_25344",
          "#1_8_25344",
          "#0_6_25344",
          "#0_7_25344",
          "#0_8_25344",
          "#0_9_25344",
          "#1_6_25344",
          "#1_7_25344",
          "#1_8_25344",
          "#1_9_25344"
        ],
        [
          "#2_0_25344",
          "#2_2_25344",
          "#2_4_25344",
          "#2_6_25344",
          "#2_8_25344",
          "#2_10_25344",
          "#2_12_25344",
          "#2_14_25344",
          "#2_16_25344",
          "#3_0_25344",
          "#3_2_25344",
          "#3_4_25344",
          "#3_6_25344",
          "#3_8_25344",
          "#3_10_25344",
          "#3_12_25344",
          "#3_14_25344",
          "#3_16_25344",
          "#2_0_25344",
          "#2_1_25344",
          "#2_2_25344",
          "#2_3_25344",
          "#2_4_25344",
          "#2_5_25344",
          "#2_6_25344",
          "#2_7_25344",
          "#2_8_25344",
          "#2_9_25344",
          "#2_10_25344",
          "#2_11_25344",
          "#2_12_25344",
          "#2_13_25344",
          "#2_14_25344",
          "#2_15_25344",
          "#2_16_25344",
          "#2_17_25344",
          "#3_0_25344",
          "#3_1_25344",
          "#3_2_25344",
          "#3_3_25344",
          "#3_4_25344",
          "#3_5_25344",
          "#3_6_25344",
          "#3_7_25344",
          "#3_8_25344",
          "#3_9_25344",
          "#3_10_25344",
          "#3_11_25344",
          "#3_12_25344",
          "#3_13_25344",
          "#3_14_25344",
          "#3_15_25344",
          "#3_16_25344",
          "#3_17_25344"
        ],
        [
          "#2_18_25344",
          "#2_20_25344",
          "#2_22_25344",
          "#3_18_25344",
          "#3_20_25344",
          "#3_22_25344",
          "#4_0_25344",
          "#5_0_25344",
          "#2_18_25344",
          "#2_19_25344",
          "#2_20_25344",
          "#2_21_25344",
          "#2_22_25344",
          "#2_23_25344",
          "#3_18_25344",
          "#3_19_25344",
          "#3_20_25344",
          "#3_21_25344",
          "#3_22_25344",
          "#3_23_25344",
          "#4_0_25344",
          "#4_1_25344",
          "#5_0_25344",
          "#5_1_25344"
        ],
        [
          "#4_2_25344",
          "#4_4_25344",
          "#4_6_25344",
          "#4_8_25344",
          "#4_10_25344",
          "#5_2_25344",
          "#5_4_25344",
          "#5_6_25344",
          "#5_8_25344",
          "#5_10_25344",
          "#4_2_25344",
          "#4_3_25344",
          "#4_4_25344",
          "#4_5_25344",
          "#4_6_25344",
          "#4_7_25344",
          "#4_8_25344",
          "#4_9_25344",
          "#4_10_25344",
          "#4_11_25344",
          "#5_2_25344",
          "#5_3_25344",
          "#5_4_25344",
          "#5_5_25344",
          "#5_6_25344",
          "#5_7_25344",
          "#5_8_25344",
          "#5_9_25344",
          "#5_10_25344",
          "#5_11_25344"
        ],
        [
          "#4_12_25344",
          "#4_14_25344",
          "#4_16_25344",
          "#4_18_25344",
          "#4_20_25344",
          "#4_22_25344",
          "#5_12_25344",
          "#5_14_25344",
          "#5_16_25344",
          "#5_18_25344",
          "#5_20_25344",
          "#5_22_25344",
          "#4_12_25344",
          "#4_13_25344",
          "#4_14_25344",
          "#4_15_25344",
          "#4_16_25344",
          "#4_17_25344",
          "#4_18_25344",
          "#4_19_25344",
          "#4_20_25344",
          "#4_21_25344",
          "#4_22_25344",
          "#4_23_25344",
          "#5_12_25344",
          "#5_13_25344",
          "#5_14_25344",
          "#5_15_25344",
          "#5_16_25344",
          "#5_17_25344",
          "#5_18_25344",
          "#5_19_25344",
          "#5_20_25344",
          "#5_21_25344",
          "#5_22_25344",
          "#5_23_25344"
        ],
        [
          "#6_0_25344",
          "#6_2_25344",
          "#6_4_25344",
          "#7_0_25344",
          "#7_2_25344",
          "#7_4_25344",
          "#6_0_25344",
          "#6_1_25344",
          "#6_2_25344",
          "#6_3_25344",
          "#6_4_25344",
          "#6_5_25344",
          "#7_0_25344",
          "#7_1_25344",
          "#7_2_25344",
          "#7_3_25344",
          "#7_4_25344",
          "#7_5_25344"
        ],
        [
          "#10_0_25344",
          "#10_2_25344",
          "#10_4_25344",
          "#10_6_25344",
          "#10_10_25344",
          "#10_12_25344",
          "#11_0_25344",
          "#11_2_25344",
          "#11_4_25344",
          "#11_6_25344",
          "#11_10_25344",
          "#11_12_25344",
          "#10_0_25344",
          "#10_1_25344",
          "#10_2_25344",
          "#10_3_25344",
          "#10_4_25344",
          "#10_5_25344",
          "#10_6_25344",
          "#10_7_25344",
          "#10_10_25344",
          "#10_11_25344",
          "#10_12_25344",
          "#10_13_25344",
          "#11_0_25344",
          "#11_1_25344",
          "#11_2_25344",
          "#11_3_25344",
          "#11_4_25344",
          "#11_5_25344",
          "#11_6_25344",
          "#11_7_25344",
          "#11_10_25344",
          "#11_11_25344",
          "#11_12_25344",
          "#11_13_25344"
        ],
        [
          "#10_18_25344",
          "#10_20_25344",
          "#10_22_25344",
          "#11_18_25344",
          "#11_20_25344",
          "#11_22_25344",
          "#12_0_25344",
          "#12_2_25344",
          "#12_6_25344",
          "#13_0_25344",
          "#13_2_25344",
          "#13_6_25344",
          "#10_18_25344",
          "#10_19_25344",
          "#10_20_25344",
          "#10_21_25344",
          "#10_22_25344",
          "#10_23_25344",
          "#11_18_25344",
          "#11_19_25344",
          "#11_20_25344",
          "#11_21_25344",
          "#11_22_25344",
          "#11_23_25344",
          "#12_0_25344",
          "#12_1_25344",
          "#12_2_25344",
          "#12_3_25344",
          "#12_6_25344",
          "#12_7_25344",
          "#13_0_25344",
          "#13_1_25344",
          "#13_2_25344",
          "#13_3_25344",
          "#13_6_25344",
          "#13_7_25344"
        ],
        [
          "#12_8_25344",
          "#12_10_25344",
          "#12_12_25344",
          "#12_16_25344",
          "#12_18_25344",
          "#12_20_25344",
          "#12_22_25344",
          "#13_8_25344",
          "#13_10_25344",
          "#13_12_25344",
          "#13_16_25344",
          "#13_18_25344",
          "#13_20_25344",
          "#13_22_25344",
          "#14_2_25344",
          "#15_2_25344",
          "#12_8_25344",
          "#12_9_25344",
          "#12_10_25344",
          "#12_11_25344",
          "#12_12_25344",
          "#12_13_25344",
          "#12_16_25344",
          "#12_17_25344",
          "#12_18_25344",
          "#12_19_25344",
          "#12_20_25344",
          "#12_21_25344",
          "#12_22_25344",
          "#12_23_25344",
          "#13_8_25344",
          "#13_9_25344",
          "#13_10_25344",
          "#13_11_25344",
          "#13_12_25344",
          "#13_13_25344",
          "#13_16_25344",
          "#13_17_25344",
          "#13_18_25344",
          "#13_19_25344",
          "#13_20_25344",
          "#13_21_25344",
          "#13_22_25344",
          "#13_23_25344",
          "#14_2_25344",
          "#14_3_25344",
          "#15_2_25344",
          "#15_3_25344"
        ],
        [
          "#14_4_25344",
          "#14_6_25344",
          "#14_8_25344",
          "#14_10_25344",
          "#14_12_25344",
          "#14_14_25344",
          "#14_16_25344",
          "#14_18_25344",
          "#15_4_25344",
          "#15_6_25344",
          "#15_8_25344",
          "#15_10_25344",
          "#15_12_25344",
          "#15_14_25344",
          "#15_16_25344",
          "#15_18_25344",
          "#14_4_25344",
          "#14_5_25344",
          "#14_6_25344",
          "#14_7_25344",
          "#14_8_25344",
          "#14_9_25344",
          "#14_10_25344",
          "#14_11_25344",
          "#14_12_25344",
          "#14_13_25344",
          "#14_14_25344",
          "#14_15_25344",
          "#14_16_25344",
          "#14_17_25344",
          "#14_18_25344",
          "#14_19_25344",
          "#15_4_25344",
          "#15_5_25344",
          "#15_6_25344",
          "#15_7_25344",
          "#15_8_25344",
          "#15_9_25344",
          "#15_10_25344",
          "#15_11_25344",
          "#15_12_25344",
          "#15_13_25344",
          "#15_14_25344",
          "#15_15_25344",
          "#15_16_25344",
          "#15_17_25344",
          "#15_18_25344",
          "#15_19_25344"
        ],
        [
          "#10_8_25344",
          "#10_14_25344",
          "#11_8_25344",
          "#11_14_25344",
          "#12_14_25344",
          "#13_14_25344",
          "#14_0_25344",
          "#15_0_25344",
          "#10_8_25344",
          "#10_9_25344",
          "#10_14_25344",
          "#10_15_25344",
          "#11_8_25344",
          "#11_9_25344",
          "#11_14_25344",
          "#11_15_25344",
          "#12_14_25344",
          "#12_15_25344",
          "#13_14_25344",
          "#13_15_25344",
          "#14_0_25344",
          "#14_1_25344",
          "#15_0_25344",
          "#15_1_25344"
        ],
        [
          "#10_16_25344",
          "#11_16_25344",
          "#12_4_25344",
          "#13_4_25344",
          "#10_16_25344",
          "#10_17_25344",
          "#11_16_25344",
          "#11_17_25344",
          "#12_4_25344",
          "#12_5_25344",
          "#13_4_25344",
          "#13_5_25344"
        ],
        [
          "#0_10_25344",
          "#0_12_25344",
          "#0_14_25344",
          "#1_10_25344",
          "#1_12_25344",
          "#1_14_25344",
          "#0_10_25344",
          "#0_11_25344",
          "#0_12_25344",
          "#0_13_25344",
          "#0_14_25344",
          "#0_15_25344",
          "#1_10_25344",
          "#1_11_25344",
          "#1_12_25344",
          "#1_13_25344",
          "#1_14_25344",
          "#1_15_25344"
        ],
        [
          "#0_16_25344",
          "#0_18_25344",
          "#1_16_25344",
          "#1_18_25344",
          "#0_16_25344",
          "#0_17_25344",
          "#0_18_25344",
          "#0_19_25344",
          "#1_16_25344",
          "#1_17_25344",
          "#1_18_25344",
          "#1_19_25344"
        ],
        [
          "#6_6_25344",
          "#6_8_25344",
          "#6_10_25344",
          "#6_12_25344",
          "#6_14_25344",
          "#6_16_25344",
          "#7_6_25344",
          "#7_8_25344",
          "#7_10_25344",
          "#7_12_25344",
          "#7_14_25344",
          "#7_16_25344",
          "#6_6_25344",
          "#6_7_25344",
          "#6_8_25344",
          "#6_9_25344",
          "#6_10_25344",
          "#6_11_25344",
          "#6_12_25344",
          "#6_13_25344",
          "#6_14_25344",
          "#6_15_25344",
          "#6_16_25344",
          "#6_17_25344",
          "#7_6_25344",
          "#7_7_25344",
          "#7_8_25344",
          "#7_9_25344",
          "#7_10_25344",
          "#7_11_25344",
          "#7_12_25344",
          "#7_13_25344",
          "#7_14_25344",
          "#7_15_25344",
          "#7_16_25344",
          "#7_17_25344"
        ],
        [
          "#6_18_25344",
          "#6_20_25344",
          "#6_22_25344",
          "#7_18_25344",
          "#7_20_25344",
          "#7_22_25344",
          "#8_0_25344",
          "#8_2_25344",
          "#8_4_25344",
          "#9_0_25344",
          "#9_2_25344",
          "#9_4_25344",
          "#6_18_25344",
          "#6_19_25344",
          "#6_20_25344",
          "#6_21_25344",
          "#6_22_25344",
          "#6_23_25344",
          "#7_18_25344",
          "#7_19_25344",
          "#7_20_25344",
          "#7_21_25344",
          "#7_22_25344",
          "#7_23_25344",
          "#8_0_25344",
          "#8_1_25344",
          "#8_2_25344",
          "#8_3_25344",
          "#8_4_25344",
          "#8_5_25344",
          "#9_0_25344",
          "#9_1_25344",
          "#9_2_25344",
          "#9_3_25344",
          "#9_4_25344",
          "#9_5_25344"
        ],
        [
          "#8_6_25344",
          "#8_8_25344",
          "#8_10_25344",
          "#8_12_25344",
          "#8_14_25344",
          "#9_6_25344",
          "#9_8_25344",
          "#9_10_25344",
          "#9_12_25344",
          "#9_14_25344",
          "#8_6_25344",
          "#8_7_25344",
          "#8_8_25344",
          "#8_9_25344",
          "#8_10_25344",
          "#8_11_25344",
          "#8_12_25344",
          "#8_13_25344",
          "#8_14_25344",
          "#8_15_25344",
          "#9_6_25344",
          "#9_7_25344",
          "#9_8_25344",
          "#9_9_25344",
          "#9_10_25344",
          "#9_11_25344",
          "#9_12_25344",
          "#9_13_25344",
          "#9_14_25344",
          "#9_15_25344"
        ],
        [
          "#8_16_25344",
          "#8_18_25344",
          "#9_16_25344",
          "#9_18_25344",
          "#8_16_25344",
          "#8_17_25344",
          "#8_18_25344",
          "#8_19_25344",
          "#9_16_25344",
          "#9_17_25344",
          "#9_18_25344",
          "#9_19_25344"
        ],
        [
          "#0_20_25344",
          "#0_22_25344",
          "#1_20_25344",
          "#1_22_25344",
          "#0_20_25344",
          "#0_21_25344",
          "#0_22_25344",
          "#0_23_25344",
          "#1_20_25344",
          "#1_21_25344",
          "#1_22_25344",
          "#1_23_25344"
        ],
        [
          "#8_20_25344",
          "#8_22_25344",
          "#9_20_25344",
          "#9_22_25344",
          "#8_20_25344",
          "#8_21_25344",
          "#8_22_25344",
          "#8_23_25344",
          "#9_20_25344",
          "#9_21_25344",
          "#9_22_25344",
          "#9_23_25344"
        ]
      ],
      "active": -1,
      "activeID": -1,
      "firstRun": true,
      "activePatternID": -1,
      "stop": false
    }
  },
  "layoutTable": {
    "type": 1,
    "row": 16,
    "col": 24,
    "idNum": 25344,
    "id": "#25344_table",
    "tiles": [
      [
        78424,
        78424,
        78424,
        78424,
        78424,
        78424,
        5198,
        5198,
        5198,
        5198,
        26356,
        26356,
        26356,
        26356,
        26356,
        26356,
        27517,
        27517,
        27517,
        27517,
        66829,
        66829,
        66829,
        66829
      ],
      [
        78424,
        78424,
        78424,
        78424,
        78424,
        78424,
        5198,
        5198,
        5198,
        5198,
        26356,
        26356,
        26356,
        26356,
        26356,
        26356,
        27517,
        27517,
        27517,
        27517,
        66829,
        66829,
        66829,
        66829
      ],
      [
        98130,
        98130,
        98130,
        98130,
        98130,
        98130,
        98130,
        98130,
        98130,
        98130,
        98130,
        98130,
        98130,
        98130,
        98130,
        98130,
        98130,
        98130,
        20273,
        20273,
        20273,
        20273,
        20273,
        20273
      ],
      [
        98130,
        98130,
        98130,
        98130,
        98130,
        98130,
        98130,
        98130,
        98130,
        98130,
        98130,
        98130,
        98130,
        98130,
        98130,
        98130,
        98130,
        98130,
        20273,
        20273,
        20273,
        20273,
        20273,
        20273
      ],
      [
        20273,
        20273,
        19301,
        19301,
        19301,
        19301,
        19301,
        19301,
        19301,
        19301,
        19301,
        19301,
        2827,
        2827,
        2827,
        2827,
        2827,
        2827,
        2827,
        2827,
        2827,
        2827,
        2827,
        2827
      ],
      [
        20273,
        20273,
        19301,
        19301,
        19301,
        19301,
        19301,
        19301,
        19301,
        19301,
        19301,
        19301,
        2827,
        2827,
        2827,
        2827,
        2827,
        2827,
        2827,
        2827,
        2827,
        2827,
        2827,
        2827
      ],
      [
        88940,
        88940,
        88940,
        88940,
        88940,
        88940,
        86930,
        86930,
        86930,
        86930,
        86930,
        86930,
        86930,
        86930,
        86930,
        86930,
        86930,
        86930,
        25694,
        25694,
        25694,
        25694,
        25694,
        25694
      ],
      [
        88940,
        88940,
        88940,
        88940,
        88940,
        88940,
        86930,
        86930,
        86930,
        86930,
        86930,
        86930,
        86930,
        86930,
        86930,
        86930,
        86930,
        86930,
        25694,
        25694,
        25694,
        25694,
        25694,
        25694
      ],
      [
        25694,
        25694,
        25694,
        25694,
        25694,
        25694,
        6344,
        6344,
        6344,
        6344,
        6344,
        6344,
        6344,
        6344,
        6344,
        6344,
        14274,
        14274,
        14274,
        14274,
        77734,
        77734,
        77734,
        77734
      ],
      [
        25694,
        25694,
        25694,
        25694,
        25694,
        25694,
        6344,
        6344,
        6344,
        6344,
        6344,
        6344,
        6344,
        6344,
        6344,
        6344,
        14274,
        14274,
        14274,
        14274,
        77734,
        77734,
        77734,
        77734
      ],
      [
        97131,
        97131,
        97131,
        97131,
        97131,
        97131,
        97131,
        97131,
        24719,
        24719,
        97131,
        97131,
        97131,
        97131,
        24719,
        24719,
        74265,
        74265,
        34639,
        34639,
        34639,
        34639,
        34639,
        34639
      ],
      [
        97131,
        97131,
        97131,
        97131,
        97131,
        97131,
        97131,
        97131,
        24719,
        24719,
        97131,
        97131,
        97131,
        97131,
        24719,
        24719,
        74265,
        74265,
        34639,
        34639,
        34639,
        34639,
        34639,
        34639
      ],
      [
        34639,
        34639,
        34639,
        34639,
        74265,
        74265,
        34639,
        34639,
        98944,
        98944,
        98944,
        98944,
        98944,
        98944,
        24719,
        24719,
        98944,
        98944,
        98944,
        98944,
        98944,
        98944,
        98944,
        98944
      ],
      [
        34639,
        34639,
        34639,
        34639,
        74265,
        74265,
        34639,
        34639,
        98944,
        98944,
        98944,
        98944,
        98944,
        98944,
        24719,
        24719,
        98944,
        98944,
        98944,
        98944,
        98944,
        98944,
        98944,
        98944
      ],
      [
        24719,
        24719,
        98944,
        98944,
        75119,
        75119,
        75119,
        75119,
        75119,
        75119,
        75119,
        75119,
        75119,
        75119,
        75119,
        75119,
        75119,
        75119,
        75119,
        75119,
        0,
        0,
        0,
        0
      ],
      [
        24719,
        24719,
        98944,
        98944,
        75119,
        75119,
        75119,
        75119,
        75119,
        75119,
        75119,
        75119,
        75119,
        75119,
        75119,
        75119,
        75119,
        75119,
        75119,
        75119,
        0,
        0,
        0,
        0
      ]
    ],
    "layoutTiles": [
      [
        48475,
        25812,
        48475,
        25812,
        48475,
        25812,
        48475,
        25812,
        48475,
        25812,
        48475,
        25812,
        48475,
        25812,
        48475,
        25812,
        48475,
        25812,
        48475,
        25812,
        48475,
        25812,
        48475,
        25812
      ],
      [
        48475,
        25812,
        48475,
        25812,
        48475,
        25812,
        48475,
        25812,
        48475,
        25812,
        48475,
        25812,
        48475,
        25812,
        48475,
        25812,
        48475,
        25812,
        48475,
        25812,
        48475,
        25812,
        48475,
        25812
      ],
      [
        48475,
        25812,
        48475,
        25812,
        48475,
        25812,
        48475,
        25812,
        48475,
        25812,
        48475,
        25812,
        48475,
        25812,
        48475,
        25812,
        48475,
        25812,
        48475,
        25812,
        48475,
        25812,
        48475,
        25812
      ],
      [
        48475,
        25812,
        48475,
        25812,
        48475,
        25812,
        48475,
        25812,
        48475,
        25812,
        48475,
        25812,
        48475,
        25812,
        48475,
        25812,
        48475,
        25812,
        48475,
        25812,
        48475,
        25812,
        48475,
        25812
      ],
      [
        48475,
        25812,
        48475,
        25812,
        48475,
        25812,
        48475,
        25812,
        48475,
        25812,
        48475,
        25812,
        48475,
        25812,
        48475,
        25812,
        48475,
        25812,
        48475,
        25812,
        48475,
        25812,
        48475,
        25812
      ],
      [
        48475,
        25812,
        48475,
        25812,
        48475,
        25812,
        48475,
        25812,
        48475,
        25812,
        48475,
        25812,
        48475,
        25812,
        48475,
        25812,
        48475,
        25812,
        48475,
        25812,
        48475,
        25812,
        48475,
        25812
      ],
      [
        48475,
        25812,
        48475,
        25812,
        48475,
        25812,
        48475,
        25812,
        48475,
        25812,
        48475,
        25812,
        48475,
        25812,
        48475,
        25812,
        48475,
        25812,
        48475,
        25812,
        48475,
        25812,
        48475,
        25812
      ],
      [
        48475,
        25812,
        48475,
        25812,
        48475,
        25812,
        48475,
        25812,
        48475,
        25812,
        48475,
        25812,
        48475,
        25812,
        48475,
        25812,
        48475,
        25812,
        48475,
        25812,
        48475,
        25812,
        48475,
        25812
      ],
      [
        48475,
        25812,
        48475,
        25812,
        48475,
        25812,
        48475,
        25812,
        48475,
        25812,
        48475,
        25812,
        48475,
        25812,
        48475,
        25812,
        48475,
        25812,
        48475,
        25812,
        48475,
        25812,
        48475,
        25812
      ],
      [
        48475,
        25812,
        48475,
        25812,
        48475,
        25812,
        48475,
        25812,
        48475,
        25812,
        48475,
        25812,
        48475,
        25812,
        48475,
        25812,
        48475,
        25812,
        48475,
        25812,
        48475,
        25812,
        48475,
        25812
      ],
      [
        48475,
        25812,
        48475,
        25812,
        48475,
        25812,
        48475,
        25812,
        48475,
        25812,
        48475,
        25812,
        48475,
        25812,
        48475,
        25812,
        48475,
        25812,
        48475,
        25812,
        48475,
        25812,
        48475,
        25812
      ],
      [
        48475,
        25812,
        48475,
        25812,
        48475,
        25812,
        48475,
        25812,
        48475,
        25812,
        48475,
        25812,
        48475,
        25812,
        48475,
        25812,
        48475,
        25812,
        48475,
        25812,
        48475,
        25812,
        48475,
        25812
      ],
      [
        48475,
        25812,
        48475,
        25812,
        48475,
        25812,
        48475,
        25812,
        48475,
        25812,
        48475,
        25812,
        48475,
        25812,
        48475,
        25812,
        48475,
        25812,
        48475,
        25812,
        48475,
        25812,
        48475,
        25812
      ],
      [
        48475,
        25812,
        48475,
        25812,
        48475,
        25812,
        48475,
        25812,
        48475,
        25812,
        48475,
        25812,
        48475,
        25812,
        48475,
        25812,
        48475,
        25812,
        48475,
        25812,
        48475,
        25812,
        48475,
        25812
      ],
      [
        48475,
        25812,
        48475,
        25812,
        48475,
        25812,
        48475,
        25812,
        48475,
        25812,
        48475,
        25812,
        48475,
        25812,
        48475,
        25812,
        48475,
        25812,
        48475,
        25812,
        0,
        0,
        0,
        0
      ],
      [
        48475,
        25812,
        48475,
        25812,
        48475,
        25812,
        48475,
        25812,
        48475,
        25812,
        48475,
        25812,
        48475,
        25812,
        48475,
        25812,
        48475,
        25812,
        48475,
        25812,
        0,
        0,
        0,
        0
      ]
    ],
    "replicateTiles": [
      [
        0,
        0,
        0,
        0,
        0,
        0,
        0,
        0,
        0,
        0,
        0,
        0,
        0,
        0,
        0,
        0,
        0,
        0,
        0,
        0,
        0,
        0,
        0,
        0
      ],
      [
        1,
        1,
        1,
        1,
        1,
        1,
        1,
        1,
        1,
        1,
        1,
        1,
        1,
        1,
        1,
        1,
        1,
        1,
        1,
        1,
        1,
        1,
        1,
        1
      ],
      [
        0,
        0,
        0,
        0,
        0,
        0,
        0,
        0,
        0,
        0,
        0,
        0,
        0,
        0,
        0,
        0,
        0,
        0,
        0,
        0,
        0,
        0,
        0,
        0
      ],
      [
        1,
        1,
        1,
        1,
        1,
        1,
        1,
        1,
        1,
        1,
        1,
        1,
        1,
        1,
        1,
        1,
        1,
        1,
        1,
        1,
        1,
        1,
        1,
        1
      ],
      [
        0,
        0,
        0,
        0,
        0,
        0,
        0,
        0,
        0,
        0,
        0,
        0,
        0,
        0,
        0,
        0,
        0,
        0,
        0,
        0,
        0,
        0,
        0,
        0
      ],
      [
        1,
        1,
        1,
        1,
        1,
        1,
        1,
        1,
        1,
        1,
        1,
        1,
        1,
        1,
        1,
        1,
        1,
        1,
        1,
        1,
        1,
        1,
        1,
        1
      ],
      [
        0,
        0,
        0,
        0,
        0,
        0,
        0,
        0,
        0,
        0,
        0,
        0,
        0,
        0,
        0,
        0,
        0,
        0,
        0,
        0,
        0,
        0,
        0,
        0
      ],
      [
        1,
        1,
        1,
        1,
        1,
        1,
        1,
        1,
        1,
        1,
        1,
        1,
        1,
        1,
        1,
        1,
        1,
        1,
        1,
        1,
        1,
        1,
        1,
        1
      ],
      [
        0,
        0,
        0,
        0,
        0,
        0,
        0,
        0,
        0,
        0,
        0,
        0,
        0,
        0,
        0,
        0,
        0,
        0,
        0,
        0,
        0,
        0,
        0,
        0
      ],
      [
        1,
        1,
        1,
        1,
        1,
        1,
        1,
        1,
        1,
        1,
        1,
        1,
        1,
        1,
        1,
        1,
        1,
        1,
        1,
        1,
        1,
        1,
        1,
        1
      ],
      [
        0,
        0,
        0,
        0,
        0,
        0,
        0,
        0,
        0,
        0,
        0,
        0,
        0,
        0,
        0,
        0,
        0,
        0,
        0,
        0,
        0,
        0,
        0,
        0
      ],
      [
        1,
        1,
        1,
        1,
        1,
        1,
        1,
        1,
        1,
        1,
        1,
        1,
        1,
        1,
        1,
        1,
        1,
        1,
        1,
        1,
        1,
        1,
        1,
        1
      ],
      [
        0,
        0,
        0,
        0,
        0,
        0,
        0,
        0,
        0,
        0,
        0,
        0,
        0,
        0,
        0,
        0,
        0,
        0,
        0,
        0,
        0,
        0,
        0,
        0
      ],
      [
        1,
        1,
        1,
        1,
        1,
        1,
        1,
        1,
        1,
        1,
        1,
        1,
        1,
        1,
        1,
        1,
        1,
        1,
        1,
        1,
        1,
        1,
        1,
        1
      ],
      [
        0,
        0,
        0,
        0,
        0,
        0,
        0,
        0,
        0,
        0,
        0,
        0,
        0,
        0,
        0,
        0,
        0,
        0,
        0,
        0,
        0,
        0,
        0,
        0
      ],
      [
        1,
        1,
        1,
        1,
        1,
        1,
        1,
        1,
        1,
        1,
        1,
        1,
        1,
        1,
        1,
        1,
        1,
        1,
        1,
        1,
        0,
        0,
        0,
        0
      ]
    ],
    "geneID": 25812,
    "nextLine": 15,
    "module": {
      "selector": "37_layout_module",
      "accordion": {
        "module": {
          "$ref": "#layoutTable.module"
        },
        "selector": "#37_layout_module_accordion"
      },
      "table": {
        "$ref": "#layoutTable"
      },
      "data": {
        "$ref": "#genes"
      },
      "dataID": {
        "100009": 0,
        "48475": 1,
        "25812": 2
      },
      "dataIndex": {
        "0": 100009,
        "1": 48475,
        "2": 25812
      },
      "claimedTiles": [
        [],
        [],
        []
      ],
      "layoutTiles": [
        [],
        [],
        []
      ],
      "active": 2,
      "activeID": -1,
      "firstRun": true,
      "activePatternID": 25812,
      "stop": false,
      "activeElement": {
        "$ref": "#genes.2"
      }
    }
  },
  "exclusionsTable": {
    "type": 1,
    "row": 16,
    "col": 24,
    "idNum": 25000,
    "id": "#25000_table",
    "tiles": [
      [
        0,
        0,
        0,
        0,
        0,
        0,
        0,
        0,
        0,
        0,
        0,
        0,
        0,
        0,
        0,
        0,
        0,
        0,
        0,
        0,
        0,
        0,
        0,
        0
      ],
      [
        0,
        0,
        0,
        0,
        0,
        0,
        0,
        0,
        0,
        0,
        0,
        0,
        0,
        0,
        0,
        0,
        0,
        0,
        0,
        0,
        0,
        0,
        0,
        0
      ],
      [
        0,
        0,
        0,
        0,
        0,
        0,
        0,
        0,
        0,
        0,
        0,
        0,
        0,
        0,
        0,
        0,
        0,
        0,
        0,
        0,
        0,
        0,
        0,
        0
      ],
      [
        0,
        0,
        0,
        0,
        0,
        0,
        0,
        0,
        0,
        0,
        0,
        0,
        0,
        0,
        0,
        0,
        0,
        0,
        0,
        0,
        0,
        0,
        0,
        0
      ],
      [
        0,
        0,
        0,
        0,
        0,
        0,
        0,
        0,
        0,
        0,
        0,
        0,
        0,
        0,
        0,
        0,
        0,
        0,
        0,
        0,
        0,
        0,
        0,
        0
      ],
      [
        0,
        0,
        0,
        0,
        0,
        0,
        0,
        0,
        0,
        0,
        0,
        0,
        0,
        0,
        0,
        0,
        0,
        0,
        0,
        0,
        0,
        0,
        0,
        0
      ],
      [
        0,
        0,
        0,
        0,
        0,
        0,
        0,
        0,
        0,
        0,
        0,
        0,
        0,
        0,
        0,
        0,
        0,
        0,
        0,
        0,
        0,
        0,
        0,
        0
      ],
      [
        0,
        0,
        0,
        0,
        0,
        0,
        0,
        0,
        0,
        0,
        0,
        0,
        0,
        0,
        0,
        0,
        0,
        0,
        0,
        0,
        0,
        0,
        0,
        0
      ],
      [
        0,
        0,
        0,
        0,
        0,
        0,
        0,
        0,
        0,
        0,
        0,
        0,
        0,
        0,
        0,
        0,
        0,
        0,
        0,
        0,
        0,
        0,
        0,
        0
      ],
      [
        0,
        0,
        0,
        0,
        0,
        0,
        0,
        0,
        0,
        0,
        0,
        0,
        0,
        0,
        0,
        0,
        0,
        0,
        0,
        0,
        0,
        0,
        0,
        0
      ],
      [
        0,
        0,
        0,
        0,
        0,
        0,
        0,
        0,
        0,
        0,
        0,
        0,
        0,
        0,
        0,
        0,
        0,
        0,
        0,
        0,
        0,
        0,
        0,
        0
      ],
      [
        0,
        0,
        0,
        0,
        0,
        0,
        0,
        0,
        0,
        0,
        0,
        0,
        0,
        0,
        0,
        0,
        0,
        0,
        0,
        0,
        0,
        0,
        0,
        0
      ],
      [
        0,
        0,
        0,
        0,
        0,
        0,
        0,
        0,
        0,
        0,
        0,
        0,
        0,
        0,
        0,
        0,
        0,
        0,
        0,
        0,
        0,
        0,
        0,
        0
      ],
      [
        0,
        0,
        0,
        0,
        0,
        0,
        0,
        0,
        0,
        0,
        0,
        0,
        0,
        0,
        0,
        0,
        0,
        0,
        0,
        0,
        0,
        0,
        0,
        0
      ],
      [
        0,
        0,
        0,
        0,
        0,
        0,
        0,
        0,
        0,
        0,
        0,
        0,
        0,
        0,
        0,
        0,
        0,
        0,
        0,
        0,
        0,
        0,
        0,
        0
      ],
      [
        0,
        0,
        0,
        0,
        0,
        0,
        0,
        0,
        0,
        0,
        0,
        0,
        0,
        0,
        0,
        0,
        0,
        0,
        0,
        0,
        0,
        0,
        0,
        0
      ]
    ],
    "layoutTiles": [
      [
        0,
        0,
        0,
        0,
        0,
        0,
        0,
        0,
        0,
        0,
        0,
        0,
        0,
        0,
        0,
        0,
        0,
        0,
        0,
        0,
        0,
        0,
        0,
        0
      ],
      [
        0,
        0,
        0,
        0,
        0,
        0,
        0,
        0,
        0,
        0,
        0,
        0,
        0,
        0,
        0,
        0,
        0,
        0,
        0,
        0,
        0,
        0,
        0,
        0
      ],
      [
        0,
        0,
        0,
        0,
        0,
        0,
        0,
        0,
        0,
        0,
        0,
        0,
        0,
        0,
        0,
        0,
        0,
        0,
        0,
        0,
        0,
        0,
        0,
        0
      ],
      [
        0,
        0,
        0,
        0,
        0,
        0,
        0,
        0,
        0,
        0,
        0,
        0,
        0,
        0,
        0,
        0,
        0,
        0,
        0,
        0,
        0,
        0,
        0,
        0
      ],
      [
        0,
        0,
        0,
        0,
        0,
        0,
        0,
        0,
        0,
        0,
        0,
        0,
        0,
        0,
        0,
        0,
        0,
        0,
        0,
        0,
        0,
        0,
        0,
        0
      ],
      [
        0,
        0,
        0,
        0,
        0,
        0,
        0,
        0,
        0,
        0,
        0,
        0,
        0,
        0,
        0,
        0,
        0,
        0,
        0,
        0,
        0,
        0,
        0,
        0
      ],
      [
        0,
        0,
        0,
        0,
        0,
        0,
        0,
        0,
        0,
        0,
        0,
        0,
        0,
        0,
        0,
        0,
        0,
        0,
        0,
        0,
        0,
        0,
        0,
        0
      ],
      [
        0,
        0,
        0,
        0,
        0,
        0,
        0,
        0,
        0,
        0,
        0,
        0,
        0,
        0,
        0,
        0,
        0,
        0,
        0,
        0,
        0,
        0,
        0,
        0
      ],
      [
        0,
        0,
        0,
        0,
        0,
        0,
        0,
        0,
        0,
        0,
        0,
        0,
        0,
        0,
        0,
        0,
        0,
        0,
        0,
        0,
        0,
        0,
        0,
        0
      ],
      [
        0,
        0,
        0,
        0,
        0,
        0,
        0,
        0,
        0,
        0,
        0,
        0,
        0,
        0,
        0,
        0,
        0,
        0,
        0,
        0,
        0,
        0,
        0,
        0
      ],
      [
        0,
        0,
        0,
        0,
        0,
        0,
        0,
        0,
        0,
        0,
        0,
        0,
        0,
        0,
        0,
        0,
        0,
        0,
        0,
        0,
        0,
        0,
        0,
        0
      ],
      [
        0,
        0,
        0,
        0,
        0,
        0,
        0,
        0,
        0,
        0,
        0,
        0,
        0,
        0,
        0,
        0,
        0,
        0,
        0,
        0,
        0,
        0,
        0,
        0
      ],
      [
        0,
        0,
        0,
        0,
        0,
        0,
        0,
        0,
        0,
        0,
        0,
        0,
        0,
        0,
        0,
        0,
        0,
        0,
        0,
        0,
        0,
        0,
        0,
        0
      ],
      [
        0,
        0,
        0,
        0,
        0,
        0,
        0,
        0,
        0,
        0,
        0,
        0,
        0,
        0,
        0,
        0,
        0,
        0,
        0,
        0,
        0,
        0,
        0,
        0
      ],
      [
        0,
        0,
        0,
        0,
        0,
        0,
        0,
        0,
        0,
        0,
        0,
        0,
        0,
        0,
        0,
        0,
        0,
        0,
        0,
        0,
        0,
        0,
        0,
        0
      ],
      [
        0,
        0,
        0,
        0,
        0,
        0,
        0,
        0,
        0,
        0,
        0,
        0,
        0,
        0,
        0,
        0,
        0,
        0,
        0,
        0,
        0,
        0,
        0,
        0
      ]
    ],
    "replicateTiles": [
      [
        0,
        0,
        0,
        0,
        0,
        0,
        0,
        0,
        0,
        0,
        0,
        0,
        0,
        0,
        0,
        0,
        0,
        0,
        0,
        0,
        0,
        0,
        0,
        0
      ],
      [
        0,
        0,
        0,
        0,
        0,
        0,
        0,
        0,
        0,
        0,
        0,
        0,
        0,
        0,
        0,
        0,
        0,
        0,
        0,
        0,
        0,
        0,
        0,
        0
      ],
      [
        0,
        0,
        0,
        0,
        0,
        0,
        0,
        0,
        0,
        0,
        0,
        0,
        0,
        0,
        0,
        0,
        0,
        0,
        0,
        0,
        0,
        0,
        0,
        0
      ],
      [
        0,
        0,
        0,
        0,
        0,
        0,
        0,
        0,
        0,
        0,
        0,
        0,
        0,
        0,
        0,
        0,
        0,
        0,
        0,
        0,
        0,
        0,
        0,
        0
      ],
      [
        0,
        0,
        0,
        0,
        0,
        0,
        0,
        0,
        0,
        0,
        0,
        0,
        0,
        0,
        0,
        0,
        0,
        0,
        0,
        0,
        0,
        0,
        0,
        0
      ],
      [
        0,
        0,
        0,
        0,
        0,
        0,
        0,
        0,
        0,
        0,
        0,
        0,
        0,
        0,
        0,
        0,
        0,
        0,
        0,
        0,
        0,
        0,
        0,
        0
      ],
      [
        0,
        0,
        0,
        0,
        0,
        0,
        0,
        0,
        0,
        0,
        0,
        0,
        0,
        0,
        0,
        0,
        0,
        0,
        0,
        0,
        0,
        0,
        0,
        0
      ],
      [
        0,
        0,
        0,
        0,
        0,
        0,
        0,
        0,
        0,
        0,
        0,
        0,
        0,
        0,
        0,
        0,
        0,
        0,
        0,
        0,
        0,
        0,
        0,
        0
      ],
      [
        0,
        0,
        0,
        0,
        0,
        0,
        0,
        0,
        0,
        0,
        0,
        0,
        0,
        0,
        0,
        0,
        0,
        0,
        0,
        0,
        0,
        0,
        0,
        0
      ],
      [
        0,
        0,
        0,
        0,
        0,
        0,
        0,
        0,
        0,
        0,
        0,
        0,
        0,
        0,
        0,
        0,
        0,
        0,
        0,
        0,
        0,
        0,
        0,
        0
      ],
      [
        0,
        0,
        0,
        0,
        0,
        0,
        0,
        0,
        0,
        0,
        0,
        0,
        0,
        0,
        0,
        0,
        0,
        0,
        0,
        0,
        0,
        0,
        0,
        0
      ],
      [
        0,
        0,
        0,
        0,
        0,
        0,
        0,
        0,
        0,
        0,
        0,
        0,
        0,
        0,
        0,
        0,
        0,
        0,
        0,
        0,
        0,
        0,
        0,
        0
      ],
      [
        0,
        0,
        0,
        0,
        0,
        0,
        0,
        0,
        0,
        0,
        0,
        0,
        0,
        0,
        0,
        0,
        0,
        0,
        0,
        0,
        0,
        0,
        0,
        0
      ],
      [
        0,
        0,
        0,
        0,
        0,
        0,
        0,
        0,
        0,
        0,
        0,
        0,
        0,
        0,
        0,
        0,
        0,
        0,
        0,
        0,
        0,
        0,
        0,
        0
      ],
      [
        0,
        0,
        0,
        0,
        0,
        0,
        0,
        0,
        0,
        0,
        0,
        0,
        0,
        0,
        0,
        0,
        0,
        0,
        0,
        0,
        0,
        0,
        0,
        0
      ],
      [
        0,
        0,
        0,
        0,
        0,
        0,
        0,
        0,
        0,
        0,
        0,
        0,
        0,
        0,
        0,
        0,
        0,
        0,
        0,
        0,
        0,
        0,
        0,
        0
      ]
    ],
    "geneID": -1,
    "nextLine": 0,
    "module": {
      "selector": "49_exclusions_module",
      "table": {
        "$ref": "#exclusionsTable"
      },
      "data": [
        {
          "id": 42837,
          "name": "Exclusion 0",
          "type": 1,
          "controlID": -1,
          "color": "eb6767"
        }
      ],
      "dataID": {
        "42837": 0
      },
      "dataIndex": {
        "0": 42837
      },
      "claimedTiles": [
        []
      ],
      "layoutTiles": [
        []
      ],
      "active": -1,
      "activeID": -1,
      "firstRun": true,
      "activePatternID": -1,
      "stop": false,
      "hue": 105,
      "activeElement": {
        "$ref": "#exclusionsTable.module.data.0"
      },
      "refresh": true
    }
  },
  "calculationsTable": {
    "type": 1,
    "row": 16,
    "col": 24,
    "idNum": 55926,
    "id": "#55926_table",
    "tiles": [
      [
        0,
        0,
        0,
        0,
        0,
        0,
        0,
        0,
        0,
        0,
        0,
        0,
        0,
        0,
        0,
        0,
        0,
        0,
        0,
        0,
        0,
        0,
        0,
        0
      ],
      [
        0,
        0,
        0,
        0,
        0,
        0,
        0,
        0,
        0,
        0,
        0,
        0,
        0,
        0,
        0,
        0,
        0,
        0,
        0,
        0,
        0,
        0,
        0,
        0
      ],
      [
        0,
        0,
        0,
        0,
        0,
        0,
        0,
        0,
        0,
        0,
        0,
        0,
        0,
        0,
        0,
        0,
        0,
        0,
        0,
        0,
        0,
        0,
        0,
        0
      ],
      [
        0,
        0,
        0,
        0,
        0,
        0,
        0,
        0,
        0,
        0,
        0,
        0,
        0,
        0,
        0,
        0,
        0,
        0,
        0,
        0,
        0,
        0,
        0,
        0
      ],
      [
        0,
        0,
        0,
        0,
        0,
        0,
        0,
        0,
        0,
        0,
        0,
        0,
        0,
        0,
        0,
        0,
        0,
        0,
        0,
        0,
        0,
        0,
        0,
        0
      ],
      [
        0,
        0,
        0,
        0,
        0,
        0,
        0,
        0,
        0,
        0,
        0,
        0,
        0,
        0,
        0,
        0,
        0,
        0,
        0,
        0,
        0,
        0,
        0,
        0
      ],
      [
        0,
        0,
        0,
        0,
        0,
        0,
        0,
        0,
        0,
        0,
        0,
        0,
        0,
        0,
        0,
        0,
        0,
        0,
        0,
        0,
        0,
        0,
        0,
        0
      ],
      [
        0,
        0,
        0,
        0,
        0,
        0,
        0,
        0,
        0,
        0,
        0,
        0,
        0,
        0,
        0,
        0,
        0,
        0,
        0,
        0,
        0,
        0,
        0,
        0
      ],
      [
        0,
        0,
        0,
        0,
        0,
        0,
        0,
        0,
        0,
        0,
        0,
        0,
        0,
        0,
        0,
        0,
        0,
        0,
        0,
        0,
        0,
        0,
        0,
        0
      ],
      [
        0,
        0,
        0,
        0,
        0,
        0,
        0,
        0,
        0,
        0,
        0,
        0,
        0,
        0,
        0,
        0,
        0,
        0,
        0,
        0,
        0,
        0,
        0,
        0
      ],
      [
        0,
        0,
        0,
        0,
        0,
        0,
        0,
        0,
        0,
        0,
        0,
        0,
        0,
        0,
        0,
        0,
        0,
        0,
        0,
        0,
        0,
        0,
        0,
        0
      ],
      [
        0,
        0,
        0,
        0,
        0,
        0,
        0,
        0,
        0,
        0,
        0,
        0,
        0,
        0,
        0,
        0,
        0,
        0,
        0,
        0,
        0,
        0,
        0,
        0
      ],
      [
        0,
        0,
        0,
        0,
        0,
        0,
        0,
        0,
        0,
        0,
        0,
        0,
        0,
        0,
        0,
        0,
        0,
        0,
        0,
        0,
        0,
        0,
        0,
        0
      ],
      [
        0,
        0,
        0,
        0,
        0,
        0,
        0,
        0,
        0,
        0,
        0,
        0,
        0,
        0,
        0,
        0,
        0,
        0,
        0,
        0,
        0,
        0,
        0,
        0
      ],
      [
        0,
        0,
        0,
        0,
        0,
        0,
        0,
        0,
        0,
        0,
        0,
        0,
        0,
        0,
        0,
        0,
        0,
        0,
        0,
        0,
        0,
        0,
        0,
        0
      ],
      [
        0,
        0,
        0,
        0,
        0,
        0,
        0,
        0,
        0,
        0,
        0,
        0,
        0,
        0,
        0,
        0,
        0,
        0,
        0,
        0,
        0,
        0,
        0,
        0
      ]
    ],
    "layoutTiles": [
      [
        0,
        0,
        0,
        0,
        0,
        0,
        0,
        0,
        0,
        0,
        0,
        0,
        0,
        0,
        0,
        0,
        0,
        0,
        0,
        0,
        0,
        0,
        0,
        0
      ],
      [
        0,
        0,
        0,
        0,
        0,
        0,
        0,
        0,
        0,
        0,
        0,
        0,
        0,
        0,
        0,
        0,
        0,
        0,
        0,
        0,
        0,
        0,
        0,
        0
      ],
      [
        0,
        0,
        0,
        0,
        0,
        0,
        0,
        0,
        0,
        0,
        0,
        0,
        0,
        0,
        0,
        0,
        0,
        0,
        0,
        0,
        0,
        0,
        0,
        0
      ],
      [
        0,
        0,
        0,
        0,
        0,
        0,
        0,
        0,
        0,
        0,
        0,
        0,
        0,
        0,
        0,
        0,
        0,
        0,
        0,
        0,
        0,
        0,
        0,
        0
      ],
      [
        0,
        0,
        0,
        0,
        0,
        0,
        0,
        0,
        0,
        0,
        0,
        0,
        0,
        0,
        0,
        0,
        0,
        0,
        0,
        0,
        0,
        0,
        0,
        0
      ],
      [
        0,
        0,
        0,
        0,
        0,
        0,
        0,
        0,
        0,
        0,
        0,
        0,
        0,
        0,
        0,
        0,
        0,
        0,
        0,
        0,
        0,
        0,
        0,
        0
      ],
      [
        0,
        0,
        0,
        0,
        0,
        0,
        0,
        0,
        0,
        0,
        0,
        0,
        0,
        0,
        0,
        0,
        0,
        0,
        0,
        0,
        0,
        0,
        0,
        0
      ],
      [
        0,
        0,
        0,
        0,
        0,
        0,
        0,
        0,
        0,
        0,
        0,
        0,
        0,
        0,
        0,
        0,
        0,
        0,
        0,
        0,
        0,
        0,
        0,
        0
      ],
      [
        0,
        0,
        0,
        0,
        0,
        0,
        0,
        0,
        0,
        0,
        0,
        0,
        0,
        0,
        0,
        0,
        0,
        0,
        0,
        0,
        0,
        0,
        0,
        0
      ],
      [
        0,
        0,
        0,
        0,
        0,
        0,
        0,
        0,
        0,
        0,
        0,
        0,
        0,
        0,
        0,
        0,
        0,
        0,
        0,
        0,
        0,
        0,
        0,
        0
      ],
      [
        0,
        0,
        0,
        0,
        0,
        0,
        0,
        0,
        0,
        0,
        0,
        0,
        0,
        0,
        0,
        0,
        0,
        0,
        0,
        0,
        0,
        0,
        0,
        0
      ],
      [
        0,
        0,
        0,
        0,
        0,
        0,
        0,
        0,
        0,
        0,
        0,
        0,
        0,
        0,
        0,
        0,
        0,
        0,
        0,
        0,
        0,
        0,
        0,
        0
      ],
      [
        0,
        0,
        0,
        0,
        0,
        0,
        0,
        0,
        0,
        0,
        0,
        0,
        0,
        0,
        0,
        0,
        0,
        0,
        0,
        0,
        0,
        0,
        0,
        0
      ],
      [
        0,
        0,
        0,
        0,
        0,
        0,
        0,
        0,
        0,
        0,
        0,
        0,
        0,
        0,
        0,
        0,
        0,
        0,
        0,
        0,
        0,
        0,
        0,
        0
      ],
      [
        0,
        0,
        0,
        0,
        0,
        0,
        0,
        0,
        0,
        0,
        0,
        0,
        0,
        0,
        0,
        0,
        0,
        0,
        0,
        0,
        0,
        0,
        0,
        0
      ],
      [
        0,
        0,
        0,
        0,
        0,
        0,
        0,
        0,
        0,
        0,
        0,
        0,
        0,
        0,
        0,
        0,
        0,
        0,
        0,
        0,
        0,
        0,
        0,
        0
      ]
    ],
    "replicateTiles": [
      [
        0,
        0,
        0,
        0,
        0,
        0,
        0,
        0,
        0,
        0,
        0,
        0,
        0,
        0,
        0,
        0,
        0,
        0,
        0,
        0,
        0,
        0,
        0,
        0
      ],
      [
        0,
        0,
        0,
        0,
        0,
        0,
        0,
        0,
        0,
        0,
        0,
        0,
        0,
        0,
        0,
        0,
        0,
        0,
        0,
        0,
        0,
        0,
        0,
        0
      ],
      [
        0,
        0,
        0,
        0,
        0,
        0,
        0,
        0,
        0,
        0,
        0,
        0,
        0,
        0,
        0,
        0,
        0,
        0,
        0,
        0,
        0,
        0,
        0,
        0
      ],
      [
        0,
        0,
        0,
        0,
        0,
        0,
        0,
        0,
        0,
        0,
        0,
        0,
        0,
        0,
        0,
        0,
        0,
        0,
        0,
        0,
        0,
        0,
        0,
        0
      ],
      [
        0,
        0,
        0,
        0,
        0,
        0,
        0,
        0,
        0,
        0,
        0,
        0,
        0,
        0,
        0,
        0,
        0,
        0,
        0,
        0,
        0,
        0,
        0,
        0
      ],
      [
        0,
        0,
        0,
        0,
        0,
        0,
        0,
        0,
        0,
        0,
        0,
        0,
        0,
        0,
        0,
        0,
        0,
        0,
        0,
        0,
        0,
        0,
        0,
        0
      ],
      [
        0,
        0,
        0,
        0,
        0,
        0,
        0,
        0,
        0,
        0,
        0,
        0,
        0,
        0,
        0,
        0,
        0,
        0,
        0,
        0,
        0,
        0,
        0,
        0
      ],
      [
        0,
        0,
        0,
        0,
        0,
        0,
        0,
        0,
        0,
        0,
        0,
        0,
        0,
        0,
        0,
        0,
        0,
        0,
        0,
        0,
        0,
        0,
        0,
        0
      ],
      [
        0,
        0,
        0,
        0,
        0,
        0,
        0,
        0,
        0,
        0,
        0,
        0,
        0,
        0,
        0,
        0,
        0,
        0,
        0,
        0,
        0,
        0,
        0,
        0
      ],
      [
        0,
        0,
        0,
        0,
        0,
        0,
        0,
        0,
        0,
        0,
        0,
        0,
        0,
        0,
        0,
        0,
        0,
        0,
        0,
        0,
        0,
        0,
        0,
        0
      ],
      [
        0,
        0,
        0,
        0,
        0,
        0,
        0,
        0,
        0,
        0,
        0,
        0,
        0,
        0,
        0,
        0,
        0,
        0,
        0,
        0,
        0,
        0,
        0,
        0
      ],
      [
        0,
        0,
        0,
        0,
        0,
        0,
        0,
        0,
        0,
        0,
        0,
        0,
        0,
        0,
        0,
        0,
        0,
        0,
        0,
        0,
        0,
        0,
        0,
        0
      ],
      [
        0,
        0,
        0,
        0,
        0,
        0,
        0,
        0,
        0,
        0,
        0,
        0,
        0,
        0,
        0,
        0,
        0,
        0,
        0,
        0,
        0,
        0,
        0,
        0
      ],
      [
        0,
        0,
        0,
        0,
        0,
        0,
        0,
        0,
        0,
        0,
        0,
        0,
        0,
        0,
        0,
        0,
        0,
        0,
        0,
        0,
        0,
        0,
        0,
        0
      ],
      [
        0,
        0,
        0,
        0,
        0,
        0,
        0,
        0,
        0,
        0,
        0,
        0,
        0,
        0,
        0,
        0,
        0,
        0,
        0,
        0,
        0,
        0,
        0,
        0
      ],
      [
        0,
        0,
        0,
        0,
        0,
        0,
        0,
        0,
        0,
        0,
        0,
        0,
        0,
        0,
        0,
        0,
        0,
        0,
        0,
        0,
        0,
        0,
        0,
        0
      ]
    ],
    "geneID": -1,
    "nextLine": 0
  },
  "template": {
    "$ref": "#templateTable.module"
  },
  "layout": {
    "$ref": "#layoutTable.module"
  },
  "exclusion": {
    "$ref": "#exclusionsTable.module"
  },
  "tableType": 1,
  "data": {},
  "colorArray": [
    "ff9999",
    "9a94eb",
    "ffff33",
    "66ccff",
    "cc6600",
    "669900",
    "6633ff",
    "e01b4c",
    "1be07e",
    "e0bc1b",
    "1b30bc",
    "a41bbc",
    "bcb91b",
    "8c551b",
    "4ce01b",
    "7e1be0",
    "1be0bc",
    "bc1b30",
    "bca41b",
    "1bbcb9",
    "9fc83f",
    "99ff99",
    "eb9a94",
    "33ffff",
    "ff66cc",
    "00cc66",
    "026699",
    "ff6633"
  ],
  "colorIndex": 2,
  "groupIndex": 23,
  "geneIndex": 3
}