<?xml version="1.0" encoding="ISO-8859-1"?>

	
<sitemesh>
    <property name="decorators-file" value="/WEB-INF/decorators.xml" />
	<excludes file="/WEB-INF/excludes.xml" />
    <page-parsers>
        <parser content-type="text/html"
            class="com.opensymphony.module.sitemesh.parser.FastPageParser" />
        <parser content-type="text/html;charset=ISO-8859-1"
            class="com.opensymphony.module.sitemesh.parser.FastPageParser" />
    </page-parsers>

    <decorator-mappers>
        <mapper class="com.opensymphony.module.sitemesh.mapper.ConfigDecoratorMapper">
            <param name="config" value="${decorators-file}" />
        </mapper>
    </decorator-mappers>
</sitemesh>